customer_id,product_id,product_category,product_price,views,cart_additions,purchases,previous_purchases
1173,P058,Fitness,2533.51,8,0,0,16
1052,P059,Stationery,331.95,7,0,0,7
1001,P045,Home,2987.24,0,0,0,7
1180,P032,Books,485.18,12,1,1,2
1079,P022,Fitness,1891.11,5,1,0,6
1078,P063,Home,3080.28,4,0,0,16
1115,P007,Electronics,3609.79,4,0,0,13
1091,P017,Stationery,163.26,12,2,1,14
1006,P023,Stationery,524.92,5,1,0,10
1112,P056,Books,337.37,11,3,1,11
1020,P044,Books,713.75,4,0,0,4
1034,P034,Fitness,2273.57,12,1,0,2
1075,P029,Stationery,604.58,0,0,0,8
1162,P033,Home,410.99,3,0,0,2
1077,P053,Stationery,637.33,1,0,0,8
1156,P034,Fitness,2273.57,8,2,0,2
1078,P051,Home,2867.98,7,0,0,16
1084,P019,Electronics,1029.98,6,0,0,5
1028,P036,Accessories,760.81,11,1,0,2
1065,P049,Electronics,1744.32,5,0,0,15
1168,P055,Electronics,1535.83,3,0,0,16
1086,P063,Home,3080.28,8,2,1,6
1041,P042,Accessories,1972.06,4,1,1,13
1004,P010,Fitness,2770.64,0,0,0,18
1143,P023,Stationery,524.92,0,0,0,15
1139,P022,Fitness,1891.11,4,1,1,9
1117,P039,Home,1725.83,0,0,0,15
1014,P012,Accessories,265.26,6,1,0,13
1060,P060,Accessories,1460.29,0,0,0,17
1066,P069,Home,1429.77,4,0,0,5
1078,P037,Electronics,3281.37,3,0,0,16
1179,P069,Home,1429.77,0,0,0,13
1023,P062,Books,1040.4,0,0,0,14
1032,P008,Books,848.01,6,0,0,12
1080,P037,Electronics,3281.37,5,1,0,1
1025,P034,Fitness,2273.57,4,0,1,9
1097,P031,Electronics,2153.69,2,0,0,17
1139,P006,Accessories,557.61,5,0,0,9
1064,P024,Accessories,647.01,9,0,0,7
1066,P044,Books,713.75,1,0,1,5
1073,P068,Books,876.08,8,1,0,0
1104,P053,Stationery,637.33,5,2,1,5
1172,P034,Fitness,2273.57,11,1,0,3
1176,P014,Books,504.47,8,2,0,11
1013,P056,Books,337.37,8,1,1,10
1034,P044,Books,713.75,10,0,0,2
1120,P031,Electronics,2153.69,9,0,0,5
1105,P035,Stationery,475.01,5,0,0,2
1084,P020,Books,720.24,12,2,0,5
1131,P041,Stationery,126.65,7,3,0,16
1172,P045,Home,2987.24,6,0,0,3
1150,P028,Fitness,2582.27,1,0,0,1
1135,P020,Books,720.24,5,0,0,7
1124,P038,Books,718.93,2,0,0,9
1040,P052,Fitness,2479.62,4,2,0,1
1142,P025,Electronics,2901.54,3,0,0,11
1028,P037,Electronics,3281.37,2,0,0,2
1032,P026,Books,474.39,8,0,0,12
1162,P071,Stationery,577.39,1,1,1,2
1015,P028,Fitness,2582.27,2,1,1,12
1117,P008,Books,848.01,15,0,0,15
1074,P067,Electronics,737.99,14,4,1,9
1069,P050,Books,1014.13,6,0,0,12
1077,P017,Stationery,163.26,7,1,0,8
1067,P060,Accessories,1460.29,1,0,0,6
1014,P071,Stationery,577.39,5,0,1,13
1021,P038,Books,718.93,1,0,0,15
1068,P010,Fitness,2770.64,7,0,0,16
1113,P058,Fitness,2533.51,8,1,0,4
1025,P044,Books,713.75,2,0,0,9
1090,P014,Books,504.47,5,0,0,18
1044,P068,Books,876.08,6,1,0,13
1049,P009,Home,2296.2,5,0,0,2
1042,P019,Electronics,1029.98,1,0,0,18
1015,P024,Accessories,647.01,8,0,0,12
1143,P001,Electronics,1591.46,11,2,1,15
1072,P033,Home,410.99,6,0,0,4
1081,P068,Books,876.08,1,0,0,1
1098,P071,Stationery,577.39,11,1,1,4
1154,P025,Electronics,2901.54,8,3,0,6
1156,P019,Electronics,1029.98,1,0,0,2
1012,P064,Fitness,2745.27,5,1,0,0
1006,P064,Fitness,2745.27,5,1,0,10
1050,P014,Books,504.47,4,0,0,12
1149,P057,Home,2818.36,6,0,0,9
1050,P039,Home,1725.83,6,1,0,12
1138,P024,Accessories,647.01,5,0,0,18
1096,P022,Fitness,1891.11,0,0,0,7
1022,P062,Books,1040.4,4,0,0,8
1053,P025,Electronics,2901.54,1,0,0,1
1063,P048,Accessories,498.52,5,0,0,10
1080,P017,Stationery,163.26,5,0,0,1
1126,P033,Home,410.99,2,0,0,0
1163,P020,Books,720.24,5,0,0,12
1025,P057,Home,2818.36,4,0,0,9
1093,P029,Stationery,604.58,0,0,0,0
1054,P028,Fitness,2582.27,5,1,1,9
1144,P025,Electronics,2901.54,6,0,0,15
1025,P061,Electronics,1198.66,9,1,0,9
1157,P035,Stationery,475.01,13,3,0,9
1055,P037,Electronics,3281.37,9,1,0,4
1102,P053,Stationery,637.33,3,0,1,14
1088,P007,Electronics,3609.79,13,2,1,12
1044,P052,Fitness,2479.62,9,0,0,13
1104,P046,Fitness,1839.77,15,4,0,5
1046,P043,Electronics,3858.95,5,1,1,14
1052,P021,Home,1244.28,5,0,0,7
1081,P054,Accessories,659.65,11,4,1,1
1130,P021,Home,1244.28,12,3,0,16
1002,P065,Stationery,582.68,8,0,0,4
1115,P062,Books,1040.4,14,2,0,13
1005,P004,Fitness,2522.32,0,0,0,18
1041,P014,Books,504.47,5,0,1,13
1095,P066,Accessories,1968.76,11,2,0,18
1129,P030,Accessories,429.98,8,1,0,7
1056,P008,Books,848.01,1,0,0,7
1032,P049,Electronics,1744.32,5,0,0,12
1168,P060,Accessories,1460.29,13,3,1,16
1088,P063,Home,3080.28,0,0,1,12
1155,P057,Home,2818.36,6,0,0,5
1064,P046,Fitness,1839.77,5,1,0,7
1129,P044,Books,713.75,5,0,0,7
1125,P066,Accessories,1968.76,4,0,0,13
1014,P044,Books,713.75,4,0,0,13
1069,P033,Home,410.99,5,0,0,12
1114,P067,Electronics,737.99,14,3,0,3
1024,P042,Accessories,1972.06,15,6,1,8
1045,P039,Home,1725.83,0,0,0,1
1135,P030,Accessories,429.98,0,0,0,7
1144,P009,Home,2296.2,4,0,0,15
1136,P054,Accessories,659.65,2,0,0,9
1133,P001,Electronics,1591.46,4,0,0,0
1072,P068,Books,876.08,5,0,0,4
1046,P010,Fitness,2770.64,6,0,0,14
1096,P065,Stationery,582.68,14,2,0,7
1081,P028,Fitness,2582.27,7,0,0,1
1176,P021,Home,1244.28,5,1,1,11
1079,P021,Home,1244.28,4,0,0,6
1177,P014,Books,504.47,5,0,0,11
1129,P052,Fitness,2479.62,4,0,0,7
1060,P067,Electronics,737.99,3,0,0,17
1165,P024,Accessories,647.01,6,0,0,13
1131,P055,Electronics,1535.83,4,0,0,16
1140,P001,Electronics,1591.46,5,0,0,13
1079,P048,Accessories,498.52,2,0,0,6
1065,P061,Electronics,1198.66,1,0,0,15
1112,P063,Home,3080.28,4,0,0,11
1087,P057,Home,2818.36,4,0,0,14
1127,P011,Stationery,485.47,0,0,0,14
1051,P053,Stationery,637.33,3,0,0,18
1040,P047,Stationery,171.82,8,0,0,1
1141,P062,Books,1040.4,7,0,0,14
1127,P046,Fitness,1839.77,1,0,0,14
1006,P019,Electronics,1029.98,6,0,0,10
1013,P005,Stationery,309.11,4,0,0,10
1176,P056,Books,337.37,6,1,0,11
1168,P004,Fitness,2522.32,1,1,1,16
1131,P061,Electronics,1198.66,6,1,0,16
1059,P010,Fitness,2770.64,10,1,0,1
1085,P013,Electronics,3550.72,5,0,0,4
1162,P015,Home,2456.51,8,0,0,2
1121,P009,Home,2296.2,8,0,0,4
1073,P028,Fitness,2582.27,5,0,0,0
1111,P023,Stationery,524.92,0,0,1,15
1066,P005,Stationery,309.11,12,0,0,5
1176,P069,Home,1429.77,0,0,0,11
1174,P005,Stationery,309.11,6,1,0,4
1086,P045,Home,2987.24,9,1,0,6
1109,P041,Stationery,126.65,9,2,1,17
1160,P044,Books,713.75,11,0,1,5
1047,P028,Fitness,2582.27,6,0,0,3
1060,P023,Stationery,524.92,0,0,0,17
1166,P059,Stationery,331.95,0,0,0,12
1131,P063,Home,3080.28,4,0,0,16
1016,P067,Electronics,737.99,1,0,0,6
1051,P048,Accessories,498.52,5,0,0,18
1007,P004,Fitness,2522.32,10,2,0,17
1083,P016,Fitness,2659.54,6,0,0,1
1175,P021,Home,1244.28,7,1,0,18
1032,P064,Fitness,2745.27,0,0,0,12
1022,P051,Home,2867.98,13,0,1,8
1055,P060,Accessories,1460.29,10,0,0,4
1007,P018,Accessories,475.09,0,0,0,17
1171,P045,Home,2987.24,2,0,0,2
1062,P007,Electronics,3609.79,9,0,0,10
1109,P069,Home,1429.77,6,0,0,17
1060,P016,Fitness,2659.54,0,0,0,17
1007,P055,Electronics,1535.83,2,0,0,17
1062,P059,Stationery,331.95,5,0,1,10
1073,P040,Fitness,522.24,8,3,1,0
1038,P029,Stationery,604.58,5,2,0,8
1111,P041,Stationery,126.65,4,0,0,15
1121,P041,Stationery,126.65,1,0,1,4
1101,P025,Electronics,2901.54,7,0,1,18
1001,P068,Books,876.08,0,0,0,7
1084,P029,Stationery,604.58,3,1,0,5
1052,P029,Stationery,604.58,7,1,0,7
1118,P016,Fitness,2659.54,3,0,0,9
1172,P070,Fitness,2640.88,9,0,0,3
1111,P028,Fitness,2582.27,3,1,0,15
1136,P032,Books,485.18,3,0,0,9
1079,P032,Books,485.18,7,0,0,6
1133,P067,Electronics,737.99,0,0,0,0
1023,P058,Fitness,2533.51,0,0,0,14
1176,P023,Stationery,524.92,1,0,0,11
1039,P067,Electronics,737.99,9,0,0,12
1086,P019,Electronics,1029.98,7,0,0,6
1004,P059,Stationery,331.95,2,0,0,18
1145,P011,Stationery,485.47,8,2,0,17
1147,P018,Accessories,475.09,4,0,0,13
1165,P033,Home,410.99,6,0,0,13
1019,P026,Books,474.39,5,0,0,1
1056,P025,Electronics,2901.54,3,1,0,7
1150,P041,Stationery,126.65,1,0,0,1
1106,P061,Electronics,1198.66,14,3,0,17
1100,P040,Fitness,522.24,7,0,0,14
1031,P056,Books,337.37,0,0,0,7
1176,P013,Electronics,3550.72,13,3,1,11
1079,P061,Electronics,1198.66,3,0,0,6
1115,P009,Home,2296.2,8,0,0,13
1088,P001,Electronics,1591.46,14,3,0,12
1071,P043,Electronics,3858.95,8,0,1,7
1010,P036,Accessories,760.81,6,0,0,5
1120,P027,Home,1914.45,1,0,0,5
1114,P020,Books,720.24,0,0,0,3
1170,P058,Fitness,2533.51,13,0,0,16
1019,P067,Electronics,737.99,9,2,1,1
1012,P059,Stationery,331.95,2,0,0,0
1019,P063,Home,3080.28,11,1,1,1
1154,P058,Fitness,2533.51,3,0,0,6
1022,P061,Electronics,1198.66,3,0,0,8
1132,P046,Fitness,1839.77,9,1,0,13
1040,P021,Home,1244.28,4,0,0,1
1046,P028,Fitness,2582.27,5,0,0,14
1039,P031,Electronics,2153.69,6,1,0,12
1106,P070,Fitness,2640.88,11,1,0,17
1053,P035,Stationery,475.01,4,0,0,1
1121,P046,Fitness,1839.77,8,1,0,4
1151,P024,Accessories,647.01,1,0,0,16
1096,P042,Accessories,1972.06,2,0,0,7
1161,P032,Books,485.18,0,0,1,15
1128,P035,Stationery,475.01,4,0,0,6
1091,P040,Fitness,522.24,0,0,0,14
1050,P018,Accessories,475.09,0,0,1,12
1138,P044,Books,713.75,0,0,0,18
1096,P058,Fitness,2533.51,1,0,0,7
1175,P024,Accessories,647.01,3,0,0,18
1014,P040,Fitness,522.24,11,2,1,13
1082,P042,Accessories,1972.06,3,0,0,14
1121,P053,Stationery,637.33,4,0,0,4
1157,P018,Accessories,475.09,5,0,0,9
1147,P066,Accessories,1968.76,3,0,1,13
1017,P058,Fitness,2533.51,9,3,0,12
1153,P015,Home,2456.51,0,0,0,2
1038,P006,Accessories,557.61,9,2,0,8
1107,P047,Stationery,171.82,2,0,0,3
1087,P031,Electronics,2153.69,7,0,1,14
1018,P040,Fitness,522.24,5,0,0,14
1042,P070,Fitness,2640.88,6,1,0,18
1007,P057,Home,2818.36,0,0,0,17
1110,P064,Fitness,2745.27,0,0,0,11
1004,P067,Electronics,737.99,13,0,0,18
1122,P008,Books,848.01,8,2,0,1
1051,P069,Home,1429.77,4,1,1,18
1026,P063,Home,3080.28,4,1,0,17
1146,P051,Home,2867.98,14,1,1,15
1012,P067,Electronics,737.99,0,0,0,0
1129,P009,Home,2296.2,3,0,0,7
1082,P015,Home,2456.51,4,1,0,14
1120,P012,Accessories,265.26,6,0,1,5
1014,P069,Home,1429.77,3,1,0,13
1037,P004,Fitness,2522.32,0,0,0,2
1061,P048,Accessories,498.52,3,0,0,13
1102,P043,Electronics,3858.95,2,0,0,14
1175,P055,Electronics,1535.83,0,0,0,18
1045,P052,Fitness,2479.62,8,1,0,1
1025,P026,Books,474.39,0,0,0,9
1005,P046,Fitness,1839.77,1,0,1,18
1154,P002,Books,1043.27,1,0,1,6
1042,P071,Stationery,577.39,5,0,0,18
1126,P022,Fitness,1891.11,3,1,0,0
1098,P062,Books,1040.4,0,0,0,4
1050,P026,Books,474.39,1,0,0,12
1038,P036,Accessories,760.81,12,2,0,8
1073,P038,Books,718.93,9,1,0,0
1021,P062,Books,1040.4,4,0,0,15
1084,P036,Accessories,760.81,8,1,1,5
1070,P058,Fitness,2533.51,7,0,1,3
1123,P028,Fitness,2582.27,3,1,0,4
1074,P029,Stationery,604.58,6,0,0,9
1157,P069,Home,1429.77,0,0,0,9
1001,P014,Books,504.47,7,1,0,7
1029,P055,Electronics,1535.83,0,0,1,10
1054,P065,Stationery,582.68,2,1,0,9
1037,P041,Stationery,126.65,5,0,0,2
1098,P060,Accessories,1460.29,0,0,0,4
1015,P072,Accessories,1934.92,6,1,1,12
1004,P065,Stationery,582.68,2,0,1,18
1173,P042,Accessories,1972.06,3,0,0,16
1088,P003,Home,3130.68,4,0,0,12
1065,P025,Electronics,2901.54,5,0,1,15
1029,P067,Electronics,737.99,8,0,0,10
1095,P072,Accessories,1934.92,5,0,1,18
1103,P068,Books,876.08,7,0,0,15
1119,P053,Stationery,637.33,14,1,0,3
1082,P069,Home,1429.77,4,0,0,14
1149,P037,Electronics,3281.37,5,1,0,9
1043,P005,Stationery,309.11,3,0,0,15
1007,P030,Accessories,429.98,7,0,1,17
1056,P048,Accessories,498.52,0,0,0,7
1080,P059,Stationery,331.95,5,1,0,1
1028,P045,Home,2987.24,6,0,1,2
1024,P011,Stationery,485.47,3,1,1,8
1098,P013,Electronics,3550.72,3,0,0,4
1144,P030,Accessories,429.98,3,0,0,15
1170,P067,Electronics,737.99,6,0,1,16
1006,P070,Fitness,2640.88,0,0,0,10
1138,P005,Stationery,309.11,5,1,1,18
1080,P045,Home,2987.24,4,1,1,1
1144,P031,Electronics,2153.69,2,0,0,15
1149,P036,Accessories,760.81,13,3,0,9
1008,P002,Books,1043.27,5,0,0,12
1076,P032,Books,485.18,0,0,0,12
1165,P016,Fitness,2659.54,5,0,0,13
1116,P048,Accessories,498.52,12,0,1,4
1100,P062,Books,1040.4,5,1,0,14
1086,P065,Stationery,582.68,13,1,1,6
1111,P047,Stationery,171.82,6,0,0,15
1091,P012,Accessories,265.26,5,0,0,14
1113,P017,Stationery,163.26,0,0,0,4
1062,P013,Electronics,3550.72,9,1,0,10
1137,P017,Stationery,163.26,13,0,1,2
1177,P071,Stationery,577.39,1,0,0,11
1084,P049,Electronics,1744.32,0,0,0,5
1137,P049,Electronics,1744.32,1,0,0,2
1114,P049,Electronics,1744.32,15,1,0,3
1117,P072,Accessories,1934.92,9,0,0,15
1180,P072,Accessories,1934.92,4,0,0,2
1009,P042,Accessories,1972.06,1,0,0,15
1041,P025,Electronics,2901.54,7,0,0,13
1068,P050,Books,1014.13,0,0,1,16
1107,P041,Stationery,126.65,0,0,0,3
1028,P029,Stationery,604.58,8,1,1,2
1092,P022,Fitness,1891.11,0,0,0,7
1058,P036,Accessories,760.81,4,0,0,6
1178,P055,Electronics,1535.83,11,1,0,11
1177,P050,Books,1014.13,4,1,0,11
1034,P027,Home,1914.45,8,0,0,2
1044,P002,Books,1043.27,6,0,0,13
1068,P033,Home,410.99,12,2,0,16
1082,P027,Home,1914.45,6,0,0,14
1161,P071,Stationery,577.39,15,2,0,15
1118,P047,Stationery,171.82,1,0,0,9
1158,P063,Home,3080.28,5,0,0,6
1128,P047,Stationery,171.82,4,0,0,6
1153,P037,Electronics,3281.37,6,0,0,2
1130,P025,Electronics,2901.54,7,0,1,16
1152,P002,Books,1043.27,4,0,1,11
1039,P063,Home,3080.28,3,0,0,12
1085,P044,Books,713.75,0,0,0,4
1068,P014,Books,504.47,3,2,1,16
1159,P016,Fitness,2659.54,1,0,0,17
1085,P001,Electronics,1591.46,6,2,0,4
1066,P058,Fitness,2533.51,2,0,0,5
1025,P031,Electronics,2153.69,8,0,0,9
1152,P029,Stationery,604.58,7,0,0,11
1135,P035,Stationery,475.01,3,1,0,7
1070,P019,Electronics,1029.98,7,1,1,3
1168,P059,Stationery,331.95,10,1,0,16
1041,P068,Books,876.08,9,2,0,13
1089,P072,Accessories,1934.92,1,0,0,17
1122,P043,Electronics,3858.95,14,2,0,1
1041,P008,Books,848.01,2,0,0,13
1109,P045,Home,2987.24,0,0,0,17
1110,P061,Electronics,1198.66,12,2,0,11
1028,P015,Home,2456.51,1,0,0,2
1067,P024,Accessories,647.01,6,0,0,6
1076,P025,Electronics,2901.54,2,0,0,12
1125,P004,Fitness,2522.32,13,4,0,13
1055,P059,Stationery,331.95,11,1,0,4
1017,P067,Electronics,737.99,0,0,0,12
1036,P043,Electronics,3858.95,2,0,0,4
1014,P014,Books,504.47,8,0,0,13
1075,P069,Home,1429.77,3,0,0,8
1144,P049,Electronics,1744.32,4,0,0,15
1003,P024,Accessories,647.01,5,0,0,0
1019,P053,Stationery,637.33,6,0,1,1
1170,P027,Home,1914.45,11,1,1,16
1035,P019,Electronics,1029.98,3,1,0,9
1172,P031,Electronics,2153.69,2,1,0,3
1056,P046,Fitness,1839.77,7,0,0,7
1120,P054,Accessories,659.65,2,0,0,5
1068,P057,Home,2818.36,5,1,0,16
1013,P001,Electronics,1591.46,4,0,0,10
1043,P039,Home,1725.83,6,1,0,15
1177,P006,Accessories,557.61,0,0,0,11
1146,P042,Accessories,1972.06,3,0,0,15
1057,P006,Accessories,557.61,9,0,0,16
1132,P022,Fitness,1891.11,7,1,0,13
1091,P065,Stationery,582.68,9,1,0,14
1165,P058,Fitness,2533.51,4,0,0,13
1093,P051,Home,2867.98,3,0,0,0
1054,P034,Fitness,2273.57,2,0,0,9
1101,P066,Accessories,1968.76,14,1,0,18
1001,P007,Electronics,3609.79,6,0,0,7
1061,P001,Electronics,1591.46,1,0,1,13
1067,P029,Stationery,604.58,13,2,0,6
1130,P047,Stationery,171.82,5,1,0,16
1052,P040,Fitness,522.24,14,4,1,7
1143,P031,Electronics,2153.69,3,1,1,15
1130,P007,Electronics,3609.79,14,0,0,16
1059,P026,Books,474.39,2,0,0,1
1061,P037,Electronics,3281.37,2,0,0,13
1058,P001,Electronics,1591.46,0,0,0,6
1143,P007,Electronics,3609.79,8,2,1,15
1029,P071,Stationery,577.39,5,1,0,10
1075,P037,Electronics,3281.37,4,0,0,8
1036,P015,Home,2456.51,0,0,0,4
1017,P049,Electronics,1744.32,6,1,0,12
1008,P001,Electronics,1591.46,8,2,1,12
1079,P054,Accessories,659.65,4,0,0,6
1136,P062,Books,1040.4,1,0,0,9
1128,P054,Accessories,659.65,6,0,0,6
1160,P023,Stationery,524.92,5,0,1,5
1115,P070,Fitness,2640.88,7,1,1,13
1133,P039,Home,1725.83,3,0,1,0
1074,P005,Stationery,309.11,1,0,0,9
1051,P016,Fitness,2659.54,9,0,0,18
1171,P056,Books,337.37,7,2,1,2
1021,P059,Stationery,331.95,1,0,0,15
1096,P072,Accessories,1934.92,4,0,0,7
1012,P066,Accessories,1968.76,5,1,0,0
1011,P020,Books,720.24,2,0,0,1
1030,P042,Accessories,1972.06,6,2,1,14
1055,P011,Stationery,485.47,4,0,1,4
1072,P027,Home,1914.45,6,0,0,4
1075,P024,Accessories,647.01,4,0,1,8
1170,P043,Electronics,3858.95,1,1,1,16
1072,P016,Fitness,2659.54,4,0,0,4
1161,P015,Home,2456.51,6,0,0,15
1090,P020,Books,720.24,2,0,0,18
1094,P024,Accessories,647.01,6,0,1,15
1057,P016,Fitness,2659.54,0,0,0,16
1126,P017,Stationery,163.26,3,0,0,0
1082,P019,Electronics,1029.98,3,0,0,14
1026,P047,Stationery,171.82,2,0,0,17
1159,P028,Fitness,2582.27,2,0,0,17
1027,P058,Fitness,2533.51,7,0,0,14
1068,P017,Stationery,163.26,14,3,1,16
1057,P005,Stationery,309.11,7,0,0,16
1120,P069,Home,1429.77,3,0,0,5
1127,P028,Fitness,2582.27,6,0,1,14
1095,P063,Home,3080.28,5,1,1,18
1028,P062,Books,1040.4,0,0,0,2
1004,P007,Electronics,3609.79,9,2,0,18
1020,P023,Stationery,524.92,7,0,0,4
1059,P041,Stationery,126.65,6,0,0,1
1066,P031,Electronics,2153.69,8,0,1,5
1168,P065,Stationery,582.68,3,1,0,16
1167,P025,Electronics,2901.54,15,4,1,4
1104,P008,Books,848.01,5,2,0,5
1120,P028,Fitness,2582.27,2,0,0,5
1101,P044,Books,713.75,0,0,0,18
1138,P029,Stationery,604.58,0,0,1,18
1086,P024,Accessories,647.01,0,0,0,6
1025,P063,Home,3080.28,4,0,1,9
1022,P056,Books,337.37,4,0,0,8
1122,P012,Accessories,265.26,4,0,0,1
1041,P035,Stationery,475.01,9,0,1,13
1057,P004,Fitness,2522.32,3,0,0,16
1153,P052,Fitness,2479.62,2,0,1,2
1044,P030,Accessories,429.98,5,0,1,13
1087,P065,Stationery,582.68,3,0,0,14
1061,P054,Accessories,659.65,6,0,1,13
1058,P044,Books,713.75,0,0,0,6
1018,P035,Stationery,475.01,7,2,0,14
1071,P037,Electronics,3281.37,5,1,0,7
1132,P025,Electronics,2901.54,1,0,0,13
1096,P050,Books,1014.13,9,0,0,7
1026,P015,Home,2456.51,3,0,0,17
1002,P024,Accessories,647.01,1,0,0,4
1128,P006,Accessories,557.61,1,0,0,6
1048,P027,Home,1914.45,5,1,0,15
1107,P002,Books,1043.27,5,0,0,3
1076,P058,Fitness,2533.51,9,0,0,12
1128,P030,Accessories,429.98,2,0,0,6
1178,P056,Books,337.37,2,0,0,11
1026,P051,Home,2867.98,4,0,0,17
1059,P028,Fitness,2582.27,7,4,1,1
1173,P021,Home,1244.28,3,0,1,16
1146,P072,Accessories,1934.92,4,0,0,15
1171,P068,Books,876.08,12,1,1,2
1039,P001,Electronics,1591.46,9,0,1,12
1118,P050,Books,1014.13,13,3,0,9
1149,P021,Home,1244.28,5,0,0,9
1024,P029,Stationery,604.58,1,0,0,8
1059,P003,Home,3130.68,4,1,0,1
1044,P017,Stationery,163.26,6,1,1,13
1116,P070,Fitness,2640.88,7,0,1,4
1032,P040,Fitness,522.24,5,1,1,12
1036,P044,Books,713.75,11,2,0,4
1021,P021,Home,1244.28,2,0,1,15
1151,P008,Books,848.01,10,0,0,16
1076,P039,Home,1725.83,0,0,0,12
1085,P010,Fitness,2770.64,6,0,1,4
1026,P035,Stationery,475.01,6,0,0,17
1057,P012,Accessories,265.26,6,2,1,16
1098,P063,Home,3080.28,7,1,0,4
1029,P012,Accessories,265.26,14,3,0,10
1020,P055,Electronics,1535.83,15,1,1,4
1150,P071,Stationery,577.39,5,0,0,1
1144,P005,Stationery,309.11,5,0,0,15
1052,P026,Books,474.39,0,0,1,7
1081,P058,Fitness,2533.51,1,0,0,1
1111,P006,Accessories,557.61,6,2,1,15
1108,P039,Home,1725.83,1,0,0,14
1056,P069,Home,1429.77,11,2,0,7
1005,P058,Fitness,2533.51,5,1,0,18
1017,P021,Home,1244.28,12,0,0,12
1064,P032,Books,485.18,4,1,1,7
1105,P031,Electronics,2153.69,0,0,0,2
1081,P070,Fitness,2640.88,7,0,0,1
1005,P038,Books,718.93,2,1,1,18
1095,P041,Stationery,126.65,9,1,1,18
1148,P024,Accessories,647.01,15,1,0,16
1055,P048,Accessories,498.52,10,1,1,4
1048,P047,Stationery,171.82,4,0,0,15
1024,P003,Home,3130.68,2,0,0,8
1125,P008,Books,848.01,7,0,0,13
1111,P069,Home,1429.77,0,0,0,15
1035,P061,Electronics,1198.66,1,1,1,9
1155,P050,Books,1014.13,5,1,0,5
1127,P051,Home,2867.98,5,0,0,14
1068,P065,Stationery,582.68,7,0,1,16
1010,P035,Stationery,475.01,9,1,1,5
1123,P030,Accessories,429.98,11,1,0,4
1021,P026,Books,474.39,6,1,0,15
1025,P039,Home,1725.83,5,1,0,9
1134,P024,Accessories,647.01,4,0,0,8
1055,P009,Home,2296.2,4,0,0,4
1077,P022,Fitness,1891.11,11,1,1,8
1157,P036,Accessories,760.81,4,2,1,9
1126,P010,Fitness,2770.64,3,0,0,0
1008,P069,Home,1429.77,0,0,0,12
1027,P030,Accessories,429.98,0,0,0,14
1048,P061,Electronics,1198.66,3,0,0,15
1019,P021,Home,1244.28,10,0,0,1
1117,P069,Home,1429.77,7,0,0,15
1165,P031,Electronics,2153.69,2,1,0,13
1131,P034,Fitness,2273.57,5,0,0,16
1028,P032,Books,485.18,6,0,0,2
1059,P033,Home,410.99,7,1,0,1
1097,P001,Electronics,1591.46,0,0,0,17
1016,P062,Books,1040.4,10,1,1,6
1173,P031,Electronics,2153.69,3,0,1,16
1099,P051,Home,2867.98,1,0,0,16
1084,P063,Home,3080.28,2,0,0,5
1031,P019,Electronics,1029.98,12,1,1,7
1073,P048,Accessories,498.52,4,0,0,0
1116,P002,Books,1043.27,4,0,1,4
1128,P027,Home,1914.45,6,0,0,6
1179,P030,Accessories,429.98,8,0,0,13
1136,P003,Home,3130.68,1,0,0,9
1117,P044,Books,713.75,12,2,0,15
1146,P027,Home,1914.45,6,1,1,15
1043,P037,Electronics,3281.37,6,0,0,15
1148,P044,Books,713.75,7,1,0,16
1129,P017,Stationery,163.26,5,1,0,7
1060,P054,Accessories,659.65,0,0,0,17
1163,P014,Books,504.47,3,1,0,12
1171,P057,Home,2818.36,2,0,0,2
1150,P005,Stationery,309.11,2,0,0,1
1098,P019,Electronics,1029.98,2,0,0,4
1009,P028,Fitness,2582.27,2,0,0,15
1021,P065,Stationery,582.68,5,0,0,15
1157,P031,Electronics,2153.69,0,0,0,9
1127,P001,Electronics,1591.46,10,5,0,14
1113,P002,Books,1043.27,0,0,0,4
1026,P031,Electronics,2153.69,5,1,0,17
1128,P070,Fitness,2640.88,0,0,0,6
1156,P064,Fitness,2745.27,5,0,0,2
1086,P011,Stationery,485.47,10,1,1,6
1110,P069,Home,1429.77,1,0,0,11
1092,P044,Books,713.75,9,0,0,7
1115,P046,Fitness,1839.77,16,2,0,13
1009,P018,Accessories,475.09,0,0,0,15
1021,P002,Books,1043.27,5,0,1,15
1118,P023,Stationery,524.92,3,0,0,9
1130,P013,Electronics,3550.72,10,1,0,16
1050,P032,Books,485.18,1,0,0,12
1093,P032,Books,485.18,7,0,0,0
1088,P057,Home,2818.36,1,0,0,12
1103,P029,Stationery,604.58,0,0,0,15
1044,P001,Electronics,1591.46,6,0,0,13
1053,P030,Accessories,429.98,0,0,0,1
1076,P068,Books,876.08,6,0,0,12
1114,P037,Electronics,3281.37,10,2,0,3
1002,P061,Electronics,1198.66,9,1,0,4
1104,P050,Books,1014.13,2,0,0,5
1051,P029,Stationery,604.58,6,1,0,18
1107,P026,Books,474.39,8,1,0,3
1007,P010,Fitness,2770.64,10,0,0,17
1170,P006,Accessories,557.61,5,1,1,16
1089,P049,Electronics,1744.32,6,1,0,17
1121,P014,Books,504.47,4,1,0,4
1176,P072,Accessories,1934.92,0,0,0,11
1097,P060,Accessories,1460.29,10,1,1,17
1016,P003,Home,3130.68,2,0,0,6
1066,P066,Accessories,1968.76,0,0,0,5
1140,P049,Electronics,1744.32,3,1,0,13
1164,P051,Home,2867.98,4,0,0,1
1159,P052,Fitness,2479.62,3,0,0,17
1111,P003,Home,3130.68,2,0,0,15
1114,P048,Accessories,498.52,7,3,0,3
1059,P006,Accessories,557.61,5,1,0,1
1144,P016,Fitness,2659.54,4,0,0,15
1031,P070,Fitness,2640.88,1,0,0,7
1084,P045,Home,2987.24,2,0,0,5
1092,P021,Home,1244.28,2,0,0,7
1052,P069,Home,1429.77,6,0,1,7
1089,P071,Stationery,577.39,5,0,0,17
1137,P028,Fitness,2582.27,8,0,0,2
1164,P039,Home,1725.83,4,0,0,1
1081,P026,Books,474.39,8,2,1,1
1162,P014,Books,504.47,4,0,0,2
1124,P064,Fitness,2745.27,4,0,0,9
1001,P035,Stationery,475.01,5,0,0,7
1048,P025,Electronics,2901.54,9,1,0,15
1058,P055,Electronics,1535.83,0,0,0,6
1056,P006,Accessories,557.61,4,0,0,7
1082,P067,Electronics,737.99,0,0,0,14
1087,P045,Home,2987.24,5,0,0,14
1112,P054,Accessories,659.65,0,0,0,11
1042,P033,Home,410.99,1,0,0,18
1180,P055,Electronics,1535.83,2,0,1,2
1041,P011,Stationery,485.47,10,1,1,13
1033,P018,Accessories,475.09,5,0,0,0
1152,P005,Stationery,309.11,6,0,0,11
1077,P047,Stationery,171.82,1,0,0,8
1119,P042,Accessories,1972.06,2,0,0,3
1130,P067,Electronics,737.99,8,1,0,16
1008,P025,Electronics,2901.54,14,3,1,12
1069,P001,Electronics,1591.46,4,1,0,12
1008,P029,Stationery,604.58,3,0,0,12
1034,P061,Electronics,1198.66,2,0,0,2
1167,P004,Fitness,2522.32,5,1,0,4
1102,P068,Books,876.08,0,0,0,14
1163,P022,Fitness,1891.11,13,0,1,12
1070,P024,Accessories,647.01,2,0,0,3
1002,P072,Accessories,1934.92,4,0,0,4
1017,P051,Home,2867.98,12,3,0,12
1153,P048,Accessories,498.52,13,0,1,2
1049,P018,Accessories,475.09,6,1,0,2
1150,P067,Electronics,737.99,1,0,0,1
1035,P053,Stationery,637.33,6,1,1,9
1125,P033,Home,410.99,0,0,0,13
1006,P043,Electronics,3858.95,13,1,0,10
1105,P067,Electronics,737.99,6,3,1,2
1024,P035,Stationery,475.01,6,0,0,8
1053,P037,Electronics,3281.37,5,1,0,1
1037,P011,Stationery,485.47,6,2,0,2
1049,P004,Fitness,2522.32,4,0,0,2
1037,P036,Accessories,760.81,4,0,0,2
1097,P053,Stationery,637.33,2,0,0,17
1128,P049,Electronics,1744.32,10,0,0,6
1040,P072,Accessories,1934.92,0,0,0,1
1035,P041,Stationery,126.65,0,0,0,9
1101,P071,Stationery,577.39,3,0,0,18
1098,P046,Fitness,1839.77,9,0,0,4
1137,P009,Home,2296.2,7,1,0,2
1012,P042,Accessories,1972.06,7,0,0,0
1020,P029,Stationery,604.58,7,0,0,4
1129,P020,Books,720.24,4,0,0,7
1042,P013,Electronics,3550.72,5,1,1,18
1075,P050,Books,1014.13,11,3,1,8
1026,P049,Electronics,1744.32,10,0,1,17
1064,P020,Books,720.24,5,0,0,7
1076,P043,Electronics,3858.95,8,0,0,12
1031,P047,Stationery,171.82,9,0,0,7
1134,P050,Books,1014.13,17,3,1,8
1166,P056,Books,337.37,4,0,0,12
1154,P033,Home,410.99,9,0,0,6
1088,P070,Fitness,2640.88,8,0,1,12
1062,P055,Electronics,1535.83,10,0,1,10
1114,P064,Fitness,2745.27,4,0,0,3
1141,P041,Stationery,126.65,13,1,1,14
1148,P033,Home,410.99,5,0,0,16
1094,P014,Books,504.47,8,2,0,15
1075,P062,Books,1040.4,6,0,0,8
1134,P052,Fitness,2479.62,9,0,0,8
1108,P017,Stationery,163.26,12,0,1,14
1019,P003,Home,3130.68,9,1,0,1
1179,P061,Electronics,1198.66,10,0,1,13
1074,P057,Home,2818.36,1,0,0,9
1124,P004,Fitness,2522.32,0,0,0,9
1111,P066,Accessories,1968.76,9,1,0,15
1102,P018,Accessories,475.09,2,0,0,14
1034,P050,Books,1014.13,3,0,1,2
1158,P004,Fitness,2522.32,5,0,0,6
1060,P053,Stationery,637.33,5,0,1,17
1107,P018,Accessories,475.09,10,0,0,3
1089,P059,Stationery,331.95,2,0,0,17
1179,P044,Books,713.75,8,0,0,13
1117,P031,Electronics,2153.69,1,0,0,15
1043,P050,Books,1014.13,3,0,1,15
1171,P032,Books,485.18,11,2,1,2
1142,P031,Electronics,2153.69,6,2,0,11
1165,P065,Stationery,582.68,12,1,0,13
1071,P028,Fitness,2582.27,6,0,0,7
1174,P064,Fitness,2745.27,0,0,0,4
1173,P024,Accessories,647.01,2,0,1,16
1040,P058,Fitness,2533.51,6,0,0,1
1172,P051,Home,2867.98,4,0,0,3
1079,P062,Books,1040.4,1,0,0,6
1073,P013,Electronics,3550.72,2,1,0,0
1116,P016,Fitness,2659.54,5,0,0,4
1033,P029,Stationery,604.58,4,0,0,0
1127,P009,Home,2296.2,2,0,0,14
1138,P052,Fitness,2479.62,5,0,0,18
1127,P015,Home,2456.51,1,0,0,14
1021,P007,Electronics,3609.79,9,0,1,15
1091,P069,Home,1429.77,3,0,0,14
1115,P040,Fitness,522.24,5,0,0,13
1014,P043,Electronics,3858.95,4,0,0,13
1043,P058,Fitness,2533.51,12,2,0,15
1047,P059,Stationery,331.95,8,1,0,3
1138,P049,Electronics,1744.32,13,0,1,18
1022,P002,Books,1043.27,0,0,0,8
1024,P066,Accessories,1968.76,8,0,0,8
1129,P022,Fitness,1891.11,0,0,0,7
1116,P018,Accessories,475.09,4,2,1,4
1099,P031,Electronics,2153.69,2,0,0,16
1070,P002,Books,1043.27,8,0,0,3
1018,P053,Stationery,637.33,3,0,0,14
1101,P053,Stationery,637.33,6,0,0,18
1067,P038,Books,718.93,3,0,0,6
1136,P043,Electronics,3858.95,10,2,1,9
1163,P046,Fitness,1839.77,14,4,0,12
1157,P007,Electronics,3609.79,0,0,1,9
1054,P041,Stationery,126.65,3,0,0,9
1011,P009,Home,2296.2,4,0,0,1
1022,P053,Stationery,637.33,0,0,0,8
1167,P008,Books,848.01,5,0,0,4
1098,P020,Books,720.24,0,0,0,4
1143,P071,Stationery,577.39,6,0,0,15
1038,P070,Fitness,2640.88,2,0,0,8
1069,P026,Books,474.39,2,0,0,12
1001,P036,Accessories,760.81,7,1,0,7
1033,P064,Fitness,2745.27,3,0,0,0
1060,P015,Home,2456.51,5,1,1,17
1046,P005,Stationery,309.11,3,0,1,14
1170,P068,Books,876.08,3,0,0,16
1126,P066,Accessories,1968.76,4,1,0,0
1076,P033,Home,410.99,5,0,0,12
1028,P063,Home,3080.28,3,0,0,2
1013,P069,Home,1429.77,0,0,0,10
1027,P006,Accessories,557.61,3,0,0,14
1007,P032,Books,485.18,4,0,0,17
1175,P054,Accessories,659.65,7,0,0,18
1135,P022,Fitness,1891.11,14,3,1,7
1131,P069,Home,1429.77,4,0,1,16
1111,P046,Fitness,1839.77,6,0,1,15
1126,P018,Accessories,475.09,14,0,1,0
1043,P044,Books,713.75,2,0,0,15
1090,P067,Electronics,737.99,8,2,1,18
1083,P030,Accessories,429.98,0,0,1,1
1150,P026,Books,474.39,11,2,0,1
1154,P022,Fitness,1891.11,2,0,0,6
1020,P026,Books,474.39,1,0,0,4
1159,P046,Fitness,1839.77,0,0,0,17
1171,P009,Home,2296.2,3,0,0,2
1062,P009,Home,2296.2,6,0,1,10
1101,P003,Home,3130.68,10,0,0,18
1020,P049,Electronics,1744.32,12,2,0,4
1054,P064,Fitness,2745.27,4,1,0,9
1089,P057,Home,2818.36,14,1,1,17
1086,P060,Accessories,1460.29,4,0,0,6
1015,P022,Fitness,1891.11,9,1,0,12
1033,P056,Books,337.37,10,0,0,0
1072,P008,Books,848.01,4,0,0,4
1093,P024,Accessories,647.01,5,0,0,0
1110,P056,Books,337.37,8,0,0,11
1081,P069,Home,1429.77,2,0,0,1
1178,P036,Accessories,760.81,3,0,0,11
1127,P057,Home,2818.36,6,2,0,14
1102,P021,Home,1244.28,5,1,0,14
1139,P002,Books,1043.27,15,1,0,9
1170,P039,Home,1725.83,8,1,0,16
1103,P017,Stationery,163.26,2,0,0,15
1174,P072,Accessories,1934.92,15,3,1,4
1044,P020,Books,720.24,0,0,1,13
1117,P030,Accessories,429.98,7,0,0,15
1165,P015,Home,2456.51,4,0,0,13
1147,P026,Books,474.39,4,0,0,13
1169,P031,Electronics,2153.69,2,0,0,9
1119,P067,Electronics,737.99,0,0,0,3
1176,P070,Fitness,2640.88,6,0,1,11
1035,P007,Electronics,3609.79,3,0,0,9
1147,P069,Home,1429.77,13,5,0,13
1145,P038,Books,718.93,3,0,1,17
1153,P065,Stationery,582.68,9,0,0,2
1060,P034,Fitness,2273.57,2,1,0,17
1009,P059,Stationery,331.95,5,0,0,15
1043,P056,Books,337.37,2,0,0,15
1023,P063,Home,3080.28,9,0,1,14
1174,P052,Fitness,2479.62,8,1,1,4
1160,P032,Books,485.18,8,0,0,5
1026,P032,Books,485.18,3,0,0,17
1047,P052,Fitness,2479.62,7,0,0,3
1136,P041,Stationery,126.65,5,0,1,9
1045,P009,Home,2296.2,0,0,0,1
1061,P071,Stationery,577.39,13,0,0,13
1176,P067,Electronics,737.99,8,1,1,11
1138,P059,Stationery,331.95,4,0,0,18
1125,P035,Stationery,475.01,6,1,0,13
1040,P022,Fitness,1891.11,0,0,0,1
1016,P033,Home,410.99,7,0,0,6
1162,P050,Books,1014.13,7,0,0,2
1031,P069,Home,1429.77,5,0,1,7
1180,P040,Fitness,522.24,2,0,0,2
1147,P037,Electronics,3281.37,3,0,0,13
1100,P030,Accessories,429.98,11,1,1,14
1164,P035,Stationery,475.01,11,0,0,1
1013,P014,Books,504.47,7,1,0,10
1132,P066,Accessories,1968.76,3,0,0,13
1028,P031,Electronics,2153.69,3,0,0,2
1169,P029,Stationery,604.58,14,2,0,9
1143,P046,Fitness,1839.77,8,1,0,15
1045,P041,Stationery,126.65,4,0,0,1
1022,P044,Books,713.75,6,1,0,8
1099,P012,Accessories,265.26,5,0,0,16
1022,P045,Home,2987.24,9,1,1,8
1077,P062,Books,1040.4,0,0,0,8
1003,P011,Stationery,485.47,2,0,0,0
1179,P020,Books,720.24,0,0,0,13
1121,P006,Accessories,557.61,3,1,0,4
1132,P072,Accessories,1934.92,0,0,0,13
1006,P049,Electronics,1744.32,11,2,1,10
1155,P044,Books,713.75,7,1,0,5
1147,P064,Fitness,2745.27,7,0,0,13
1095,P007,Electronics,3609.79,2,0,0,18
1179,P001,Electronics,1591.46,10,1,1,13
1162,P066,Accessories,1968.76,14,0,0,2
1036,P001,Electronics,1591.46,4,0,1,4
1172,P024,Accessories,647.01,2,1,0,3
1013,P036,Accessories,760.81,4,0,0,10
1152,P047,Stationery,171.82,8,0,0,11
1064,P035,Stationery,475.01,2,0,0,7
1109,P034,Fitness,2273.57,0,0,0,17
1041,P056,Books,337.37,12,1,0,13
1009,P060,Accessories,1460.29,3,0,0,15
1127,P016,Fitness,2659.54,7,1,0,14
1088,P008,Books,848.01,5,0,0,12
1008,P050,Books,1014.13,7,1,0,12
1108,P036,Accessories,760.81,2,0,0,14
1032,P068,Books,876.08,4,0,0,12
1037,P053,Stationery,637.33,4,0,0,2
1123,P007,Electronics,3609.79,0,0,0,4
1159,P042,Accessories,1972.06,5,1,0,17
1049,P053,Stationery,637.33,2,0,0,2
1062,P023,Stationery,524.92,0,0,0,10
1096,P012,Accessories,265.26,5,0,0,7
1022,P070,Fitness,2640.88,2,0,0,8
1083,P067,Electronics,737.99,5,1,0,1
1032,P062,Books,1040.4,4,0,0,12
1088,P019,Electronics,1029.98,10,0,0,12
1006,P036,Accessories,760.81,7,1,0,10
1035,P035,Stationery,475.01,7,0,0,9
1145,P053,Stationery,637.33,8,2,0,17
1071,P057,Home,2818.36,1,0,1,7
1093,P006,Accessories,557.61,10,0,0,0
1038,P047,Stationery,171.82,0,0,0,8
1155,P012,Accessories,265.26,1,0,0,5
1089,P014,Books,504.47,7,0,0,17
1153,P036,Accessories,760.81,12,0,0,2
1158,P043,Electronics,3858.95,11,0,0,6
1135,P059,Stationery,331.95,7,0,0,7
1107,P050,Books,1014.13,5,1,0,3
1095,P057,Home,2818.36,4,0,0,18
1035,P065,Stationery,582.68,4,0,0,9
1107,P057,Home,2818.36,3,0,0,3
1178,P037,Electronics,3281.37,7,0,0,11
1127,P039,Home,1725.83,1,1,1,14
1047,P049,Electronics,1744.32,12,4,1,3
1180,P043,Electronics,3858.95,5,1,0,2
1092,P051,Home,2867.98,3,0,0,7
1054,P032,Books,485.18,12,1,0,9
1112,P059,Stationery,331.95,7,0,0,11
1067,P064,Fitness,2745.27,13,0,0,6
1140,P013,Electronics,3550.72,2,0,0,13
1114,P052,Fitness,2479.62,2,0,1,3
1162,P020,Books,720.24,3,0,0,2
1004,P030,Accessories,429.98,1,0,1,18
1021,P023,Stationery,524.92,7,2,0,15
1036,P031,Electronics,2153.69,0,0,0,4
1137,P006,Accessories,557.61,0,0,0,2
1021,P003,Home,3130.68,7,0,1,15
1063,P001,Electronics,1591.46,11,1,1,10
1089,P018,Accessories,475.09,5,0,0,17
1096,P064,Fitness,2745.27,2,0,0,7
1140,P050,Books,1014.13,9,0,0,13
1089,P004,Fitness,2522.32,1,0,0,17
1096,P008,Books,848.01,5,1,0,7
1129,P005,Stationery,309.11,2,0,0,7
1017,P072,Accessories,1934.92,0,0,0,12
1092,P028,Fitness,2582.27,5,0,0,7
1022,P015,Home,2456.51,11,1,0,8
1150,P040,Fitness,522.24,3,0,0,1
1154,P032,Books,485.18,2,0,0,6
1014,P011,Stationery,485.47,7,1,0,13
1085,P056,Books,337.37,5,0,0,4
1159,P039,Home,1725.83,4,0,0,17
1115,P023,Stationery,524.92,2,0,0,13
1118,P022,Fitness,1891.11,3,1,0,9
1093,P033,Home,410.99,4,1,0,0
1066,P060,Accessories,1460.29,0,0,0,5
1052,P072,Accessories,1934.92,7,2,0,7
1095,P028,Fitness,2582.27,7,1,0,18
1168,P042,Accessories,1972.06,14,2,0,16
1098,P007,Electronics,3609.79,5,1,1,4
1134,P049,Electronics,1744.32,0,0,0,8
1037,P023,Stationery,524.92,1,0,0,2
1152,P071,Stationery,577.39,1,0,1,11
1024,P012,Accessories,265.26,10,2,0,8
1005,P052,Fitness,2479.62,2,0,0,18
1078,P036,Accessories,760.81,5,0,0,16
1124,P072,Accessories,1934.92,8,1,0,9
1127,P033,Home,410.99,6,0,0,14
1090,P071,Stationery,577.39,0,0,0,18
1119,P041,Stationery,126.65,17,1,0,3
1125,P039,Home,1725.83,4,1,0,13
1007,P009,Home,2296.2,0,0,1,17
1098,P039,Home,1725.83,6,1,0,4
1010,P038,Books,718.93,7,0,0,5
1130,P023,Stationery,524.92,3,1,0,16
1122,P025,Electronics,2901.54,11,3,1,1
1090,P048,Accessories,498.52,5,0,0,18
1132,P018,Accessories,475.09,3,0,0,13
1136,P071,Stationery,577.39,4,1,1,9
1103,P002,Books,1043.27,7,0,0,15
1102,P022,Fitness,1891.11,2,0,0,14
1147,P068,Books,876.08,1,0,0,13
1074,P058,Fitness,2533.51,4,0,0,9
1149,P062,Books,1040.4,2,0,0,9
1121,P012,Accessories,265.26,7,1,1,4
1107,P006,Accessories,557.61,4,1,1,3
1065,P022,Fitness,1891.11,7,1,0,15
1116,P042,Accessories,1972.06,6,0,0,4
1112,P002,Books,1043.27,11,1,0,11
1097,P015,Home,2456.51,13,3,1,17
1143,P034,Fitness,2273.57,15,4,0,15
1053,P032,Books,485.18,9,1,1,1
1048,P049,Electronics,1744.32,0,0,0,15
1034,P064,Fitness,2745.27,10,3,1,2
1150,P047,Stationery,171.82,6,0,0,1
1079,P005,Stationery,309.11,12,1,1,6
1045,P021,Home,1244.28,8,0,0,1
1085,P042,Accessories,1972.06,6,1,0,4
1013,P046,Fitness,1839.77,8,0,0,10
1137,P058,Fitness,2533.51,4,1,0,2
1051,P067,Electronics,737.99,0,0,0,18
1028,P058,Fitness,2533.51,6,1,0,2
1148,P017,Stationery,163.26,6,2,0,16
1173,P067,Electronics,737.99,5,0,0,16
1063,P011,Stationery,485.47,0,0,0,10
1084,P040,Fitness,522.24,5,0,0,5
1075,P033,Home,410.99,0,0,1,8
1134,P043,Electronics,3858.95,0,0,0,8
1171,P021,Home,1244.28,5,0,0,2
1013,P054,Accessories,659.65,8,2,0,10
1027,P025,Electronics,2901.54,0,0,1,14
1030,P061,Electronics,1198.66,9,0,0,14
1083,P039,Home,1725.83,0,0,0,1
1116,P028,Fitness,2582.27,8,1,0,4
1011,P067,Electronics,737.99,14,0,1,1
1085,P050,Books,1014.13,2,1,1,4
1160,P055,Electronics,1535.83,11,1,1,5
1038,P023,Stationery,524.92,4,0,0,8
1035,P055,Electronics,1535.83,3,0,0,9
1043,P046,Fitness,1839.77,9,1,0,15
1002,P026,Books,474.39,2,1,1,4
1012,P070,Fitness,2640.88,0,0,0,0
1102,P019,Electronics,1029.98,5,0,0,14
1090,P018,Accessories,475.09,1,0,1,18
1014,P034,Fitness,2273.57,14,2,0,13
1148,P006,Accessories,557.61,8,0,0,16
1011,P068,Books,876.08,5,0,0,1
1099,P061,Electronics,1198.66,5,0,0,16
1006,P010,Fitness,2770.64,1,0,0,10
1077,P014,Books,504.47,1,0,0,8
1111,P059,Stationery,331.95,6,0,1,15
1121,P016,Fitness,2659.54,9,2,0,4
1026,P006,Accessories,557.61,3,0,0,17
1141,P008,Books,848.01,2,0,0,14
1002,P051,Home,2867.98,5,0,0,4
1173,P028,Fitness,2582.27,16,2,1,16
1080,P022,Fitness,1891.11,1,0,0,1
1035,P025,Electronics,2901.54,5,0,1,9
1042,P027,Home,1914.45,6,0,0,18
1014,P067,Electronics,737.99,4,0,1,13
1008,P036,Accessories,760.81,1,0,0,12
1159,P069,Home,1429.77,4,0,0,17
1096,P059,Stationery,331.95,14,2,0,7
1016,P013,Electronics,3550.72,3,0,0,6
1167,P019,Electronics,1029.98,11,0,0,4
1096,P045,Home,2987.24,7,0,1,7
1169,P005,Stationery,309.11,11,3,0,9
1067,P031,Electronics,2153.69,3,0,0,6
1113,P007,Electronics,3609.79,14,3,1,4
1168,P051,Home,2867.98,2,0,0,16
1090,P045,Home,2987.24,13,1,0,18
1151,P021,Home,1244.28,10,1,0,16
1153,P071,Stationery,577.39,10,0,0,2
1042,P046,Fitness,1839.77,3,0,1,18
1060,P065,Stationery,582.68,1,0,0,17
1161,P029,Stationery,604.58,14,1,0,15
1074,P032,Books,485.18,3,0,0,9
1045,P016,Fitness,2659.54,8,1,0,1
1111,P071,Stationery,577.39,3,0,1,15
1032,P019,Electronics,1029.98,8,0,0,12
1084,P017,Stationery,163.26,0,0,0,5
1149,P015,Home,2456.51,4,0,0,9
1125,P036,Accessories,760.81,4,0,0,13
1114,P042,Accessories,1972.06,1,0,0,3
1043,P053,Stationery,637.33,3,1,1,15
1026,P022,Fitness,1891.11,13,1,0,17
1023,P055,Electronics,1535.83,10,0,0,14
1079,P016,Fitness,2659.54,0,0,0,6
1078,P021,Home,1244.28,6,0,1,16
1001,P064,Fitness,2745.27,7,0,0,7
1179,P035,Stationery,475.01,8,1,0,13
1113,P038,Books,718.93,5,0,0,4
1114,P035,Stationery,475.01,3,1,0,3
1125,P006,Accessories,557.61,0,0,0,13
1079,P057,Home,2818.36,3,1,0,6
1056,P018,Accessories,475.09,1,0,0,7
1161,P035,Stationery,475.01,9,2,0,15
1077,P038,Books,718.93,1,0,0,8
1007,P039,Home,1725.83,0,0,0,17
1151,P046,Fitness,1839.77,5,0,0,16
1134,P002,Books,1043.27,11,1,0,8
1114,P056,Books,337.37,1,0,0,3
1019,P060,Accessories,1460.29,0,0,0,1
1150,P015,Home,2456.51,14,2,0,1
1006,P020,Books,720.24,5,0,0,10
1155,P025,Electronics,2901.54,14,3,1,5
1028,P022,Fitness,1891.11,6,1,0,2
1060,P013,Electronics,3550.72,5,0,0,17
1095,P034,Fitness,2273.57,10,1,0,18
1168,P016,Fitness,2659.54,3,0,0,16
1070,P029,Stationery,604.58,12,0,0,3
1075,P003,Home,3130.68,4,0,0,8
1140,P015,Home,2456.51,7,2,0,13
1130,P059,Stationery,331.95,2,0,1,16
1126,P032,Books,485.18,9,0,0,0
1054,P051,Home,2867.98,9,0,0,9
1138,P058,Fitness,2533.51,0,0,0,18
1081,P003,Home,3130.68,3,1,0,1
1057,P056,Books,337.37,1,0,0,16
1173,P008,Books,848.01,4,1,0,16
1001,P027,Home,1914.45,4,1,1,7
1008,P037,Electronics,3281.37,11,0,0,12
1051,P056,Books,337.37,9,1,0,18
1106,P022,Fitness,1891.11,6,0,0,17
1162,P018,Accessories,475.09,8,2,1,2
1002,P052,Fitness,2479.62,8,0,0,4
1166,P020,Books,720.24,4,0,0,12
1070,P070,Fitness,2640.88,3,0,0,3
1165,P037,Electronics,3281.37,3,0,0,13
1021,P011,Stationery,485.47,2,0,0,15
1037,P064,Fitness,2745.27,10,3,1,2
1167,P021,Home,1244.28,2,0,1,4
1155,P032,Books,485.18,5,0,0,5
1080,P029,Stationery,604.58,1,0,0,1
1051,P041,Stationery,126.65,5,0,0,18
1146,P043,Electronics,3858.95,4,0,0,15
1164,P005,Stationery,309.11,10,1,0,1
1045,P069,Home,1429.77,8,0,0,1
1101,P007,Electronics,3609.79,3,0,1,18
1051,P038,Books,718.93,9,1,1,18
1156,P008,Books,848.01,2,0,0,2
1158,P053,Stationery,637.33,3,0,0,6
1163,P048,Accessories,498.52,2,0,0,12
1019,P054,Accessories,659.65,0,0,0,1
1032,P015,Home,2456.51,11,1,0,12
1021,P057,Home,2818.36,3,0,0,15
1148,P052,Fitness,2479.62,7,0,0,16
1025,P001,Electronics,1591.46,5,2,1,9
1096,P040,Fitness,522.24,6,0,0,7
1108,P047,Stationery,171.82,10,2,0,14
1177,P016,Fitness,2659.54,11,1,1,11
1012,P051,Home,2867.98,2,0,1,0
1066,P006,Accessories,557.61,5,0,0,5
1134,P028,Fitness,2582.27,0,0,0,8
1166,P014,Books,504.47,1,0,0,12
1021,P022,Fitness,1891.11,9,1,0,15
1114,P061,Electronics,1198.66,14,1,0,3
1165,P063,Home,3080.28,6,0,0,13
1103,P056,Books,337.37,4,0,0,15
1118,P020,Books,720.24,9,2,0,9
1119,P019,Electronics,1029.98,3,0,0,3
1095,P015,Home,2456.51,13,1,0,18
1069,P038,Books,718.93,1,0,0,12
1174,P057,Home,2818.36,7,1,0,4
1168,P056,Books,337.37,6,0,0,16
1130,P034,Fitness,2273.57,5,0,0,16
1031,P037,Electronics,3281.37,10,1,0,7
1094,P039,Home,1725.83,6,0,0,15
1130,P039,Home,1725.83,11,1,0,16
1105,P027,Home,1914.45,1,0,0,2
1064,P058,Fitness,2533.51,2,0,0,7
1005,P009,Home,2296.2,0,0,0,18
1176,P057,Home,2818.36,4,0,1,11
1028,P050,Books,1014.13,2,0,0,2
1077,P024,Accessories,647.01,9,0,0,8
1044,P018,Accessories,475.09,10,0,0,13
1012,P049,Electronics,1744.32,3,0,0,0
1150,P009,Home,2296.2,4,1,0,1
1087,P040,Fitness,522.24,12,0,1,14
1073,P010,Fitness,2770.64,2,0,0,0
1072,P058,Fitness,2533.51,0,0,0,4
1113,P042,Accessories,1972.06,7,1,1,4
1114,P004,Fitness,2522.32,0,0,0,3
1041,P034,Fitness,2273.57,0,0,0,13
1138,P043,Electronics,3858.95,10,2,0,18
1083,P058,Fitness,2533.51,10,1,1,1
1171,P035,Stationery,475.01,3,0,0,2
1073,P027,Home,1914.45,12,0,0,0
1077,P058,Fitness,2533.51,7,1,0,8
1054,P056,Books,337.37,13,3,0,9
1162,P032,Books,485.18,14,1,0,2
1165,P038,Books,718.93,9,0,0,13
1110,P001,Electronics,1591.46,13,2,0,11
1127,P024,Accessories,647.01,11,0,0,14
1122,P011,Stationery,485.47,1,0,0,1
1034,P047,Stationery,171.82,7,0,1,2
1166,P004,Fitness,2522.32,4,0,1,12
1085,P070,Fitness,2640.88,0,0,0,4
1178,P060,Accessories,1460.29,8,0,0,11
1104,P041,Stationery,126.65,3,1,0,5
1150,P066,Accessories,1968.76,2,0,0,1
1155,P021,Home,1244.28,4,1,0,5
1004,P004,Fitness,2522.32,0,0,0,18
1036,P021,Home,1244.28,2,0,1,4
1022,P052,Fitness,2479.62,3,1,0,8
1127,P027,Home,1914.45,6,1,0,14
1141,P061,Electronics,1198.66,11,0,0,14
1142,P038,Books,718.93,10,2,0,11
1039,P006,Accessories,557.61,15,3,1,12
1083,P069,Home,1429.77,8,0,0,1
1129,P064,Fitness,2745.27,6,0,0,7
1049,P062,Books,1040.4,0,0,0,2
1132,P006,Accessories,557.61,1,0,0,13
1114,P038,Books,718.93,0,0,0,3
1028,P038,Books,718.93,4,0,0,2
1160,P015,Home,2456.51,1,0,0,5
1132,P053,Stationery,637.33,15,0,0,13
1107,P008,Books,848.01,5,0,1,3
1135,P002,Books,1043.27,4,0,0,7
1073,P042,Accessories,1972.06,7,1,1,0
1174,P013,Electronics,3550.72,4,0,0,4
1152,P039,Home,1725.83,8,0,0,11
1102,P063,Home,3080.28,5,1,0,14
1001,P012,Accessories,265.26,8,2,0,7
1015,P044,Books,713.75,3,0,0,12
1035,P015,Home,2456.51,7,1,0,9
1095,P064,Fitness,2745.27,9,1,1,18
1055,P007,Electronics,3609.79,1,0,0,4
1030,P058,Fitness,2533.51,2,0,0,14
1086,P002,Books,1043.27,0,0,0,6
1177,P038,Books,718.93,2,0,0,11
1054,P005,Stationery,309.11,5,0,0,9
1050,P010,Fitness,2770.64,2,0,0,12
1004,P008,Books,848.01,16,1,1,18
1176,P035,Stationery,475.01,7,0,0,11
1155,P063,Home,3080.28,0,0,0,5
1026,P007,Electronics,3609.79,9,0,0,17
1166,P045,Home,2987.24,6,0,0,12
1106,P046,Fitness,1839.77,10,1,1,17
1171,P017,Stationery,163.26,3,0,1,2
1016,P014,Books,504.47,7,0,1,6
1111,P070,Fitness,2640.88,6,1,1,15
1049,P048,Accessories,498.52,0,0,0,2
1081,P071,Stationery,577.39,1,0,0,1
1175,P031,Electronics,2153.69,9,1,0,18
1057,P065,Stationery,582.68,8,0,0,16
1101,P058,Fitness,2533.51,2,0,0,18
1054,P006,Accessories,557.61,1,0,0,9
1175,P007,Electronics,3609.79,4,0,0,18
1151,P004,Fitness,2522.32,0,0,0,16
1080,P065,Stationery,582.68,0,0,0,1
1137,P026,Books,474.39,4,0,0,2
1168,P043,Electronics,3858.95,3,0,0,16
1119,P070,Fitness,2640.88,10,0,0,3
1018,P036,Accessories,760.81,0,0,0,14
1140,P025,Electronics,2901.54,0,0,0,13
1037,P013,Electronics,3550.72,1,0,0,2
1104,P062,Books,1040.4,5,0,0,5
1151,P012,Accessories,265.26,0,0,1,16
1031,P034,Fitness,2273.57,0,0,0,7
1105,P004,Fitness,2522.32,1,0,0,2
1171,P048,Accessories,498.52,2,0,0,2
1173,P032,Books,485.18,9,1,0,16
1127,P045,Home,2987.24,12,2,1,14
1098,P057,Home,2818.36,1,1,1,4
1137,P019,Electronics,1029.98,7,1,1,2
1118,P065,Stationery,582.68,1,0,0,9
1038,P045,Home,2987.24,11,1,0,8
1142,P060,Accessories,1460.29,2,0,0,11
1069,P017,Stationery,163.26,11,2,0,12
1084,P038,Books,718.93,7,0,0,5
1103,P001,Electronics,1591.46,5,1,0,15
1026,P023,Stationery,524.92,2,0,0,17
1156,P036,Accessories,760.81,2,1,1,2
1021,P030,Accessories,429.98,5,1,0,15
1109,P049,Electronics,1744.32,0,0,0,17
1119,P007,Electronics,3609.79,6,1,0,3
1104,P011,Stationery,485.47,5,1,0,5
1027,P062,Books,1040.4,0,0,0,14
1163,P053,Stationery,637.33,7,0,0,12
1071,P055,Electronics,1535.83,4,0,0,7
1019,P025,Electronics,2901.54,1,1,1,1
1049,P020,Books,720.24,8,1,0,2
1160,P059,Stationery,331.95,4,1,0,5
1154,P012,Accessories,265.26,5,0,0,6
1108,P058,Fitness,2533.51,0,0,0,14
1171,P051,Home,2867.98,2,0,0,2
1171,P013,Electronics,3550.72,5,0,0,2
1015,P001,Electronics,1591.46,6,0,0,12
1050,P057,Home,2818.36,11,0,0,12
1172,P016,Fitness,2659.54,12,1,0,3
1004,P035,Stationery,475.01,5,0,0,18
1129,P015,Home,2456.51,8,0,0,7
1043,P065,Stationery,582.68,1,0,0,15
1065,P033,Home,410.99,3,0,0,15
1017,P003,Home,3130.68,13,1,0,12
1065,P058,Fitness,2533.51,7,1,0,15
1023,P056,Books,337.37,2,0,0,14
1028,P033,Home,410.99,4,1,0,2
1108,P029,Stationery,604.58,10,2,0,14
1004,P040,Fitness,522.24,5,0,0,18
1107,P024,Accessories,647.01,9,0,0,3
1135,P066,Accessories,1968.76,4,0,0,7
1148,P043,Electronics,3858.95,4,0,0,16
1121,P002,Books,1043.27,5,1,1,4
1053,P055,Electronics,1535.83,0,0,0,1
1007,P053,Stationery,637.33,4,0,0,17
1127,P056,Books,337.37,1,0,0,14
1003,P023,Stationery,524.92,2,0,0,0
1165,P049,Electronics,1744.32,0,0,0,13
1180,P041,Stationery,126.65,0,0,0,2
1118,P068,Books,876.08,9,1,1,9
1010,P058,Fitness,2533.51,0,0,0,5
1076,P031,Electronics,2153.69,9,2,0,12
1046,P066,Accessories,1968.76,0,0,0,14
1157,P072,Accessories,1934.92,0,0,0,9
1061,P040,Fitness,522.24,6,1,0,13
1139,P026,Books,474.39,4,0,0,9
1106,P055,Electronics,1535.83,10,1,1,17
1118,P072,Accessories,1934.92,7,0,0,9
1155,P047,Stationery,171.82,1,0,0,5
1022,P001,Electronics,1591.46,2,0,0,8
1164,P033,Home,410.99,4,1,0,1
1089,P029,Stationery,604.58,3,0,0,17
1013,P033,Home,410.99,7,2,0,10
1118,P054,Accessories,659.65,3,0,0,9
1150,P037,Electronics,3281.37,4,0,0,1
1025,P070,Fitness,2640.88,0,0,0,9
1051,P036,Accessories,760.81,1,0,1,18
1087,P029,Stationery,604.58,0,0,0,14
1040,P008,Books,848.01,5,0,0,1
1112,P062,Books,1040.4,6,1,0,11
1019,P004,Fitness,2522.32,3,0,0,1
1004,P002,Books,1043.27,14,3,1,18
1017,P059,Stationery,331.95,2,0,0,12
1096,P037,Electronics,3281.37,3,0,1,7
1145,P023,Stationery,524.92,2,0,0,17
1146,P061,Electronics,1198.66,6,0,0,15
1110,P044,Books,713.75,7,1,1,11
1145,P069,Home,1429.77,1,0,0,17
1154,P056,Books,337.37,0,0,0,6
1022,P017,Stationery,163.26,1,0,0,8
1001,P052,Fitness,2479.62,5,0,0,7
1059,P008,Books,848.01,5,0,0,1
1155,P071,Stationery,577.39,1,0,0,5
1067,P041,Stationery,126.65,2,0,0,6
1128,P066,Accessories,1968.76,5,0,0,6
1030,P057,Home,2818.36,5,0,0,14
1148,P011,Stationery,485.47,9,1,1,16
1159,P061,Electronics,1198.66,10,0,0,17
1062,P030,Accessories,429.98,5,0,0,10
1092,P054,Accessories,659.65,0,0,0,7
1178,P065,Stationery,582.68,12,2,0,11
1079,P066,Accessories,1968.76,4,0,0,6
1003,P046,Fitness,1839.77,4,1,0,0
1135,P063,Home,3080.28,1,0,0,7
1069,P029,Stationery,604.58,11,0,0,12
1032,P045,Home,2987.24,10,2,1,12
1131,P070,Fitness,2640.88,4,0,0,16
1094,P043,Electronics,3858.95,5,0,0,15
1008,P064,Fitness,2745.27,3,0,0,12
1070,P059,Stationery,331.95,18,2,0,3
1008,P030,Accessories,429.98,7,1,0,12
1085,P009,Home,2296.2,7,1,0,4
1044,P008,Books,848.01,4,0,0,13
1008,P017,Stationery,163.26,3,0,0,12
1121,P039,Home,1725.83,3,0,0,4
1064,P013,Electronics,3550.72,3,0,0,7
1073,P051,Home,2867.98,10,4,1,0
1124,P029,Stationery,604.58,5,0,0,9
1095,P069,Home,1429.77,5,0,0,18
1074,P008,Books,848.01,3,0,1,9
1050,P042,Accessories,1972.06,2,0,0,12
1162,P054,Accessories,659.65,12,5,1,2
1017,P068,Books,876.08,0,0,0,12
1081,P010,Fitness,2770.64,5,0,0,1
1032,P010,Fitness,2770.64,0,0,0,12
1118,P034,Fitness,2273.57,4,0,0,9
1151,P031,Electronics,2153.69,4,0,0,16
1097,P020,Books,720.24,4,2,0,17
1147,P059,Stationery,331.95,6,0,0,13
1024,P056,Books,337.37,5,0,0,8
1059,P038,Books,718.93,4,0,0,1
1030,P020,Books,720.24,11,1,0,14
1162,P027,Home,1914.45,9,0,0,2
1160,P052,Fitness,2479.62,1,0,0,5
1018,P025,Electronics,2901.54,5,0,0,14
1067,P002,Books,1043.27,0,0,0,6
1081,P050,Books,1014.13,5,0,0,1
1170,P047,Stationery,171.82,6,0,0,16
1137,P048,Accessories,498.52,0,0,0,2
1075,P005,Stationery,309.11,8,0,0,8
1031,P010,Fitness,2770.64,4,0,1,7
1047,P037,Electronics,3281.37,9,0,0,3
1122,P042,Accessories,1972.06,6,0,0,1
1005,P030,Accessories,429.98,14,3,0,18
1149,P013,Electronics,3550.72,2,0,0,9
1028,P002,Books,1043.27,0,0,0,2
1080,P008,Books,848.01,0,0,0,1
1006,P009,Home,2296.2,4,0,0,10
1156,P071,Stationery,577.39,11,0,0,2
1082,P070,Fitness,2640.88,2,0,0,14
1087,P015,Home,2456.51,3,0,0,14
1068,P042,Accessories,1972.06,0,0,0,16
1046,P007,Electronics,3609.79,11,1,0,14
1063,P059,Stationery,331.95,4,0,0,10
1076,P066,Accessories,1968.76,8,0,0,12
1029,P027,Home,1914.45,5,0,0,10
1130,P054,Accessories,659.65,3,0,0,16
1163,P036,Accessories,760.81,4,0,0,12
1138,P027,Home,1914.45,7,0,1,18
1165,P068,Books,876.08,0,0,0,13
1014,P054,Accessories,659.65,1,0,1,13
1049,P065,Stationery,582.68,5,1,0,2
1055,P057,Home,2818.36,2,0,0,4
1006,P038,Books,718.93,1,0,0,10
1167,P049,Electronics,1744.32,10,1,0,4
1072,P036,Accessories,760.81,10,1,0,4
1061,P013,Electronics,3550.72,1,0,1,13
1167,P033,Home,410.99,0,0,0,4
1069,P041,Stationery,126.65,11,2,1,12
1121,P021,Home,1244.28,3,0,0,4
1167,P060,Accessories,1460.29,5,0,0,4
1167,P042,Accessories,1972.06,2,0,0,4
1030,P069,Home,1429.77,5,1,0,14
1161,P041,Stationery,126.65,11,2,1,15
1114,P001,Electronics,1591.46,14,1,0,3
1005,P063,Home,3080.28,3,0,0,18
1110,P070,Fitness,2640.88,2,0,1,11
1143,P060,Accessories,1460.29,5,0,0,15
1016,P048,Accessories,498.52,10,1,0,6
1068,P015,Home,2456.51,9,0,0,16
1123,P059,Stationery,331.95,4,0,0,4
1156,P039,Home,1725.83,7,0,0,2
1028,P007,Electronics,3609.79,8,1,0,2
1092,P048,Accessories,498.52,0,0,0,7
1029,P014,Books,504.47,0,0,0,10
1098,P002,Books,1043.27,6,1,1,4
1026,P010,Fitness,2770.64,15,2,0,17
1154,P021,Home,1244.28,2,0,0,6
1139,P070,Fitness,2640.88,7,0,0,9
1046,P032,Books,485.18,5,0,0,14
1126,P004,Fitness,2522.32,5,0,0,0
1040,P042,Accessories,1972.06,2,0,0,1
1167,P026,Books,474.39,7,1,1,4
1048,P053,Stationery,637.33,6,0,1,15
1150,P048,Accessories,498.52,2,0,0,1
1166,P041,Stationery,126.65,4,2,0,12
1033,P038,Books,718.93,11,3,0,0
1101,P072,Accessories,1934.92,11,0,1,18
1023,P046,Fitness,1839.77,4,0,0,14
1035,P057,Home,2818.36,10,3,0,9
1131,P059,Stationery,331.95,2,0,0,16
1150,P004,Fitness,2522.32,5,1,0,1
1090,P072,Accessories,1934.92,5,0,0,18
1137,P043,Electronics,3858.95,5,2,0,2
1177,P021,Home,1244.28,4,1,0,11
1083,P012,Accessories,265.26,5,0,0,1
1155,P061,Electronics,1198.66,12,3,0,5
1092,P068,Books,876.08,1,0,0,7
1112,P060,Accessories,1460.29,2,1,0,11
1006,P013,Electronics,3550.72,6,0,0,10
1161,P066,Accessories,1968.76,0,0,0,15
1172,P048,Accessories,498.52,4,1,1,3
1174,P014,Books,504.47,3,1,0,4
1061,P017,Stationery,163.26,12,1,1,13
1122,P060,Accessories,1460.29,4,0,0,1
1129,P072,Accessories,1934.92,10,2,0,7
1123,P070,Fitness,2640.88,7,1,0,4
1033,P008,Books,848.01,8,2,0,0
1102,P065,Stationery,582.68,5,0,1,14
1043,P061,Electronics,1198.66,1,0,0,15
1106,P023,Stationery,524.92,7,1,1,17
1141,P056,Books,337.37,3,0,1,14
1164,P034,Fitness,2273.57,5,1,0,1
1089,P042,Accessories,1972.06,4,1,1,17
1064,P001,Electronics,1591.46,2,0,0,7
1125,P016,Fitness,2659.54,12,2,0,13
1025,P003,Home,3130.68,4,0,0,9
1133,P012,Accessories,265.26,3,0,0,0
1003,P045,Home,2987.24,5,0,0,0
1054,P024,Accessories,647.01,3,0,0,9
1065,P002,Books,1043.27,5,0,0,15
1040,P048,Accessories,498.52,4,0,1,1
1138,P031,Electronics,2153.69,10,0,0,18
1153,P042,Accessories,1972.06,11,1,1,2
1084,P013,Electronics,3550.72,3,0,0,5
1134,P068,Books,876.08,15,3,0,8
1082,P053,Stationery,637.33,13,1,1,14
1018,P015,Home,2456.51,5,0,1,14
1090,P052,Fitness,2479.62,8,0,0,18
1141,P035,Stationery,475.01,9,2,1,14
1042,P044,Books,713.75,13,1,0,18
1050,P051,Home,2867.98,6,0,0,12
1039,P034,Fitness,2273.57,3,0,0,12
1108,P044,Books,713.75,6,1,1,14
1120,P041,Stationery,126.65,7,0,0,5
1107,P048,Accessories,498.52,10,1,0,3
1179,P052,Fitness,2479.62,5,0,0,13
1095,P065,Stationery,582.68,9,0,1,18
1008,P056,Books,337.37,10,3,1,12
1004,P053,Stationery,637.33,7,0,0,18
1029,P019,Electronics,1029.98,3,0,0,10
1106,P047,Stationery,171.82,3,0,1,17
1009,P006,Accessories,557.61,2,1,1,15
1089,P027,Home,1914.45,8,1,0,17
1047,P057,Home,2818.36,5,0,0,3
1133,P014,Books,504.47,11,3,1,0
1076,P071,Stationery,577.39,0,0,0,12
1070,P021,Home,1244.28,0,0,0,3
1061,P056,Books,337.37,3,0,0,13
1105,P065,Stationery,582.68,1,0,1,2
1080,P010,Fitness,2770.64,6,0,0,1
1154,P047,Stationery,171.82,8,0,0,6
1142,P044,Books,713.75,5,2,1,11
1021,P042,Accessories,1972.06,2,0,1,15
1028,P056,Books,337.37,5,1,1,2
1175,P035,Stationery,475.01,4,0,0,18
1162,P002,Books,1043.27,10,2,0,2
1178,P054,Accessories,659.65,3,1,1,11
1006,P054,Accessories,659.65,9,0,0,10
1131,P043,Electronics,3858.95,6,1,0,16
1077,P020,Books,720.24,0,0,0,8
1104,P070,Fitness,2640.88,14,1,1,5
1007,P015,Home,2456.51,1,0,0,17
1118,P017,Stationery,163.26,3,2,0,9
1068,P001,Electronics,1591.46,6,0,0,16
1176,P062,Books,1040.4,3,0,0,11
1061,P002,Books,1043.27,6,1,1,13
1001,P041,Stationery,126.65,4,0,0,7
1031,P021,Home,1244.28,8,0,1,7
1011,P028,Fitness,2582.27,3,1,1,1
1069,P035,Stationery,475.01,7,1,0,12
1179,P047,Stationery,171.82,7,0,1,13
1108,P042,Accessories,1972.06,4,0,0,14
1136,P015,Home,2456.51,6,1,1,9
1099,P018,Accessories,475.09,7,2,0,16
1116,P026,Books,474.39,2,0,0,4
1104,P010,Fitness,2770.64,9,0,1,5
1171,P014,Books,504.47,12,3,0,2
1055,P049,Electronics,1744.32,1,0,0,4
1131,P026,Books,474.39,6,1,0,16
1095,P024,Accessories,647.01,10,0,1,18
1153,P068,Books,876.08,7,0,1,2
1144,P014,Books,504.47,14,4,1,15
1083,P023,Stationery,524.92,4,0,0,1
1153,P013,Electronics,3550.72,7,0,0,2
1166,P035,Stationery,475.01,3,0,0,12
1092,P029,Stationery,604.58,9,1,0,7
1139,P010,Fitness,2770.64,6,0,0,9
1014,P055,Electronics,1535.83,2,0,0,13
1002,P054,Accessories,659.65,6,1,0,4
1021,P015,Home,2456.51,6,1,0,15
1114,P009,Home,2296.2,0,0,0,3
1180,P036,Accessories,760.81,2,0,0,2
1089,P047,Stationery,171.82,5,1,0,17
1051,P044,Books,713.75,12,0,0,18
1066,P049,Electronics,1744.32,10,3,1,5
1122,P027,Home,1914.45,2,0,0,1
1108,P040,Fitness,522.24,3,1,0,14
1081,P057,Home,2818.36,4,0,0,1
1142,P058,Fitness,2533.51,6,0,0,11
1125,P040,Fitness,522.24,9,0,0,13
1017,P034,Fitness,2273.57,6,1,1,12
1139,P040,Fitness,522.24,2,0,0,9
1081,P013,Electronics,3550.72,7,1,0,1
1023,P040,Fitness,522.24,1,0,0,14
1120,P036,Accessories,760.81,4,0,0,5
1162,P019,Electronics,1029.98,1,0,0,2
1138,P047,Stationery,171.82,2,0,1,18
1016,P031,Electronics,2153.69,5,0,0,6
1078,P014,Books,504.47,4,1,0,16
1112,P064,Fitness,2745.27,5,0,0,11
1106,P066,Accessories,1968.76,7,0,0,17
1073,P035,Stationery,475.01,4,0,0,0
1094,P031,Electronics,2153.69,0,0,1,15
1177,P066,Accessories,1968.76,8,0,1,11
1081,P031,Electronics,2153.69,0,0,0,1
1045,P007,Electronics,3609.79,5,1,0,1
1106,P014,Books,504.47,8,2,0,17
1179,P057,Home,2818.36,2,1,1,13
1067,P047,Stationery,171.82,8,1,1,6
1085,P003,Home,3130.68,2,0,0,4
1134,P038,Books,718.93,11,2,0,8
1053,P027,Home,1914.45,0,0,0,1
1034,P054,Accessories,659.65,3,0,0,2
1107,P032,Books,485.18,1,0,0,3
1133,P018,Accessories,475.09,8,1,0,0
1028,P041,Stationery,126.65,8,0,0,2
1179,P009,Home,2296.2,5,1,0,13
1113,P051,Home,2867.98,4,0,0,4
1134,P021,Home,1244.28,5,0,0,8
1089,P032,Books,485.18,12,0,0,17
1098,P048,Accessories,498.52,4,0,0,4
1075,P047,Stationery,171.82,0,0,0,8
1151,P035,Stationery,475.01,0,0,0,16
1104,P040,Fitness,522.24,9,0,0,5
1086,P047,Stationery,171.82,7,0,0,6
1105,P029,Stationery,604.58,3,0,0,2
1075,P021,Home,1244.28,1,0,0,8
1062,P019,Electronics,1029.98,12,2,0,10
1070,P072,Accessories,1934.92,5,1,0,3
1171,P028,Fitness,2582.27,5,0,0,2
1002,P066,Accessories,1968.76,15,1,0,4
1059,P012,Accessories,265.26,0,0,0,1
1092,P024,Accessories,647.01,1,0,0,7
1070,P041,Stationery,126.65,7,0,1,3
1166,P048,Accessories,498.52,4,1,1,12
1099,P006,Accessories,557.61,7,0,0,16
1113,P012,Accessories,265.26,0,0,0,4
1024,P036,Accessories,760.81,12,0,0,8
1148,P002,Books,1043.27,5,0,0,16
1036,P072,Accessories,1934.92,6,1,0,4
1084,P021,Home,1244.28,0,0,1,5
1161,P006,Accessories,557.61,4,0,0,15
1009,P009,Home,2296.2,4,1,0,15
1014,P021,Home,1244.28,8,1,0,13
1045,P050,Books,1014.13,8,3,1,1
1124,P069,Home,1429.77,12,1,0,9
1166,P017,Stationery,163.26,5,1,0,12
1160,P004,Fitness,2522.32,0,0,0,5
1074,P047,Stationery,171.82,4,0,1,9
1059,P061,Electronics,1198.66,4,0,0,1
1038,P018,Accessories,475.09,7,1,0,8
1003,P018,Accessories,475.09,4,0,1,0
1110,P027,Home,1914.45,1,0,0,11
1172,P003,Home,3130.68,1,0,0,3
1108,P056,Books,337.37,4,0,0,14
1129,P065,Stationery,582.68,1,0,0,7
1127,P063,Home,3080.28,0,0,0,14
1006,P050,Books,1014.13,2,0,0,10
1027,P022,Fitness,1891.11,10,1,1,14
1036,P050,Books,1014.13,10,2,1,4
1118,P046,Fitness,1839.77,4,0,1,9
1129,P013,Electronics,3550.72,5,0,0,7
1064,P012,Accessories,265.26,10,0,0,7
1010,P066,Accessories,1968.76,10,0,0,5
1108,P070,Fitness,2640.88,1,0,0,14
1098,P065,Stationery,582.68,16,1,1,4
1075,P008,Books,848.01,11,0,0,8
1046,P009,Home,2296.2,7,0,0,14
1158,P068,Books,876.08,12,1,0,6
1082,P018,Accessories,475.09,7,0,0,14
1073,P014,Books,504.47,7,0,0,0
1156,P023,Stationery,524.92,13,1,0,2
1018,P009,Home,2296.2,9,2,1,14
1089,P019,Electronics,1029.98,3,0,0,17
1054,P050,Books,1014.13,10,0,0,9
1077,P025,Electronics,2901.54,3,1,0,8
1176,P041,Stationery,126.65,3,0,0,11
1127,P004,Fitness,2522.32,0,0,0,14
1124,P039,Home,1725.83,9,3,0,9
1020,P056,Books,337.37,0,0,0,4
1126,P071,Stationery,577.39,8,0,0,0
1149,P050,Books,1014.13,1,0,0,9
1178,P064,Fitness,2745.27,5,0,0,11
1033,P070,Fitness,2640.88,1,0,0,0
1132,P057,Home,2818.36,3,1,1,13
1022,P038,Books,718.93,1,0,0,8
1034,P014,Books,504.47,0,0,0,2
1120,P062,Books,1040.4,7,1,0,5
1119,P011,Stationery,485.47,14,1,0,3
1134,P058,Fitness,2533.51,7,0,1,8
1023,P030,Accessories,429.98,3,0,0,14
1032,P072,Accessories,1934.92,5,0,0,12
1119,P056,Books,337.37,4,0,0,3
1145,P028,Fitness,2582.27,4,0,0,17
1098,P047,Stationery,171.82,13,2,0,4
1117,P062,Books,1040.4,12,2,0,15
1114,P060,Accessories,1460.29,6,2,1,3
1072,P046,Fitness,1839.77,0,0,0,4
1150,P063,Home,3080.28,10,1,0,1
1156,P053,Stationery,637.33,11,0,0,2
1155,P022,Fitness,1891.11,0,0,0,5
1043,P025,Electronics,2901.54,4,0,0,15
1137,P072,Accessories,1934.92,4,0,0,2
1136,P055,Electronics,1535.83,14,2,1,9
1025,P040,Fitness,522.24,8,1,0,9
1082,P026,Books,474.39,10,2,0,14
1068,P008,Books,848.01,0,0,0,16
1094,P065,Stationery,582.68,4,0,0,15
1009,P055,Electronics,1535.83,4,0,0,15
1051,P047,Stationery,171.82,8,0,0,18
1090,P007,Electronics,3609.79,10,0,0,18
1163,P059,Stationery,331.95,3,0,1,12
1091,P060,Accessories,1460.29,6,0,1,14
1143,P043,Electronics,3858.95,8,1,0,15
1072,P004,Fitness,2522.32,1,0,0,4
1043,P070,Fitness,2640.88,13,2,1,15
1030,P060,Accessories,1460.29,6,0,0,14
1111,P051,Home,2867.98,6,1,0,15
1080,P034,Fitness,2273.57,0,0,0,1
1151,P072,Accessories,1934.92,1,0,0,16
1057,P030,Accessories,429.98,15,1,0,16
1069,P003,Home,3130.68,12,1,1,12
1009,P004,Fitness,2522.32,0,0,1,15
1032,P013,Electronics,3550.72,8,1,1,12
1010,P021,Home,1244.28,4,1,0,5
1107,P019,Electronics,1029.98,12,2,0,3
1097,P058,Fitness,2533.51,0,0,1,17
1155,P052,Fitness,2479.62,0,0,0,5
1023,P029,Stationery,604.58,2,0,0,14
1037,P015,Home,2456.51,9,0,0,2
1135,P072,Accessories,1934.92,0,0,0,7
1075,P012,Accessories,265.26,5,1,1,8
1096,P063,Home,3080.28,2,0,0,7
1178,P058,Fitness,2533.51,2,0,1,11
1153,P043,Electronics,3858.95,0,0,0,2
1163,P001,Electronics,1591.46,7,1,1,12
1093,P037,Electronics,3281.37,9,1,0,0
1070,P036,Accessories,760.81,7,0,1,3
1114,P015,Home,2456.51,1,0,0,3
1026,P026,Books,474.39,5,0,1,17
1018,P039,Home,1725.83,6,0,0,14
1148,P066,Accessories,1968.76,11,1,1,16
1094,P025,Electronics,2901.54,1,0,0,15
1173,P052,Fitness,2479.62,12,2,0,16
1018,P021,Home,1244.28,8,1,0,14
1090,P034,Fitness,2273.57,2,0,0,18
1029,P025,Electronics,2901.54,0,0,0,10
1139,P047,Stationery,171.82,2,0,0,9
1090,P012,Accessories,265.26,5,0,1,18
1155,P030,Accessories,429.98,1,0,0,5
1081,P037,Electronics,3281.37,6,1,0,1
1146,P028,Fitness,2582.27,0,0,0,15
1175,P010,Fitness,2770.64,13,0,0,18
1098,P025,Electronics,2901.54,2,0,0,4
1100,P003,Home,3130.68,5,0,0,14
1166,P070,Fitness,2640.88,2,0,0,12
1149,P001,Electronics,1591.46,4,1,0,9
1149,P010,Fitness,2770.64,5,1,0,9
1002,P025,Electronics,2901.54,9,1,0,4
1157,P037,Electronics,3281.37,4,0,0,9
1139,P048,Accessories,498.52,3,0,0,9
1037,P070,Fitness,2640.88,0,0,0,2
1088,P049,Electronics,1744.32,15,2,1,12
1037,P056,Books,337.37,12,0,0,2
1128,P052,Fitness,2479.62,0,0,0,6
1030,P026,Books,474.39,13,0,0,14
1154,P005,Stationery,309.11,6,0,0,6
1069,P063,Home,3080.28,9,1,0,12
1087,P063,Home,3080.28,6,0,1,14
1058,P029,Stationery,604.58,1,0,0,6
1007,P044,Books,713.75,5,2,1,17
1014,P010,Fitness,2770.64,11,0,0,13
1133,P072,Accessories,1934.92,5,0,0,0
1019,P064,Fitness,2745.27,1,0,0,1
1116,P034,Fitness,2273.57,8,0,0,4
1137,P003,Home,3130.68,6,0,0,2
1065,P068,Books,876.08,3,0,0,15
1104,P002,Books,1043.27,5,1,0,5
1007,P001,Electronics,1591.46,10,1,0,17
1177,P037,Electronics,3281.37,3,1,1,11
1058,P063,Home,3080.28,0,0,0,6
1172,P062,Books,1040.4,13,1,0,3
1070,P053,Stationery,637.33,15,2,0,3
1065,P040,Fitness,522.24,7,0,0,15
1063,P032,Books,485.18,6,2,0,10
1124,P011,Stationery,485.47,11,1,0,9
1029,P038,Books,718.93,0,0,0,10
1063,P012,Accessories,265.26,3,0,0,10
1005,P014,Books,504.47,7,0,0,18
1090,P051,Home,2867.98,6,1,0,18
1154,P039,Home,1725.83,0,0,0,6
1161,P030,Accessories,429.98,1,0,0,15
1031,P039,Home,1725.83,2,0,1,7
1119,P015,Home,2456.51,10,3,0,3
1163,P033,Home,410.99,4,1,0,12
1019,P069,Home,1429.77,9,1,0,1
1151,P069,Home,1429.77,9,2,0,16
1136,P026,Books,474.39,4,1,1,9
1103,P049,Electronics,1744.32,3,0,0,15
1146,P050,Books,1014.13,6,0,0,15
1115,P041,Stationery,126.65,4,0,0,13
1076,P016,Fitness,2659.54,11,2,0,12
1095,P036,Accessories,760.81,11,0,1,18
1135,P037,Electronics,3281.37,0,0,0,7
1034,P031,Electronics,2153.69,0,0,0,2
1106,P019,Electronics,1029.98,14,3,0,17
1134,P064,Fitness,2745.27,0,0,0,8
1044,P014,Books,504.47,2,0,0,13
1170,P016,Fitness,2659.54,6,1,0,16
1147,P052,Fitness,2479.62,2,1,0,13
1092,P008,Books,848.01,1,0,0,7
1101,P041,Stationery,126.65,3,0,0,18
1093,P031,Electronics,2153.69,10,0,0,0
1069,P059,Stationery,331.95,3,0,0,12
1143,P070,Fitness,2640.88,9,1,0,15
1109,P065,Stationery,582.68,10,2,0,17
1102,P067,Electronics,737.99,2,0,0,14
1147,P053,Stationery,637.33,6,0,0,13
1014,P046,Fitness,1839.77,15,2,1,13
1179,P033,Home,410.99,0,0,0,13
1179,P042,Accessories,1972.06,10,1,0,13
1056,P036,Accessories,760.81,0,0,0,7
1062,P035,Stationery,475.01,4,0,0,10
1165,P035,Stationery,475.01,14,0,0,13
1142,P020,Books,720.24,0,0,0,11
1025,P071,Stationery,577.39,14,2,0,9
1072,P065,Stationery,582.68,9,1,0,4
1008,P062,Books,1040.4,11,0,0,12
1028,P030,Accessories,429.98,14,2,0,2
1043,P014,Books,504.47,0,0,0,15
1031,P032,Books,485.18,0,0,0,7
1168,P008,Books,848.01,2,0,0,16
1037,P027,Home,1914.45,11,1,0,2
1177,P053,Stationery,637.33,5,1,0,11
1162,P064,Fitness,2745.27,10,0,0,2
1111,P025,Electronics,2901.54,8,0,0,15
1080,P035,Stationery,475.01,4,2,1,1
1088,P042,Accessories,1972.06,1,0,0,12
1160,P072,Accessories,1934.92,5,2,0,5
1120,P070,Fitness,2640.88,4,0,0,5
1131,P045,Home,2987.24,8,0,1,16
1144,P072,Accessories,1934.92,0,0,1,15
1087,P005,Stationery,309.11,2,0,0,14
1096,P021,Home,1244.28,4,0,0,7
1085,P036,Accessories,760.81,1,0,0,4
1038,P012,Accessories,265.26,13,2,0,8
1035,P031,Electronics,2153.69,4,1,0,9
1105,P008,Books,848.01,8,1,0,2
1128,P058,Fitness,2533.51,5,1,0,6
1029,P042,Accessories,1972.06,7,2,1,10
1150,P014,Books,504.47,11,0,0,1
1114,P051,Home,2867.98,5,2,1,3
1013,P027,Home,1914.45,2,0,0,10
1153,P018,Accessories,475.09,10,1,0,2
1144,P047,Stationery,171.82,10,1,1,15
1030,P031,Electronics,2153.69,12,0,0,14
1088,P060,Accessories,1460.29,5,0,0,12
1163,P066,Accessories,1968.76,5,0,0,12
1141,P038,Books,718.93,3,1,0,14
1149,P012,Accessories,265.26,11,2,1,9
1149,P016,Fitness,2659.54,4,1,0,9
1059,P060,Accessories,1460.29,8,0,0,1
1027,P008,Books,848.01,6,0,0,14
1074,P039,Home,1725.83,2,0,0,9
1095,P048,Accessories,498.52,11,0,0,18
1123,P054,Accessories,659.65,16,3,1,4
1018,P010,Fitness,2770.64,7,0,1,14
1134,P040,Fitness,522.24,7,0,1,8
1075,P065,Stationery,582.68,4,0,0,8
1040,P053,Stationery,637.33,13,1,0,1
1052,P011,Stationery,485.47,9,2,0,7
1177,P030,Accessories,429.98,8,1,0,11
1010,P057,Home,2818.36,2,0,0,5
1084,P033,Home,410.99,6,0,0,5
1074,P002,Books,1043.27,4,0,0,9
1179,P016,Fitness,2659.54,0,0,0,13
1058,P030,Accessories,429.98,4,1,1,6
1028,P047,Stationery,171.82,9,2,1,2
1072,P061,Electronics,1198.66,2,0,0,4
1049,P011,Stationery,485.47,0,0,0,2
1165,P011,Stationery,485.47,15,0,0,13
1068,P051,Home,2867.98,2,0,0,16
1067,P045,Home,2987.24,3,1,0,6
1074,P027,Home,1914.45,3,0,1,9
1068,P041,Stationery,126.65,17,1,0,16
1005,P037,Electronics,3281.37,2,1,1,18
1016,P065,Stationery,582.68,10,1,1,6
1084,P046,Fitness,1839.77,3,0,1,5
1158,P062,Books,1040.4,10,0,0,6
1078,P058,Fitness,2533.51,2,0,0,16
1061,P069,Home,1429.77,2,0,0,13
1130,P051,Home,2867.98,8,1,1,16
1008,P059,Stationery,331.95,3,0,0,12
1121,P024,Accessories,647.01,0,0,0,4
1099,P054,Accessories,659.65,12,1,0,16
1118,P042,Accessories,1972.06,7,1,0,9
1095,P049,Electronics,1744.32,2,0,0,18
1099,P064,Fitness,2745.27,4,1,0,16
1160,P053,Stationery,637.33,2,0,1,5
1111,P017,Stationery,163.26,2,0,0,15
1102,P058,Fitness,2533.51,12,0,0,14
1074,P048,Accessories,498.52,4,0,0,9
1020,P058,Fitness,2533.51,7,0,1,4
1108,P022,Fitness,1891.11,5,1,1,14
1120,P048,Accessories,498.52,0,0,0,5
1137,P015,Home,2456.51,4,2,1,2
1135,P005,Stationery,309.11,1,0,0,7
1031,P051,Home,2867.98,8,0,0,7
1129,P045,Home,2987.24,4,1,1,7
1125,P022,Fitness,1891.11,14,1,0,13
1177,P034,Fitness,2273.57,11,1,0,11
1167,P046,Fitness,1839.77,3,0,0,4
1107,P013,Electronics,3550.72,13,1,1,3
1063,P025,Electronics,2901.54,13,2,0,10
1037,P055,Electronics,1535.83,8,1,0,2
1107,P046,Fitness,1839.77,3,0,0,3
1078,P001,Electronics,1591.46,6,0,0,16
1131,P027,Home,1914.45,2,0,0,16
1020,P034,Fitness,2273.57,5,0,0,4
1159,P057,Home,2818.36,0,0,0,17
1178,P030,Accessories,429.98,2,1,0,11
1153,P016,Fitness,2659.54,3,0,0,2
1064,P034,Fitness,2273.57,0,0,0,7
1033,P052,Fitness,2479.62,0,0,0,0
1102,P016,Fitness,2659.54,11,1,1,14
1029,P013,Electronics,3550.72,3,0,0,10
1066,P030,Accessories,429.98,0,0,0,5
1007,P037,Electronics,3281.37,7,1,0,17
1146,P016,Fitness,2659.54,0,0,0,15
1048,P001,Electronics,1591.46,0,0,0,15
1117,P023,Stationery,524.92,1,1,1,15
1072,P072,Accessories,1934.92,10,3,0,4
1036,P035,Stationery,475.01,4,0,0,4
1107,P031,Electronics,2153.69,17,5,1,3
1105,P046,Fitness,1839.77,0,0,0,2
1116,P007,Electronics,3609.79,5,1,0,4
1005,P029,Stationery,604.58,5,0,0,18
1133,P028,Fitness,2582.27,5,1,0,0
1038,P002,Books,1043.27,4,0,0,8
1068,P069,Home,1429.77,1,0,0,16
1156,P051,Home,2867.98,3,0,0,2
1134,P063,Home,3080.28,0,0,1,8
1061,P010,Fitness,2770.64,8,3,0,13
1123,P036,Accessories,760.81,10,0,0,4
1028,P052,Fitness,2479.62,3,0,0,2
1052,P028,Fitness,2582.27,14,2,0,7
1077,P031,Electronics,2153.69,6,1,0,8
1098,P012,Accessories,265.26,3,0,0,4
1026,P066,Accessories,1968.76,5,1,0,17
1137,P071,Stationery,577.39,10,1,1,2
1001,P011,Stationery,485.47,7,0,0,7
1083,P006,Accessories,557.61,6,0,0,1
1084,P052,Fitness,2479.62,4,0,0,5
1171,P019,Electronics,1029.98,5,0,0,2
1089,P065,Stationery,582.68,2,0,0,17
1113,P013,Electronics,3550.72,8,0,0,4
1108,P059,Stationery,331.95,6,1,1,14
1080,P016,Fitness,2659.54,4,0,0,1
1113,P034,Fitness,2273.57,3,0,0,4
1144,P048,Accessories,498.52,0,0,0,15
1011,P046,Fitness,1839.77,2,0,0,1
1117,P013,Electronics,3550.72,6,1,0,15
1029,P064,Fitness,2745.27,3,0,0,10
1039,P027,Home,1914.45,2,0,0,12
1044,P009,Home,2296.2,9,1,0,13
1172,P063,Home,3080.28,3,0,0,3
1111,P016,Fitness,2659.54,0,0,0,15
1058,P006,Accessories,557.61,10,1,0,6
1158,P055,Electronics,1535.83,5,1,0,6
1137,P037,Electronics,3281.37,6,2,1,2
1140,P016,Fitness,2659.54,3,0,0,13
1116,P045,Home,2987.24,5,1,1,4
1136,P022,Fitness,1891.11,0,0,0,9
1007,P025,Electronics,2901.54,5,1,0,17
1073,P054,Accessories,659.65,1,0,0,0
1063,P036,Accessories,760.81,7,1,0,10
1032,P065,Stationery,582.68,8,0,0,12
1016,P043,Electronics,3858.95,1,0,0,6
1149,P005,Stationery,309.11,1,0,0,9
1103,P009,Home,2296.2,6,1,0,15
1172,P038,Books,718.93,16,1,1,3
1074,P030,Accessories,429.98,4,1,1,9
1056,P031,Electronics,2153.69,1,0,0,7
1164,P063,Home,3080.28,7,0,0,1
1001,P039,Home,1725.83,0,0,0,7
1132,P051,Home,2867.98,0,0,1,13
1157,P017,Stationery,163.26,15,2,1,9
1014,P048,Accessories,498.52,9,0,1,13
1057,P040,Fitness,522.24,9,0,0,16
1162,P026,Books,474.39,5,0,0,2
1037,P069,Home,1429.77,11,0,0,2
1175,P016,Fitness,2659.54,11,0,0,18
1161,P065,Stationery,582.68,10,1,1,15
1048,P032,Books,485.18,4,0,0,15
1172,P029,Stationery,604.58,5,0,1,3
1013,P035,Stationery,475.01,0,0,0,10
1176,P024,Accessories,647.01,5,1,1,11
1130,P063,Home,3080.28,10,0,0,16
1067,P008,Books,848.01,7,2,0,6
1009,P007,Electronics,3609.79,4,1,0,15
1060,P021,Home,1244.28,4,0,1,17
1061,P043,Electronics,3858.95,7,1,0,13
1046,P036,Accessories,760.81,6,1,1,14
1180,P046,Fitness,1839.77,9,0,0,2
1047,P050,Books,1014.13,3,0,0,3
1033,P053,Stationery,637.33,5,1,0,0
1082,P040,Fitness,522.24,5,1,0,14
1054,P069,Home,1429.77,6,0,1,9
1151,P018,Accessories,475.09,1,0,0,16
1007,P067,Electronics,737.99,4,1,1,17
1066,P053,Stationery,637.33,9,0,0,5
1161,P007,Electronics,3609.79,10,2,0,15
1013,P029,Stationery,604.58,3,0,1,10
1139,P008,Books,848.01,4,1,0,9
1123,P009,Home,2296.2,0,0,0,4
1143,P020,Books,720.24,0,0,0,15
1074,P013,Electronics,3550.72,10,2,0,9
1119,P016,Fitness,2659.54,3,0,0,3
1033,P030,Accessories,429.98,3,0,0,0
1086,P005,Stationery,309.11,8,1,1,6
1125,P069,Home,1429.77,3,0,0,13
1136,P040,Fitness,522.24,8,0,0,9
1121,P027,Home,1914.45,0,0,0,4
1042,P006,Accessories,557.61,0,0,0,18
1153,P067,Electronics,737.99,0,0,0,2
1076,P070,Fitness,2640.88,14,5,1,12
1062,P053,Stationery,637.33,4,0,0,10
1149,P022,Fitness,1891.11,6,0,0,9
1005,P049,Electronics,1744.32,4,0,1,18
1164,P058,Fitness,2533.51,2,0,0,1
1175,P041,Stationery,126.65,2,0,1,18
1023,P026,Books,474.39,8,0,1,14
1174,P023,Stationery,524.92,2,0,0,4
1023,P011,Stationery,485.47,0,0,0,14
1042,P063,Home,3080.28,1,0,0,18
1133,P007,Electronics,3609.79,5,0,0,0
1087,P058,Fitness,2533.51,10,3,1,14
1127,P020,Books,720.24,5,0,0,14
1157,P052,Fitness,2479.62,4,0,0,9
1124,P040,Fitness,522.24,0,0,0,9
1144,P061,Electronics,1198.66,3,0,0,15
1065,P050,Books,1014.13,2,0,0,15
1063,P009,Home,2296.2,8,1,1,10
1085,P043,Electronics,3858.95,7,0,0,4
1159,P047,Stationery,171.82,8,1,0,17
1173,P070,Fitness,2640.88,12,3,0,16
1067,P021,Home,1244.28,7,2,0,6
1017,P065,Stationery,582.68,2,0,0,12
1029,P006,Accessories,557.61,11,1,0,10
1060,P012,Accessories,265.26,3,0,0,17
1163,P012,Accessories,265.26,6,0,0,12
1166,P005,Stationery,309.11,2,1,0,12
1104,P049,Electronics,1744.32,12,1,0,5
1049,P064,Fitness,2745.27,3,0,0,2
1108,P003,Home,3130.68,0,0,0,14
1162,P068,Books,876.08,10,1,0,2
1113,P009,Home,2296.2,5,0,0,4
1059,P068,Books,876.08,3,2,1,1
1174,P068,Books,876.08,1,0,1,4
1116,P030,Accessories,429.98,15,3,0,4
1172,P006,Accessories,557.61,2,0,0,3
1109,P044,Books,713.75,10,2,0,17
1115,P051,Home,2867.98,4,0,0,13
1088,P045,Home,2987.24,4,1,0,12
1082,P005,Stationery,309.11,8,1,0,14
1074,P026,Books,474.39,5,0,0,9
1156,P041,Stationery,126.65,9,1,0,2
1073,P018,Accessories,475.09,4,0,0,0
1065,P046,Fitness,1839.77,11,0,0,15
1081,P025,Electronics,2901.54,6,0,0,1
1130,P031,Electronics,2153.69,13,0,1,16
1032,P023,Stationery,524.92,1,0,0,12
1075,P054,Accessories,659.65,2,0,1,8
1155,P034,Fitness,2273.57,4,1,0,5
1151,P056,Books,337.37,7,2,1,16
1119,P033,Home,410.99,2,0,0,3
1008,P042,Accessories,1972.06,4,0,0,12
1058,P026,Books,474.39,5,0,0,6
1166,P052,Fitness,2479.62,7,0,0,12
1152,P064,Fitness,2745.27,6,0,0,11
1146,P008,Books,848.01,5,0,0,15
1149,P008,Books,848.01,4,0,0,9
1106,P072,Accessories,1934.92,4,0,0,17
1101,P022,Fitness,1891.11,4,0,0,18
1126,P036,Accessories,760.81,10,0,0,0
1047,P029,Stationery,604.58,0,0,1,3
1098,P068,Books,876.08,3,0,0,4
1143,P047,Stationery,171.82,0,0,0,15
1046,P012,Accessories,265.26,8,1,0,14
1178,P023,Stationery,524.92,12,1,0,11
1033,P034,Fitness,2273.57,8,2,0,0
1081,P046,Fitness,1839.77,3,0,0,1
1141,P043,Electronics,3858.95,2,0,0,14
1142,P066,Accessories,1968.76,4,0,0,11
1097,P046,Fitness,1839.77,3,1,0,17
1089,P015,Home,2456.51,7,0,0,17
1113,P005,Stationery,309.11,4,0,0,4
1129,P043,Electronics,3858.95,1,0,0,7
1129,P016,Fitness,2659.54,0,0,0,7
1170,P064,Fitness,2745.27,3,3,1,16
1050,P048,Accessories,498.52,6,0,1,12
1090,P019,Electronics,1029.98,6,1,1,18
1012,P052,Fitness,2479.62,1,0,0,0
1153,P061,Electronics,1198.66,3,0,0,2
1127,P030,Accessories,429.98,9,2,0,14
1147,P023,Stationery,524.92,9,1,0,13
1161,P058,Fitness,2533.51,5,0,0,15
1080,P015,Home,2456.51,3,0,0,1
1113,P053,Stationery,637.33,4,0,1,4
1087,P043,Electronics,3858.95,7,1,0,14
1128,P044,Books,713.75,2,0,1,6
1083,P033,Home,410.99,5,0,0,1
1145,P030,Accessories,429.98,6,0,0,17
1094,P021,Home,1244.28,4,0,1,15
1168,P057,Home,2818.36,9,0,0,16
1110,P072,Accessories,1934.92,2,0,0,11
1069,P065,Stationery,582.68,6,0,0,12
1019,P072,Accessories,1934.92,2,0,1,1
1152,P004,Fitness,2522.32,0,0,0,11
1016,P029,Stationery,604.58,5,0,0,6
1087,P037,Electronics,3281.37,11,2,0,14
1038,P053,Stationery,637.33,4,1,0,8
1033,P007,Electronics,3609.79,3,0,1,0
1140,P048,Accessories,498.52,1,0,0,13
1132,P050,Books,1014.13,3,0,0,13
1164,P067,Electronics,737.99,3,0,0,1
1032,P001,Electronics,1591.46,10,0,0,12
1091,P071,Stationery,577.39,12,5,0,14
1136,P051,Home,2867.98,5,0,0,9
1170,P017,Stationery,163.26,7,0,0,16
1111,P054,Accessories,659.65,16,3,1,15
1070,P037,Electronics,3281.37,5,0,0,3
1056,P062,Books,1040.4,4,0,1,7
1006,P044,Books,713.75,5,0,0,10
1094,P028,Fitness,2582.27,6,0,0,15
1089,P033,Home,410.99,10,3,1,17
1145,P067,Electronics,737.99,11,0,1,17
1104,P026,Books,474.39,3,0,1,5
1005,P066,Accessories,1968.76,9,2,1,18
1177,P032,Books,485.18,2,0,0,11
1019,P005,Stationery,309.11,2,0,0,1
1147,P007,Electronics,3609.79,0,0,0,13
1056,P010,Fitness,2770.64,0,0,0,7
1014,P004,Fitness,2522.32,13,0,0,13
1133,P055,Electronics,1535.83,3,0,0,0
1140,P031,Electronics,2153.69,8,1,1,13
1067,P027,Home,1914.45,9,1,0,6
1099,P004,Fitness,2522.32,1,0,0,16
1069,P042,Accessories,1972.06,4,0,0,12
1080,P048,Accessories,498.52,10,2,1,1
1062,P001,Electronics,1591.46,12,4,1,10
1163,P062,Books,1040.4,4,0,0,12
1091,P056,Books,337.37,0,0,0,14
1095,P058,Fitness,2533.51,8,0,0,18
1156,P014,Books,504.47,0,0,0,2
1084,P015,Home,2456.51,7,0,0,5
1071,P059,Stationery,331.95,0,0,0,7
1097,P019,Electronics,1029.98,3,0,0,17
1127,P052,Fitness,2479.62,5,0,0,14
1174,P015,Home,2456.51,5,0,0,4
1150,P007,Electronics,3609.79,4,1,0,1
1003,P031,Electronics,2153.69,4,1,0,0
1073,P041,Stationery,126.65,9,1,0,0
1166,P018,Accessories,475.09,5,2,1,12
1177,P020,Books,720.24,3,0,0,11
1116,P015,Home,2456.51,0,0,0,4
1153,P038,Books,718.93,0,0,0,2
1071,P009,Home,2296.2,4,0,0,7
1164,P017,Stationery,163.26,6,0,0,1
1142,P022,Fitness,1891.11,10,1,0,11
1030,P037,Electronics,3281.37,0,0,0,14
1028,P009,Home,2296.2,4,0,0,2
1074,P031,Electronics,2153.69,12,0,0,9
1041,P012,Accessories,265.26,4,0,0,13
1180,P069,Home,1429.77,3,0,0,2
1099,P067,Electronics,737.99,4,0,0,16
1023,P015,Home,2456.51,9,0,0,14
1061,P042,Accessories,1972.06,2,0,0,13
1098,P044,Books,713.75,3,0,0,4
1071,P066,Accessories,1968.76,6,0,0,7
1119,P040,Fitness,522.24,6,1,1,3
1134,P017,Stationery,163.26,9,0,0,8
1091,P028,Fitness,2582.27,0,0,0,14
1111,P065,Stationery,582.68,5,1,0,15
1161,P053,Stationery,637.33,14,2,1,15
1172,P046,Fitness,1839.77,8,1,0,3
1100,P046,Fitness,1839.77,0,0,1,14
1136,P008,Books,848.01,2,0,0,9
1006,P072,Accessories,1934.92,5,0,0,10
1086,P030,Accessories,429.98,7,0,0,6
1120,P056,Books,337.37,7,1,0,5
1001,P059,Stationery,331.95,2,0,0,7
1083,P002,Books,1043.27,12,1,0,1
1134,P053,Stationery,637.33,0,0,0,8
1141,P029,Stationery,604.58,7,2,0,14
1117,P047,Stationery,171.82,4,1,0,15
1130,P019,Electronics,1029.98,9,2,1,16
1066,P064,Fitness,2745.27,5,0,0,5
1174,P047,Stationery,171.82,3,0,0,4
1129,P028,Fitness,2582.27,2,0,0,7
1109,P038,Books,718.93,6,1,0,17
1039,P020,Books,720.24,5,0,0,12
1021,P052,Fitness,2479.62,11,3,0,15
1111,P010,Fitness,2770.64,3,0,0,15
1073,P030,Accessories,429.98,6,1,0,0
1105,P069,Home,1429.77,4,0,0,2
1130,P016,Fitness,2659.54,3,0,0,16
1111,P053,Stationery,637.33,8,1,0,15
1004,P027,Home,1914.45,2,0,1,18
1100,P038,Books,718.93,5,0,0,14
1177,P049,Electronics,1744.32,2,0,0,11
1157,P057,Home,2818.36,4,0,1,9
1136,P018,Accessories,475.09,4,0,0,9
1146,P003,Home,3130.68,12,1,0,15
1177,P048,Accessories,498.52,9,0,0,11
1024,P010,Fitness,2770.64,0,0,0,8
1036,P059,Stationery,331.95,0,0,0,4
1072,P019,Electronics,1029.98,5,1,0,4
1056,P071,Stationery,577.39,7,0,0,7
1070,P027,Home,1914.45,2,0,1,3
1046,P056,Books,337.37,1,0,0,14
1108,P060,Accessories,1460.29,0,0,0,14
1132,P009,Home,2296.2,0,0,0,13
1117,P034,Fitness,2273.57,2,1,0,15
1127,P058,Fitness,2533.51,3,0,0,14
1114,P029,Stationery,604.58,1,0,0,3
1142,P050,Books,1014.13,11,3,0,11
1174,P004,Fitness,2522.32,3,0,0,4
1048,P064,Fitness,2745.27,12,1,0,15
1163,P052,Fitness,2479.62,12,1,1,12
1049,P066,Accessories,1968.76,1,0,0,2
1147,P016,Fitness,2659.54,9,0,1,13
1136,P006,Accessories,557.61,2,1,0,9
1093,P027,Home,1914.45,1,0,0,0
1031,P042,Accessories,1972.06,0,0,0,7
1048,P031,Electronics,2153.69,0,0,0,15
1147,P057,Home,2818.36,11,3,0,13
1125,P013,Electronics,3550.72,0,0,0,13
1058,P062,Books,1040.4,4,0,0,6
1018,P026,Books,474.39,7,1,0,14
1067,P019,Electronics,1029.98,2,0,0,6
1104,P047,Stationery,171.82,5,0,0,5
1067,P049,Electronics,1744.32,1,0,0,6
1087,P016,Fitness,2659.54,9,2,1,14
1125,P021,Home,1244.28,2,0,0,13
1132,P062,Books,1040.4,4,0,0,13
1121,P067,Electronics,737.99,0,0,0,4
1083,P019,Electronics,1029.98,4,0,1,1
1169,P064,Fitness,2745.27,0,0,0,9
1030,P065,Stationery,582.68,4,0,0,14
1081,P030,Accessories,429.98,16,1,0,1
1155,P027,Home,1914.45,0,0,0,5
1074,P070,Fitness,2640.88,6,0,0,9
1103,P008,Books,848.01,0,0,0,15
1056,P014,Books,504.47,4,0,0,7
1100,P056,Books,337.37,6,0,0,14
1144,P010,Fitness,2770.64,4,0,0,15
1056,P041,Stationery,126.65,5,1,1,7
1027,P029,Stationery,604.58,4,0,0,14
1113,P040,Fitness,522.24,8,0,0,4
1038,P024,Accessories,647.01,12,2,0,8
1015,P040,Fitness,522.24,4,2,0,12
1135,P015,Home,2456.51,3,1,0,7
1029,P069,Home,1429.77,14,0,0,10
1096,P047,Stationery,171.82,14,1,1,7
1135,P042,Accessories,1972.06,0,0,0,7
1080,P040,Fitness,522.24,1,0,0,1
1072,P026,Books,474.39,1,0,0,4
1063,P047,Stationery,171.82,5,0,0,10
1105,P038,Books,718.93,9,0,1,2
1044,P058,Fitness,2533.51,3,0,0,13
1099,P068,Books,876.08,9,2,1,16
1167,P031,Electronics,2153.69,13,2,0,4
1154,P038,Books,718.93,10,0,0,6
1011,P070,Fitness,2640.88,3,1,0,1
1063,P023,Stationery,524.92,6,1,0,10
1061,P055,Electronics,1535.83,2,0,0,13
1070,P068,Books,876.08,4,0,0,3
1016,P025,Electronics,2901.54,4,1,0,6
1001,P031,Electronics,2153.69,5,1,0,7
1035,P027,Home,1914.45,9,1,0,9
1002,P045,Home,2987.24,8,0,0,4
1037,P012,Accessories,265.26,6,1,1,2
1038,P059,Stationery,331.95,9,2,1,8
1004,P006,Accessories,557.61,7,0,1,18
1072,P055,Electronics,1535.83,1,0,0,4
1098,P053,Stationery,637.33,10,2,1,4
1116,P038,Books,718.93,0,0,0,4
1047,P048,Accessories,498.52,4,0,0,3
1022,P004,Fitness,2522.32,0,0,1,8
1174,P066,Accessories,1968.76,12,1,0,4
1031,P024,Accessories,647.01,4,2,0,7
1059,P049,Electronics,1744.32,0,0,0,1
1050,P049,Electronics,1744.32,2,0,0,12
1115,P025,Electronics,2901.54,7,1,0,13
1152,P041,Stationery,126.65,0,0,0,11
1075,P004,Fitness,2522.32,8,0,0,8
1006,P042,Accessories,1972.06,1,0,1,10
1090,P044,Books,713.75,2,0,0,18
1033,P020,Books,720.24,14,1,0,0
1096,P026,Books,474.39,4,1,0,7
1061,P007,Electronics,3609.79,6,0,0,13
1009,P032,Books,485.18,11,1,1,15
1087,P013,Electronics,3550.72,8,0,0,14
1109,P014,Books,504.47,6,0,0,17
1094,P001,Electronics,1591.46,0,0,0,15
1076,P069,Home,1429.77,0,0,1,12
1003,P006,Accessories,557.61,0,0,0,0
1104,P048,Accessories,498.52,6,0,0,5
1034,P028,Fitness,2582.27,9,0,0,2
1135,P044,Books,713.75,6,0,0,7
1051,P002,Books,1043.27,9,0,0,18
1103,P057,Home,2818.36,5,1,0,15
1039,P008,Books,848.01,7,1,0,12
1138,P013,Electronics,3550.72,8,1,0,18
1093,P021,Home,1244.28,0,0,0,0
1102,P066,Accessories,1968.76,2,0,0,14
1050,P043,Electronics,3858.95,0,0,0,12
1064,P047,Stationery,171.82,5,0,0,7
1055,P045,Home,2987.24,1,0,0,4
1082,P059,Stationery,331.95,9,2,0,14
1101,P050,Books,1014.13,7,0,1,18
1152,P038,Books,718.93,2,0,1,11
1122,P001,Electronics,1591.46,10,1,0,1
1164,P055,Electronics,1535.83,2,0,0,1
1064,P006,Accessories,557.61,10,1,0,7
1109,P036,Accessories,760.81,3,0,0,17
1052,P048,Accessories,498.52,4,0,0,7
1040,P068,Books,876.08,3,0,0,1
1094,P044,Books,713.75,9,3,1,15
1109,P053,Stationery,637.33,10,0,0,17
1143,P054,Accessories,659.65,0,0,1,15
1007,P005,Stationery,309.11,0,0,0,17
1073,P031,Electronics,2153.69,1,0,0,0
1038,P020,Books,720.24,0,0,0,8
1035,P010,Fitness,2770.64,11,0,0,9
1063,P043,Electronics,3858.95,10,1,1,10
1036,P018,Accessories,475.09,4,0,0,4
1050,P061,Electronics,1198.66,1,0,0,12
1121,P052,Fitness,2479.62,9,1,0,4
1151,P045,Home,2987.24,14,2,0,16
1115,P053,Stationery,637.33,3,0,0,13
1057,P018,Accessories,475.09,24,2,0,16
1170,P051,Home,2867.98,8,2,0,16
1034,P022,Fitness,1891.11,14,1,0,2
1180,P068,Books,876.08,11,2,1,2
1104,P028,Fitness,2582.27,5,1,0,5
1063,P020,Books,720.24,2,0,0,10
1048,P021,Home,1244.28,5,0,0,15
1171,P062,Books,1040.4,8,0,0,2
1037,P061,Electronics,1198.66,0,0,0,2
1084,P006,Accessories,557.61,8,0,0,5
1011,P057,Home,2818.36,0,0,0,1
1045,P072,Accessories,1934.92,4,0,0,1
1163,P013,Electronics,3550.72,7,0,0,12
1108,P015,Home,2456.51,5,1,0,14
1068,P013,Electronics,3550.72,4,0,0,16
1141,P001,Electronics,1591.46,7,0,0,14
1077,P004,Fitness,2522.32,7,0,1,8
1125,P072,Accessories,1934.92,2,0,0,13
1067,P057,Home,2818.36,6,1,0,6
1164,P066,Accessories,1968.76,0,0,0,1
1066,P056,Books,337.37,5,0,0,5
1158,P028,Fitness,2582.27,0,0,0,6
1065,P052,Fitness,2479.62,11,0,0,15
1045,P056,Books,337.37,13,3,0,1
1176,P068,Books,876.08,8,2,0,11
1011,P063,Home,3080.28,10,0,0,1
1107,P022,Fitness,1891.11,0,0,0,3
1021,P049,Electronics,1744.32,5,0,0,15
1144,P006,Accessories,557.61,3,0,0,15
1071,P061,Electronics,1198.66,6,0,0,7
1014,P052,Fitness,2479.62,12,3,1,13
1126,P052,Fitness,2479.62,1,0,0,0
1018,P054,Accessories,659.65,0,0,0,14
1097,P063,Home,3080.28,12,1,0,17
1109,P043,Electronics,3858.95,0,0,0,17
1034,P017,Stationery,163.26,5,0,0,2
1128,P050,Books,1014.13,3,0,0,6
1067,P042,Accessories,1972.06,4,1,1,6
1122,P059,Stationery,331.95,3,0,0,1
1110,P039,Home,1725.83,2,0,1,11
1077,P056,Books,337.37,3,0,1,8
1080,P069,Home,1429.77,7,1,0,1
1001,P044,Books,713.75,4,0,0,7
1163,P024,Accessories,647.01,2,0,0,12
1130,P068,Books,876.08,3,0,0,16
1160,P031,Electronics,2153.69,5,0,0,5
1110,P035,Stationery,475.01,5,0,0,11
1149,P043,Electronics,3858.95,3,0,0,9
1003,P007,Electronics,3609.79,2,0,0,0
1180,P024,Accessories,647.01,7,1,1,2
1135,P038,Books,718.93,10,1,0,7
1033,P066,Accessories,1968.76,2,1,0,0
1033,P071,Stationery,577.39,2,1,1,0
1065,P003,Home,3130.68,0,0,0,15
1114,P062,Books,1040.4,9,2,0,3
1157,P053,Stationery,637.33,13,3,0,9
1088,P039,Home,1725.83,0,0,0,12
1099,P011,Stationery,485.47,3,0,0,16
1161,P045,Home,2987.24,0,0,0,15
1154,P015,Home,2456.51,2,0,1,6
1006,P008,Books,848.01,8,1,1,10
1106,P012,Accessories,265.26,1,0,0,17
1102,P024,Accessories,647.01,3,0,0,14
1045,P001,Electronics,1591.46,3,0,0,1
1025,P047,Stationery,171.82,11,0,0,9
1090,P035,Stationery,475.01,2,0,0,18
1091,P034,Fitness,2273.57,6,0,0,14
1055,P029,Stationery,604.58,1,0,0,4
1096,P068,Books,876.08,3,0,0,7
1064,P044,Books,713.75,7,0,1,7
1120,P072,Accessories,1934.92,3,0,0,5
1095,P001,Electronics,1591.46,2,0,0,18
1136,P004,Fitness,2522.32,1,0,0,9
1001,P019,Electronics,1029.98,7,1,0,7
1099,P058,Fitness,2533.51,9,1,0,16
1122,P063,Home,3080.28,7,0,0,1
1099,P053,Stationery,637.33,2,0,0,16
1164,P024,Accessories,647.01,4,0,1,1
1011,P054,Accessories,659.65,7,0,0,1
1112,P017,Stationery,163.26,7,1,1,11
1124,P007,Electronics,3609.79,4,0,0,9
1014,P023,Stationery,524.92,2,0,1,13
1097,P013,Electronics,3550.72,0,0,0,17
1092,P072,Accessories,1934.92,2,0,0,7
1163,P004,Fitness,2522.32,16,0,1,12
1095,P050,Books,1014.13,5,0,0,18
1155,P013,Electronics,3550.72,12,2,0,5
1045,P022,Fitness,1891.11,8,0,0,1
1050,P054,Accessories,659.65,2,0,0,12
1020,P047,Stationery,171.82,11,1,0,4
1088,P043,Electronics,3858.95,5,0,0,12
1174,P049,Electronics,1744.32,6,0,0,4
1022,P067,Electronics,737.99,6,0,0,8
1082,P061,Electronics,1198.66,1,1,1,14
1124,P019,Electronics,1029.98,6,0,0,9
1102,P044,Books,713.75,4,0,0,14
1156,P057,Home,2818.36,5,1,0,2
1131,P024,Accessories,647.01,2,0,0,16
1014,P061,Electronics,1198.66,1,0,0,13
1042,P058,Fitness,2533.51,2,0,0,18
1074,P022,Fitness,1891.11,7,1,0,9
1041,P045,Home,2987.24,2,0,0,13
1167,P015,Home,2456.51,4,0,0,4
1046,P003,Home,3130.68,5,1,0,14
1129,P069,Home,1429.77,10,1,1,7
1124,P026,Books,474.39,2,0,0,9
1026,P001,Electronics,1591.46,10,0,0,17
1112,P011,Stationery,485.47,8,2,0,11
1137,P067,Electronics,737.99,5,0,1,2
1135,P024,Accessories,647.01,1,0,0,7
1105,P006,Accessories,557.61,6,1,0,2
1002,P059,Stationery,331.95,7,0,0,4
1119,P039,Home,1725.83,4,1,0,3
1157,P025,Electronics,2901.54,2,0,0,9
1064,P029,Stationery,604.58,2,0,0,7
1164,P010,Fitness,2770.64,6,1,0,1
1042,P069,Home,1429.77,3,0,0,18
1140,P037,Electronics,3281.37,2,0,0,13
1032,P044,Books,713.75,2,1,1,12
1105,P025,Electronics,2901.54,2,0,0,2
1080,P018,Accessories,475.09,5,0,0,1
1016,P059,Stationery,331.95,6,0,0,6
1006,P051,Home,2867.98,2,0,0,10
1177,P008,Books,848.01,5,1,1,11
1109,P059,Stationery,331.95,15,3,0,17
1129,P071,Stationery,577.39,2,1,1,7
1066,P039,Home,1725.83,4,0,1,5
1034,P025,Electronics,2901.54,1,0,0,2
1013,P024,Accessories,647.01,6,1,0,10
1073,P072,Accessories,1934.92,0,0,1,0
1002,P056,Books,337.37,0,0,0,4
1134,P019,Electronics,1029.98,4,0,0,8
1014,P062,Books,1040.4,0,0,0,13
1096,P062,Books,1040.4,7,1,0,7
1019,P019,Electronics,1029.98,11,0,1,1
1057,P061,Electronics,1198.66,4,0,0,16
1119,P010,Fitness,2770.64,7,1,0,3
1052,P008,Books,848.01,0,0,0,7
1140,P011,Stationery,485.47,9,0,0,13
1047,P070,Fitness,2640.88,4,0,0,3
1103,P015,Home,2456.51,5,1,1,15
1164,P015,Home,2456.51,4,1,0,1
1116,P060,Accessories,1460.29,5,0,0,4
1071,P072,Accessories,1934.92,9,0,0,7
1058,P002,Books,1043.27,3,1,0,6
1026,P059,Stationery,331.95,4,0,0,17
1015,P050,Books,1014.13,6,1,0,12
1096,P009,Home,2296.2,1,0,0,7
1053,P031,Electronics,2153.69,2,0,0,1
1155,P046,Fitness,1839.77,2,0,0,5
1066,P014,Books,504.47,7,0,0,5
1111,P027,Home,1914.45,3,0,1,15
1114,P027,Home,1914.45,4,1,0,3
1148,P004,Fitness,2522.32,4,1,0,16
1074,P036,Accessories,760.81,4,1,0,9
1048,P048,Accessories,498.52,7,0,0,15
1093,P055,Electronics,1535.83,8,0,0,0
1135,P009,Home,2296.2,3,0,1,7
1127,P021,Home,1244.28,0,0,0,14
1010,P045,Home,2987.24,2,0,0,5
1015,P026,Books,474.39,6,1,0,12
1067,P013,Electronics,3550.72,3,0,0,6
1149,P009,Home,2296.2,1,0,0,9
1125,P005,Stationery,309.11,2,0,0,13
1082,P009,Home,2296.2,1,0,1,14
1130,P029,Stationery,604.58,8,1,0,16
1054,P066,Accessories,1968.76,0,0,0,9
1150,P061,Electronics,1198.66,0,0,0,1
1115,P048,Accessories,498.52,0,0,0,13
1012,P036,Accessories,760.81,9,1,0,0
1133,P006,Accessories,557.61,3,0,0,0
1149,P071,Stationery,577.39,1,0,0,9
1178,P025,Electronics,2901.54,3,0,0,11
1111,P057,Home,2818.36,3,0,0,15
1010,P033,Home,410.99,5,0,0,5
1016,P001,Electronics,1591.46,3,0,0,6
1013,P010,Fitness,2770.64,7,2,0,10
1044,P065,Stationery,582.68,7,1,0,13
1075,P056,Books,337.37,6,0,0,8
1057,P008,Books,848.01,5,0,0,16
1030,P049,Electronics,1744.32,8,0,0,14
1111,P055,Electronics,1535.83,8,0,0,15
1042,P072,Accessories,1934.92,0,0,1,18
1097,P052,Fitness,2479.62,1,0,0,17
1029,P058,Fitness,2533.51,4,0,0,10
1152,P014,Books,504.47,7,0,0,11
1011,P069,Home,1429.77,6,0,0,1
1056,P058,Fitness,2533.51,8,0,0,7
1136,P065,Stationery,582.68,1,0,0,9
1156,P049,Electronics,1744.32,2,0,0,2
1143,P067,Electronics,737.99,7,0,0,15
1125,P065,Stationery,582.68,9,0,1,13
1010,P055,Electronics,1535.83,6,1,0,5
1067,P036,Accessories,760.81,7,0,0,6
1110,P071,Stationery,577.39,5,1,0,11
1145,P019,Electronics,1029.98,12,0,0,17
1043,P068,Books,876.08,1,0,0,15
1105,P037,Electronics,3281.37,3,0,0,2
1135,P049,Electronics,1744.32,0,0,0,7
1151,P063,Home,3080.28,16,2,0,16
1076,P053,Stationery,637.33,2,0,0,12
1177,P058,Fitness,2533.51,7,1,0,11
1128,P022,Fitness,1891.11,4,1,0,6
1018,P002,Books,1043.27,17,4,0,14
1105,P042,Accessories,1972.06,0,0,0,2
1045,P045,Home,2987.24,3,0,0,1
1077,P061,Electronics,1198.66,6,2,0,8
1115,P039,Home,1725.83,7,1,0,13
1069,P012,Accessories,265.26,5,0,0,12
1052,P042,Accessories,1972.06,0,0,0,7
1150,P030,Accessories,429.98,4,0,0,1
1014,P068,Books,876.08,3,1,0,13
1048,P057,Home,2818.36,8,0,0,15
1034,P015,Home,2456.51,14,1,1,2
1052,P020,Books,720.24,4,1,0,7
1102,P030,Accessories,429.98,0,0,0,14
1101,P052,Fitness,2479.62,6,0,0,18
1049,P044,Books,713.75,5,0,0,2
1047,P006,Accessories,557.61,4,0,0,3
1084,P064,Fitness,2745.27,8,1,0,5
1116,P058,Fitness,2533.51,10,2,0,4
1063,P015,Home,2456.51,3,0,0,10
1132,P063,Home,3080.28,0,0,0,13
1169,P041,Stationery,126.65,13,0,0,9
1157,P019,Electronics,1029.98,0,0,0,9
1167,P065,Stationery,582.68,8,1,0,4
1147,P010,Fitness,2770.64,3,0,0,13
1101,P062,Books,1040.4,2,0,1,18
1140,P060,Accessories,1460.29,9,0,0,13
1054,P067,Electronics,737.99,1,0,0,9
1104,P043,Electronics,3858.95,9,2,0,5
1174,P050,Books,1014.13,11,1,0,4
1060,P069,Home,1429.77,8,0,1,17
1006,P024,Accessories,647.01,10,1,1,10
1156,P026,Books,474.39,3,0,0,2
1012,P047,Stationery,171.82,0,0,0,0
1014,P008,Books,848.01,3,0,0,13
1150,P034,Fitness,2273.57,6,0,0,1
1116,P069,Home,1429.77,7,1,0,4
1126,P038,Books,718.93,4,0,1,0
1003,P030,Accessories,429.98,5,1,0,0
1040,P060,Accessories,1460.29,1,0,0,1
1081,P027,Home,1914.45,5,0,0,1
1023,P025,Electronics,2901.54,12,1,0,14
1063,P006,Accessories,557.61,1,0,0,10
1116,P031,Electronics,2153.69,7,0,0,4
1138,P042,Accessories,1972.06,13,1,0,18
1068,P025,Electronics,2901.54,1,0,0,16
1148,P025,Electronics,2901.54,4,0,0,16
1046,P070,Fitness,2640.88,5,0,0,14
1098,P028,Fitness,2582.27,7,0,1,4
1152,P017,Stationery,163.26,4,0,1,11
1162,P031,Electronics,2153.69,2,0,0,2
1067,P001,Electronics,1591.46,1,0,0,6
1108,P049,Electronics,1744.32,3,0,1,14
1077,P055,Electronics,1535.83,3,0,0,8
1151,P036,Accessories,760.81,1,0,0,16
1148,P012,Accessories,265.26,14,1,1,16
1005,P025,Electronics,2901.54,0,0,1,18
1150,P070,Fitness,2640.88,7,0,1,1
1062,P043,Electronics,3858.95,6,2,1,10
1113,P004,Fitness,2522.32,5,2,0,4
1083,P007,Electronics,3609.79,1,0,0,1
1009,P052,Fitness,2479.62,0,0,0,15
1156,P020,Books,720.24,3,1,0,2
1122,P020,Books,720.24,6,0,0,1
1158,P029,Stationery,604.58,1,0,0,6
1139,P051,Home,2867.98,0,0,1,9
1141,P016,Fitness,2659.54,9,0,0,14
1108,P025,Electronics,2901.54,1,0,0,14
1128,P038,Books,718.93,5,0,0,6
1095,P046,Fitness,1839.77,8,1,0,18
1163,P040,Fitness,522.24,8,1,0,12
1057,P048,Accessories,498.52,11,1,1,16
1150,P031,Electronics,2153.69,0,0,0,1
1114,P014,Books,504.47,1,0,1,3
1003,P047,Stationery,171.82,0,0,0,0
1153,P007,Electronics,3609.79,13,0,0,2
1037,P059,Stationery,331.95,2,0,0,2
1094,P052,Fitness,2479.62,1,0,0,15
1038,P063,Home,3080.28,9,3,0,8
1071,P035,Stationery,475.01,0,0,0,7
1026,P005,Stationery,309.11,10,0,0,17
1121,P071,Stationery,577.39,4,0,0,4
1048,P022,Fitness,1891.11,8,1,0,15
1070,P020,Books,720.24,5,0,0,3
1032,P037,Electronics,3281.37,7,0,0,12
1097,P009,Home,2296.2,11,1,1,17
1118,P002,Books,1043.27,8,3,1,9
1075,P019,Electronics,1029.98,5,0,0,8
1152,P023,Stationery,524.92,2,0,0,11
1032,P057,Home,2818.36,12,2,1,12
1140,P040,Fitness,522.24,1,0,0,13
1145,P029,Stationery,604.58,9,1,0,17
1099,P001,Electronics,1591.46,1,1,1,16
1102,P057,Home,2818.36,7,0,0,14
1117,P028,Fitness,2582.27,4,0,1,15
1022,P022,Fitness,1891.11,8,1,0,8
1103,P064,Fitness,2745.27,11,3,1,15
1131,P047,Stationery,171.82,0,0,0,16
1008,P015,Home,2456.51,6,0,0,12
1030,P018,Accessories,475.09,0,0,0,14
1017,P023,Stationery,524.92,3,0,0,12
1126,P072,Accessories,1934.92,12,3,0,0
1122,P018,Accessories,475.09,5,0,0,1
1139,P054,Accessories,659.65,0,0,0,9
1079,P001,Electronics,1591.46,6,1,0,6
1111,P034,Fitness,2273.57,4,1,0,15
1071,P068,Books,876.08,3,1,0,7
1012,P057,Home,2818.36,6,0,0,0
1032,P002,Books,1043.27,2,0,0,12
1145,P009,Home,2296.2,6,1,0,17
1033,P001,Electronics,1591.46,7,1,0,0
1028,P034,Fitness,2273.57,7,0,0,2
1037,P035,Stationery,475.01,3,0,0,2
1155,P023,Stationery,524.92,0,0,0,5
1020,P045,Home,2987.24,3,0,0,4
1001,P040,Fitness,522.24,3,0,1,7
1174,P035,Stationery,475.01,4,1,0,4
1125,P031,Electronics,2153.69,1,0,0,13
1009,P057,Home,2818.36,10,1,0,15
1125,P053,Stationery,637.33,6,1,0,13
1033,P059,Stationery,331.95,6,0,0,0
1025,P045,Home,2987.24,5,1,1,9
1168,P019,Electronics,1029.98,5,1,0,16
1006,P005,Stationery,309.11,2,0,0,10
1039,P014,Books,504.47,6,1,1,12
1038,P003,Home,3130.68,7,1,0,8
1054,P031,Electronics,2153.69,1,0,0,9
1153,P040,Fitness,522.24,2,0,0,2
1085,P028,Fitness,2582.27,3,0,0,4
1070,P042,Accessories,1972.06,1,0,1,3
1061,P051,Home,2867.98,6,0,0,13
1174,P055,Electronics,1535.83,3,0,0,4
1083,P025,Electronics,2901.54,3,1,0,1
1179,P015,Home,2456.51,0,0,0,13
1022,P030,Accessories,429.98,3,1,0,8
1075,P027,Home,1914.45,3,0,1,8
1119,P050,Books,1014.13,0,0,0,3
1142,P012,Accessories,265.26,9,1,1,11
1080,P020,Books,720.24,1,0,0,1
1070,P062,Books,1040.4,7,0,0,3
1070,P064,Fitness,2745.27,4,0,0,3
1049,P051,Home,2867.98,14,1,0,2
1062,P057,Home,2818.36,4,0,0,10
1140,P067,Electronics,737.99,9,2,1,13
1003,P048,Accessories,498.52,2,0,0,0
1060,P063,Home,3080.28,8,2,0,17
1045,P027,Home,1914.45,5,0,0,1
1071,P019,Electronics,1029.98,6,1,1,7
1171,P049,Electronics,1744.32,5,1,1,2
1096,P003,Home,3130.68,3,0,0,7
1004,P026,Books,474.39,11,1,1,18
1071,P022,Fitness,1891.11,4,0,0,7
1096,P028,Fitness,2582.27,2,0,1,7
1170,P045,Home,2987.24,12,2,1,16
1160,P043,Electronics,3858.95,7,1,0,5
1049,P016,Fitness,2659.54,5,1,1,2
1041,P022,Fitness,1891.11,5,1,0,13
1104,P007,Electronics,3609.79,7,1,0,5
1079,P045,Home,2987.24,1,0,0,6
1014,P018,Accessories,475.09,3,0,0,13
1030,P038,Books,718.93,6,0,0,14
1124,P059,Stationery,331.95,7,0,0,9
1113,P037,Electronics,3281.37,11,2,0,4
1175,P069,Home,1429.77,7,0,0,18
1081,P041,Stationery,126.65,9,0,0,1
1039,P016,Fitness,2659.54,6,0,0,12
1160,P065,Stationery,582.68,0,0,0,5
1155,P003,Home,3130.68,2,0,0,5
1140,P022,Fitness,1891.11,9,0,0,13
1095,P061,Electronics,1198.66,7,0,0,18
1176,P048,Accessories,498.52,7,0,0,11
1143,P052,Fitness,2479.62,11,3,0,15
1068,P052,Fitness,2479.62,6,0,0,16
1115,P043,Electronics,3858.95,4,0,0,13
1095,P017,Stationery,163.26,4,0,0,18
1021,P068,Books,876.08,8,2,0,15
1072,P062,Books,1040.4,0,0,0,4
1089,P016,Fitness,2659.54,2,0,0,17
1022,P006,Accessories,557.61,6,1,0,8
1058,P005,Stationery,309.11,7,2,0,6
1068,P004,Fitness,2522.32,8,1,0,16
1146,P056,Books,337.37,2,0,0,15
1081,P072,Accessories,1934.92,9,0,0,1
1040,P025,Electronics,2901.54,7,1,0,1
1014,P031,Electronics,2153.69,2,0,0,13
1036,P041,Stationery,126.65,6,0,0,4
1053,P040,Fitness,522.24,10,2,1,1
1102,P025,Electronics,2901.54,4,0,1,14
1174,P069,Home,1429.77,3,1,1,4
1097,P029,Stationery,604.58,3,0,0,17
1009,P008,Books,848.01,11,2,0,15
1105,P060,Accessories,1460.29,1,0,0,2
1083,P041,Stationery,126.65,10,1,0,1
1066,P047,Stationery,171.82,15,1,0,5
1100,P055,Electronics,1535.83,0,0,0,14
1137,P070,Fitness,2640.88,0,0,0,2
1069,P037,Electronics,3281.37,3,0,0,12
1017,P022,Fitness,1891.11,6,1,1,12
1065,P015,Home,2456.51,3,0,0,15
1106,P043,Electronics,3858.95,14,4,1,17
1031,P067,Electronics,737.99,12,4,0,7
1051,P063,Home,3080.28,0,0,0,18
1112,P027,Home,1914.45,3,0,0,11
1166,P049,Electronics,1744.32,11,1,1,12
1001,P037,Electronics,3281.37,7,1,0,7
1048,P050,Books,1014.13,8,1,1,15
1142,P051,Home,2867.98,5,0,1,11
1069,P007,Electronics,3609.79,0,0,0,12
1082,P013,Electronics,3550.72,5,0,1,14
1120,P034,Fitness,2273.57,7,0,0,5
1019,P002,Books,1043.27,2,0,0,1
1029,P026,Books,474.39,1,0,0,10
1067,P006,Accessories,557.61,3,0,0,6
1026,P064,Fitness,2745.27,15,1,1,17
1034,P008,Books,848.01,5,0,0,2
1123,P003,Home,3130.68,1,0,0,4
1015,P036,Accessories,760.81,2,1,1,12
1179,P043,Electronics,3858.95,12,0,0,13
1126,P050,Books,1014.13,3,0,0,0
1010,P042,Accessories,1972.06,1,1,0,5
1116,P024,Accessories,647.01,12,1,1,4
1070,P051,Home,2867.98,4,0,0,3
1100,P012,Accessories,265.26,12,1,1,14
1104,P004,Fitness,2522.32,13,2,0,5
1118,P040,Fitness,522.24,2,0,0,9
1077,P033,Home,410.99,4,2,0,8
1023,P019,Electronics,1029.98,9,1,0,14
1089,P011,Stationery,485.47,3,0,0,17
1170,P005,Stationery,309.11,0,0,0,16
1058,P027,Home,1914.45,4,0,0,6
1155,P009,Home,2296.2,4,0,0,5
1122,P028,Fitness,2582.27,0,0,0,1
1122,P006,Accessories,557.61,2,0,0,1
1089,P061,Electronics,1198.66,0,0,1,17
1166,P013,Electronics,3550.72,10,1,0,12
1021,P004,Fitness,2522.32,10,0,0,15
1099,P060,Accessories,1460.29,1,0,0,16
1104,P030,Accessories,429.98,8,0,1,5
1003,P015,Home,2456.51,3,0,0,0
1016,P023,Stationery,524.92,11,0,1,6
1036,P016,Fitness,2659.54,9,1,0,4
1082,P047,Stationery,171.82,9,2,1,14
1141,P032,Books,485.18,3,0,1,14
1116,P055,Electronics,1535.83,3,0,0,4
1146,P046,Fitness,1839.77,3,0,0,15
1069,P062,Books,1040.4,3,0,0,12
1075,P046,Fitness,1839.77,9,0,0,8
1040,P051,Home,2867.98,1,0,1,1
1025,P053,Stationery,637.33,12,0,0,9
1059,P043,Electronics,3858.95,9,0,0,1
1037,P049,Electronics,1744.32,6,2,0,2
1149,P063,Home,3080.28,3,1,0,9
1110,P010,Fitness,2770.64,3,0,1,11
1016,P058,Fitness,2533.51,0,0,0,6
1158,P052,Fitness,2479.62,3,1,0,6
1177,P026,Books,474.39,1,1,1,11
1032,P058,Fitness,2533.51,6,1,0,12
1154,P052,Fitness,2479.62,8,0,1,6
1146,P054,Accessories,659.65,3,0,0,15
1060,P005,Stationery,309.11,5,1,1,17
1138,P017,Stationery,163.26,2,0,0,18
1080,P014,Books,504.47,4,0,0,1
1073,P001,Electronics,1591.46,0,0,0,0
1108,P062,Books,1040.4,0,0,1,14
1177,P035,Stationery,475.01,8,1,1,11
1082,P032,Books,485.18,4,0,0,14
1051,P054,Accessories,659.65,5,2,0,18
1028,P065,Stationery,582.68,6,1,0,2
1055,P068,Books,876.08,0,0,0,4
1020,P020,Books,720.24,10,1,0,4
1144,P008,Books,848.01,15,4,1,15
1133,P031,Electronics,2153.69,5,1,0,0
1165,P044,Books,713.75,3,1,0,13
1034,P056,Books,337.37,9,0,0,2
1004,P068,Books,876.08,8,1,1,18
1118,P003,Home,3130.68,2,0,0,9
1117,P017,Stationery,163.26,0,0,0,15
1155,P059,Stationery,331.95,5,0,0,5
1137,P018,Accessories,475.09,4,0,0,2
1114,P053,Stationery,637.33,1,0,0,3
1067,P066,Accessories,1968.76,3,0,0,6
1109,P054,Accessories,659.65,3,0,0,17
1052,P070,Fitness,2640.88,10,3,1,7
1137,P041,Stationery,126.65,10,1,0,2
1108,P067,Electronics,737.99,1,0,0,14
1065,P035,Stationery,475.01,6,1,1,15
1161,P048,Accessories,498.52,1,0,0,15
1038,P026,Books,474.39,0,0,0,8
1076,P035,Stationery,475.01,5,1,0,12
1086,P056,Books,337.37,6,0,0,6
1094,P051,Home,2867.98,5,3,1,15
1068,P048,Accessories,498.52,5,0,0,16
1074,P056,Books,337.37,6,0,0,9
1123,P022,Fitness,1891.11,7,3,1,4
1040,P057,Home,2818.36,5,1,0,1
1005,P054,Accessories,659.65,13,1,0,18
1014,P042,Accessories,1972.06,4,0,1,13
1008,P010,Fitness,2770.64,7,0,0,12
1142,P049,Electronics,1744.32,6,0,0,11
1047,P072,Accessories,1934.92,2,0,1,3
1022,P020,Books,720.24,3,0,0,8
1148,P068,Books,876.08,3,0,1,16
1021,P024,Accessories,647.01,3,0,1,15
1166,P019,Electronics,1029.98,12,2,1,12
1044,P006,Accessories,557.61,15,1,0,13
1006,P035,Stationery,475.01,0,0,0,10
1049,P070,Fitness,2640.88,2,0,0,2
1103,P054,Accessories,659.65,3,0,1,15
1154,P070,Fitness,2640.88,7,0,1,6
1083,P060,Accessories,1460.29,0,0,0,1
1107,P043,Electronics,3858.95,10,1,0,3
1103,P020,Books,720.24,3,0,0,15
1157,P060,Accessories,1460.29,8,1,0,9
1098,P069,Home,1429.77,7,0,0,4
1049,P042,Accessories,1972.06,8,1,0,2
1159,P050,Books,1014.13,1,0,0,17
1158,P003,Home,3130.68,2,1,1,6
1116,P035,Stationery,475.01,3,0,0,4
1088,P010,Fitness,2770.64,8,0,0,12
1081,P023,Stationery,524.92,5,0,0,1
1073,P022,Fitness,1891.11,4,2,0,0
1178,P008,Books,848.01,8,0,0,11
1142,P068,Books,876.08,11,2,1,11
1049,P039,Home,1725.83,7,1,0,2
1131,P001,Electronics,1591.46,8,0,1,16
1091,P005,Stationery,309.11,14,5,1,14
1096,P031,Electronics,2153.69,4,0,0,7
1134,P047,Stationery,171.82,5,2,0,8
1012,P010,Fitness,2770.64,1,0,0,0
1035,P034,Fitness,2273.57,12,5,0,9
1105,P070,Fitness,2640.88,3,0,0,2
1034,P062,Books,1040.4,1,1,1,2
1006,P052,Fitness,2479.62,1,0,0,10
1027,P019,Electronics,1029.98,5,1,1,14
1009,P031,Electronics,2153.69,1,0,0,15
1108,P010,Fitness,2770.64,2,0,1,14
1073,P053,Stationery,637.33,2,1,0,0
1068,P068,Books,876.08,6,0,0,16
1152,P043,Electronics,3858.95,13,1,0,11
1124,P023,Stationery,524.92,5,0,1,9
1040,P046,Fitness,1839.77,0,0,0,1
1123,P069,Home,1429.77,7,1,0,4
1018,P064,Fitness,2745.27,4,0,0,14
1127,P044,Books,713.75,4,1,1,14
1180,P004,Fitness,2522.32,5,0,0,2
1079,P068,Books,876.08,2,0,0,6
1136,P067,Electronics,737.99,10,0,0,9
1168,P046,Fitness,1839.77,5,0,0,16
1179,P007,Electronics,3609.79,12,0,0,13
1142,P018,Accessories,475.09,2,0,0,11
1043,P048,Accessories,498.52,3,0,0,15
1176,P042,Accessories,1972.06,3,0,0,11
1021,P027,Home,1914.45,0,0,0,15
1152,P022,Fitness,1891.11,3,0,0,11
1122,P065,Stationery,582.68,5,1,0,1
1087,P062,Books,1040.4,5,1,1,14
1083,P028,Fitness,2582.27,6,1,0,1
1095,P008,Books,848.01,3,0,0,18
1169,P013,Electronics,3550.72,2,0,0,9
1079,P004,Fitness,2522.32,5,0,1,6
1169,P026,Books,474.39,1,0,0,9
1071,P063,Home,3080.28,1,1,1,7
1014,P033,Home,410.99,3,0,0,13
1089,P058,Fitness,2533.51,3,1,0,17
1106,P033,Home,410.99,2,0,0,17
1130,P071,Stationery,577.39,0,0,1,16
1064,P053,Stationery,637.33,4,0,0,7
1144,P003,Home,3130.68,1,0,0,15
1089,P009,Home,2296.2,7,3,1,17
1015,P035,Stationery,475.01,2,0,0,12
1115,P064,Fitness,2745.27,7,0,0,13
1130,P072,Accessories,1934.92,4,2,0,16
1051,P061,Electronics,1198.66,0,0,1,18
1064,P009,Home,2296.2,1,0,0,7
1022,P057,Home,2818.36,12,0,0,8
1047,P061,Electronics,1198.66,10,1,1,3
1079,P059,Stationery,331.95,17,2,0,6
1093,P011,Stationery,485.47,0,0,0,0
1068,P043,Electronics,3858.95,6,0,0,16
1113,P072,Accessories,1934.92,0,0,1,4
1121,P019,Electronics,1029.98,4,0,1,4
1039,P025,Electronics,2901.54,7,1,0,12
1070,P022,Fitness,1891.11,5,0,0,3
1013,P052,Fitness,2479.62,13,0,0,10
1066,P036,Accessories,760.81,4,1,0,5
1035,P050,Books,1014.13,3,0,0,9
1169,P054,Accessories,659.65,8,2,0,9
1019,P040,Fitness,522.24,2,1,0,1
1073,P067,Electronics,737.99,8,0,0,0
1071,P020,Books,720.24,1,0,0,7
1106,P013,Electronics,3550.72,13,2,0,17
1085,P058,Fitness,2533.51,5,0,0,4
1035,P036,Accessories,760.81,7,0,0,9
1023,P039,Home,1725.83,13,2,0,14
1008,P053,Stationery,637.33,1,0,0,12
1156,P038,Books,718.93,6,1,0,2
1005,P027,Home,1914.45,2,0,0,18
1118,P018,Accessories,475.09,7,1,0,9
1085,P026,Books,474.39,0,0,0,4
1180,P065,Stationery,582.68,5,0,0,2
1117,P010,Fitness,2770.64,6,2,0,15
1067,P015,Home,2456.51,6,0,1,6
1138,P018,Accessories,475.09,8,0,0,18
1103,P022,Fitness,1891.11,7,0,0,15
1123,P044,Books,713.75,1,0,0,4
1047,P008,Books,848.01,1,1,1,3
1109,P020,Books,720.24,5,1,1,17
1129,P012,Accessories,265.26,12,3,0,7
1084,P008,Books,848.01,5,0,0,5
1129,P027,Home,1914.45,6,3,0,7
1029,P068,Books,876.08,2,0,0,10
1101,P068,Books,876.08,6,0,0,18
1046,P045,Home,2987.24,7,1,0,14
1042,P024,Accessories,647.01,5,0,1,18
1016,P040,Fitness,522.24,2,1,1,6
1060,P029,Stationery,604.58,3,0,0,17
1080,P033,Home,410.99,5,0,0,1
1027,P041,Stationery,126.65,14,1,0,14
1124,P035,Stationery,475.01,4,0,0,9
1085,P034,Fitness,2273.57,1,0,0,4
1137,P050,Books,1014.13,5,1,0,2
1024,P020,Books,720.24,2,0,0,8
1120,P003,Home,3130.68,4,0,0,5
1107,P029,Stationery,604.58,2,0,0,3
1125,P051,Home,2867.98,7,0,0,13
1040,P050,Books,1014.13,11,1,0,1
1101,P063,Home,3080.28,7,0,1,18
1058,P067,Electronics,737.99,3,1,0,6
1021,P028,Fitness,2582.27,3,0,0,15
1118,P063,Home,3080.28,2,0,0,9
1159,P059,Stationery,331.95,10,2,0,17
1132,P044,Books,713.75,1,1,1,13
1151,P028,Fitness,2582.27,3,0,0,16
1138,P028,Fitness,2582.27,2,0,0,18
1144,P017,Stationery,163.26,4,1,1,15
1054,P016,Fitness,2659.54,0,0,0,9
1035,P024,Accessories,647.01,4,0,0,9
1017,P064,Fitness,2745.27,4,0,0,12
1145,P024,Accessories,647.01,7,1,1,17
1008,P052,Fitness,2479.62,3,0,0,12
1130,P008,Books,848.01,5,0,1,16
1060,P051,Home,2867.98,7,0,0,17
1044,P056,Books,337.37,4,0,0,13
1013,P002,Books,1043.27,5,0,0,10
1082,P066,Accessories,1968.76,7,0,0,14
1175,P052,Fitness,2479.62,11,1,0,18
1016,P060,Accessories,1460.29,0,0,0,6
1159,P070,Fitness,2640.88,2,0,1,17
1147,P036,Accessories,760.81,4,0,0,13
1101,P031,Electronics,2153.69,5,0,0,18
1087,P012,Accessories,265.26,3,0,0,14
1107,P035,Stationery,475.01,0,0,1,3
1112,P065,Stationery,582.68,9,1,0,11
1090,P049,Electronics,1744.32,15,1,0,18
1071,P051,Home,2867.98,3,0,0,7
1122,P002,Books,1043.27,9,1,0,1
1153,P064,Fitness,2745.27,4,0,0,2
1155,P011,Stationery,485.47,2,0,0,5
1128,P021,Home,1244.28,9,1,1,6
1114,P031,Electronics,2153.69,5,2,0,3
1171,P052,Fitness,2479.62,2,0,0,2
1077,P028,Fitness,2582.27,7,0,0,8
1157,P015,Home,2456.51,1,0,0,9
1101,P001,Electronics,1591.46,2,0,0,18
1117,P015,Home,2456.51,5,1,0,15
1018,P058,Fitness,2533.51,0,0,0,14
1128,P071,Stationery,577.39,6,1,0,6
1041,P017,Stationery,163.26,13,2,1,13
1153,P049,Electronics,1744.32,4,0,0,2
1085,P018,Accessories,475.09,7,1,0,4
1028,P064,Fitness,2745.27,0,0,0,2
1124,P051,Home,2867.98,11,0,1,9
1117,P016,Fitness,2659.54,0,0,1,15
1167,P012,Accessories,265.26,5,0,0,4
1124,P018,Accessories,475.09,6,0,0,9
1080,P044,Books,713.75,5,1,1,1
1037,P026,Books,474.39,9,1,0,2
1004,P003,Home,3130.68,10,0,0,18
1167,P051,Home,2867.98,7,1,0,4
1111,P012,Accessories,265.26,11,1,1,15
1019,P052,Fitness,2479.62,3,0,0,1
1043,P031,Electronics,2153.69,1,0,0,15
1159,P031,Electronics,2153.69,8,0,1,17
1178,P021,Home,1244.28,1,0,0,11
1158,P061,Electronics,1198.66,5,0,0,6
1100,P023,Stationery,524.92,1,1,1,14
1002,P062,Books,1040.4,4,0,0,4
1087,P014,Books,504.47,4,0,0,14
1118,P011,Stationery,485.47,0,0,0,9
1173,P048,Accessories,498.52,3,0,0,16
1156,P067,Electronics,737.99,0,0,0,2
1119,P021,Home,1244.28,5,0,0,3
1111,P042,Accessories,1972.06,8,1,0,15
1009,P053,Stationery,637.33,4,0,0,15
1043,P023,Stationery,524.92,2,0,1,15
1069,P036,Accessories,760.81,4,0,0,12
1141,P012,Accessories,265.26,0,0,0,14
1173,P034,Fitness,2273.57,7,0,0,16
1109,P040,Fitness,522.24,6,0,0,17
1159,P007,Electronics,3609.79,8,1,0,17
1049,P028,Fitness,2582.27,1,0,0,2
1067,P012,Accessories,265.26,4,0,0,6
1067,P005,Stationery,309.11,4,0,0,6
1084,P042,Accessories,1972.06,5,2,0,5
1118,P039,Home,1725.83,7,0,0,9
1082,P048,Accessories,498.52,2,0,0,14
1146,P038,Books,718.93,0,0,1,15
1068,P002,Books,1043.27,9,2,1,16
1056,P066,Accessories,1968.76,4,1,0,7
1072,P015,Home,2456.51,3,1,0,4
1085,P055,Electronics,1535.83,9,0,0,4
1008,P072,Accessories,1934.92,5,0,0,12
1072,P051,Home,2867.98,0,0,0,4
1109,P027,Home,1914.45,2,0,1,17
1088,P056,Books,337.37,3,0,0,12
1106,P063,Home,3080.28,5,0,0,17
1077,P003,Home,3130.68,9,0,1,8
1063,P064,Fitness,2745.27,7,0,0,10
1045,P033,Home,410.99,3,0,0,1
1071,P029,Stationery,604.58,2,0,0,7
1080,P031,Electronics,2153.69,1,0,0,1
1170,P069,Home,1429.77,10,0,1,16
1123,P064,Fitness,2745.27,5,1,0,4
1146,P067,Electronics,737.99,4,0,0,15
1179,P012,Accessories,265.26,6,2,0,13
1121,P064,Fitness,2745.27,15,1,1,4
1098,P031,Electronics,2153.69,4,1,0,4
1043,P041,Stationery,126.65,0,0,0,15
1124,P065,Stationery,582.68,11,0,0,9
1006,P002,Books,1043.27,4,0,0,10
1109,P031,Electronics,2153.69,8,2,0,17
1134,P016,Fitness,2659.54,4,0,0,8
1143,P030,Accessories,429.98,7,0,0,15
1158,P054,Accessories,659.65,3,0,0,6
1002,P017,Stationery,163.26,4,1,0,4
1118,P012,Accessories,265.26,6,0,0,9
1004,P064,Fitness,2745.27,6,0,0,18
1045,P035,Stationery,475.01,4,0,0,1
1176,P053,Stationery,637.33,1,0,0,11
1007,P051,Home,2867.98,3,0,0,17
1063,P016,Fitness,2659.54,2,1,0,10
1127,P060,Accessories,1460.29,13,2,0,14
1114,P019,Electronics,1029.98,3,0,0,3
1077,P029,Stationery,604.58,4,0,0,8
1120,P022,Fitness,1891.11,0,0,0,5
1144,P013,Electronics,3550.72,4,0,0,15
1108,P031,Electronics,2153.69,2,0,0,14
1144,P038,Books,718.93,8,0,0,15
1171,P071,Stationery,577.39,5,0,0,2
1169,P052,Fitness,2479.62,3,1,1,9
1165,P012,Accessories,265.26,4,0,0,13
1046,P015,Home,2456.51,6,3,1,14
1175,P064,Fitness,2745.27,11,0,0,18
1007,P058,Fitness,2533.51,8,1,0,17
1019,P057,Home,2818.36,14,3,0,1
1119,P022,Fitness,1891.11,6,0,0,3
1066,P013,Electronics,3550.72,8,1,0,5
1114,P003,Home,3130.68,2,0,0,3
1005,P017,Stationery,163.26,10,2,0,18
1128,P043,Electronics,3858.95,7,1,0,6
1137,P025,Electronics,2901.54,7,1,0,2
1157,P047,Stationery,171.82,10,0,0,9
1149,P067,Electronics,737.99,6,0,0,9
1094,P002,Books,1043.27,8,1,0,15
1041,P065,Stationery,582.68,15,3,0,13
1115,P042,Accessories,1972.06,2,0,1,13
1173,P030,Accessories,429.98,9,1,1,16
1138,P008,Books,848.01,1,1,1,18
1163,P067,Electronics,737.99,7,0,0,12
1032,P004,Fitness,2522.32,6,1,0,12
1128,P018,Accessories,475.09,3,0,0,6
1122,P029,Stationery,604.58,5,1,0,1
1018,P066,Accessories,1968.76,4,0,0,14
1002,P044,Books,713.75,1,1,1,4
1045,P002,Books,1043.27,16,3,0,1
1042,P041,Stationery,126.65,9,2,0,18
1138,P032,Books,485.18,4,0,0,18
1139,P024,Accessories,647.01,4,0,0,9
1177,P036,Accessories,760.81,11,0,0,11
1179,P032,Books,485.18,2,0,0,13
1171,P020,Books,720.24,5,0,1,2
1015,P058,Fitness,2533.51,6,0,0,12
1012,P024,Accessories,647.01,2,0,0,0
1070,P009,Home,2296.2,1,0,0,3
1150,P069,Home,1429.77,7,0,0,1
1097,P070,Fitness,2640.88,4,1,0,17
1117,P004,Fitness,2522.32,5,1,0,15
1093,P003,Home,3130.68,5,1,0,0
1117,P064,Fitness,2745.27,1,0,0,15
1114,P047,Stationery,171.82,8,0,0,3
1088,P029,Stationery,604.58,2,0,1,12
1060,P002,Books,1043.27,9,1,0,17
1116,P059,Stationery,331.95,3,0,0,4
1062,P042,Accessories,1972.06,7,0,0,10
1128,P008,Books,848.01,0,0,0,6
1097,P018,Accessories,475.09,6,0,1,17
1160,P003,Home,3130.68,3,1,0,5
1123,P048,Accessories,498.52,9,1,1,4
1130,P053,Stationery,637.33,4,0,0,16
1120,P044,Books,713.75,8,2,0,5
1105,P032,Books,485.18,12,1,0,2
1105,P016,Fitness,2659.54,1,0,1,2
1028,P044,Books,713.75,2,1,0,2
1124,P009,Home,2296.2,14,3,1,9
1032,P029,Stationery,604.58,0,0,0,12
1125,P041,Stationery,126.65,12,0,1,13
1053,P024,Accessories,647.01,6,1,0,1
1164,P031,Electronics,2153.69,4,0,0,1
1075,P023,Stationery,524.92,0,0,0,8
1072,P007,Electronics,3609.79,2,0,0,4
1092,P010,Fitness,2770.64,4,0,1,7
1106,P011,Stationery,485.47,0,0,0,17
1086,P022,Fitness,1891.11,1,0,0,6
1011,P071,Stationery,577.39,6,0,0,1
1162,P070,Fitness,2640.88,2,0,0,2
1138,P009,Home,2296.2,0,0,0,18
1143,P058,Fitness,2533.51,11,2,1,15
1016,P050,Books,1014.13,11,0,0,6
1141,P017,Stationery,163.26,7,2,1,14
1102,P038,Books,718.93,0,0,0,14
1137,P023,Stationery,524.92,13,1,0,2
1131,P016,Fitness,2659.54,1,0,0,16
1139,P071,Stationery,577.39,0,0,1,9
1004,P012,Accessories,265.26,1,0,0,18
1120,P066,Accessories,1968.76,2,0,0,5
1157,P022,Fitness,1891.11,3,1,0,9
1141,P037,Electronics,3281.37,0,0,0,14
1096,P043,Electronics,3858.95,4,0,0,7
1051,P049,Electronics,1744.32,0,0,0,18
1178,P027,Home,1914.45,5,2,0,11
1150,P008,Books,848.01,4,1,0,1
1053,P001,Electronics,1591.46,1,0,0,1
1094,P013,Electronics,3550.72,7,0,0,15
1125,P064,Fitness,2745.27,6,0,0,13
1031,P045,Home,2987.24,2,0,0,7
1021,P001,Electronics,1591.46,11,1,0,15
1046,P030,Accessories,429.98,1,0,0,14
1073,P065,Stationery,582.68,0,0,0,0
1116,P072,Accessories,1934.92,8,2,0,4
1131,P011,Stationery,485.47,4,0,0,16
1154,P049,Electronics,1744.32,14,1,0,6
1166,P072,Accessories,1934.92,4,0,1,12
1022,P048,Accessories,498.52,14,2,0,8
1137,P068,Books,876.08,2,0,0,2
1178,P024,Accessories,647.01,7,0,0,11
1115,P047,Stationery,171.82,3,0,0,13
1070,P026,Books,474.39,1,0,0,3
1035,P037,Electronics,3281.37,7,0,1,9
1073,P026,Books,474.39,3,0,0,0
1169,P058,Fitness,2533.51,5,1,1,9
1152,P016,Fitness,2659.54,2,0,0,11
1052,P054,Accessories,659.65,3,0,0,7
1172,P004,Fitness,2522.32,18,1,0,3
1168,P044,Books,713.75,6,0,0,16
1148,P022,Fitness,1891.11,0,0,0,16
1051,P019,Electronics,1029.98,5,0,0,18
1010,P028,Fitness,2582.27,4,0,0,5
1094,P007,Electronics,3609.79,5,1,1,15
1105,P019,Electronics,1029.98,0,0,0,2
1104,P042,Accessories,1972.06,3,0,0,5
1064,P045,Home,2987.24,7,1,0,7
1094,P049,Electronics,1744.32,4,0,1,15
1170,P040,Fitness,522.24,3,0,0,16
1024,P005,Stationery,309.11,7,0,0,8
1151,P013,Electronics,3550.72,1,0,0,16
1124,P067,Electronics,737.99,1,0,1,9
1114,P017,Stationery,163.26,0,0,0,3
1065,P012,Accessories,265.26,12,2,0,15
1155,P019,Electronics,1029.98,11,1,0,5
1111,P044,Books,713.75,5,0,0,15
1001,P062,Books,1040.4,2,0,0,7
1138,P062,Books,1040.4,0,0,0,18
1138,P050,Books,1014.13,3,1,0,18
1075,P048,Accessories,498.52,7,0,0,8
1112,P028,Fitness,2582.27,0,0,1,11
1095,P040,Fitness,522.24,12,2,0,18
1075,P036,Accessories,760.81,0,0,0,8
1081,P019,Electronics,1029.98,1,0,0,1
1042,P035,Stationery,475.01,9,1,0,18
1129,P018,Accessories,475.09,8,0,0,7
1119,P049,Electronics,1744.32,0,0,0,3
1166,P069,Home,1429.77,0,0,0,12
1107,P009,Home,2296.2,2,0,0,3
1080,P023,Stationery,524.92,0,0,0,1
1074,P021,Home,1244.28,6,0,0,9
1166,P055,Electronics,1535.83,12,1,0,12
1132,P020,Books,720.24,5,1,0,13
1113,P035,Stationery,475.01,3,0,0,4
1159,P034,Fitness,2273.57,2,0,0,17
1170,P054,Accessories,659.65,0,0,1,16
1037,P054,Accessories,659.65,5,1,0,2
1055,P038,Books,718.93,0,0,0,4
1069,P011,Stationery,485.47,8,2,0,12
1118,P030,Accessories,429.98,4,0,1,9
1081,P065,Stationery,582.68,4,0,0,1
1085,P027,Home,1914.45,4,0,0,4
1045,P049,Electronics,1744.32,0,0,0,1
1121,P004,Fitness,2522.32,11,1,1,4
1041,P061,Electronics,1198.66,0,0,1,13
1125,P046,Fitness,1839.77,12,1,1,13
1164,P032,Books,485.18,8,2,0,1
1051,P007,Electronics,3609.79,0,0,0,18
1131,P013,Electronics,3550.72,6,1,1,16
1152,P008,Books,848.01,2,0,0,11
1005,P033,Home,410.99,0,0,0,18
1020,P037,Electronics,3281.37,9,1,0,4
1061,P021,Home,1244.28,6,0,1,13
1079,P069,Home,1429.77,6,1,1,6
1025,P051,Home,2867.98,2,0,0,9
1027,P050,Books,1014.13,2,1,0,14
1175,P067,Electronics,737.99,4,0,0,18
1082,P010,Fitness,2770.64,0,0,0,14
1115,P006,Accessories,557.61,1,0,0,13
1009,P064,Fitness,2745.27,0,0,1,15
1006,P011,Stationery,485.47,1,0,0,10
1136,P048,Accessories,498.52,1,0,1,9
1111,P021,Home,1244.28,2,0,0,15
1150,P001,Electronics,1591.46,0,0,0,1
1099,P025,Electronics,2901.54,4,0,0,16
1096,P029,Stationery,604.58,8,1,0,7
1160,P025,Electronics,2901.54,5,0,0,5
1129,P035,Stationery,475.01,4,0,0,7
1163,P009,Home,2296.2,5,1,0,12
1031,P006,Accessories,557.61,0,0,0,7
1177,P009,Home,2296.2,4,0,1,11
1079,P031,Electronics,2153.69,7,1,0,6
1118,P059,Stationery,331.95,2,0,0,9
1021,P036,Accessories,760.81,5,0,0,15
1179,P036,Accessories,760.81,3,0,0,13
1047,P032,Books,485.18,6,0,0,3
1071,P056,Books,337.37,6,0,0,7
1110,P049,Electronics,1744.32,8,2,0,11
1045,P026,Books,474.39,12,0,0,1
1010,P053,Stationery,637.33,12,1,0,5
1151,P032,Books,485.18,11,1,0,16
1023,P004,Fitness,2522.32,3,0,0,14
1074,P042,Accessories,1972.06,6,1,1,9
1140,P059,Stationery,331.95,0,0,0,13
1073,P069,Home,1429.77,11,0,0,0
1073,P063,Home,3080.28,9,1,0,0
1100,P018,Accessories,475.09,10,2,0,14
1036,P065,Stationery,582.68,0,0,0,4
1065,P008,Books,848.01,2,0,0,15
1136,P049,Electronics,1744.32,10,0,1,9
1001,P030,Accessories,429.98,8,2,1,7
1142,P041,Stationery,126.65,3,0,0,11
1084,P024,Accessories,647.01,8,3,0,5
1125,P048,Accessories,498.52,0,0,0,13
1116,P049,Electronics,1744.32,0,0,0,4
1005,P041,Stationery,126.65,2,0,0,18
1045,P067,Electronics,737.99,5,0,0,1
1086,P068,Books,876.08,5,0,1,6
1163,P002,Books,1043.27,0,0,1,12
1133,P049,Electronics,1744.32,2,0,0,0
1051,P037,Electronics,3281.37,1,0,1,18
1030,P025,Electronics,2901.54,5,0,1,14
1006,P069,Home,1429.77,1,0,0,10
1156,P044,Books,713.75,6,0,0,2
1160,P007,Electronics,3609.79,7,0,0,5
1033,P025,Electronics,2901.54,8,2,1,0
1104,P039,Home,1725.83,4,0,0,5
1079,P047,Stationery,171.82,14,3,1,6
1010,P006,Accessories,557.61,9,0,0,5
1020,P064,Fitness,2745.27,5,0,1,4
1074,P010,Fitness,2770.64,9,0,0,9
1051,P045,Home,2987.24,3,0,0,18
1065,P043,Electronics,3858.95,2,1,0,15
1123,P067,Electronics,737.99,3,0,0,4
1010,P005,Stationery,309.11,11,2,1,5
1151,P049,Electronics,1744.32,6,0,0,16
1138,P006,Accessories,557.61,6,0,1,18
1066,P071,Stationery,577.39,11,4,0,5
1010,P037,Electronics,3281.37,1,1,1,5
1004,P021,Home,1244.28,3,0,0,18
1042,P026,Books,474.39,8,0,0,18
1170,P022,Fitness,1891.11,11,2,1,16
1064,P041,Stationery,126.65,1,0,0,7
1118,P015,Home,2456.51,2,0,0,9
1111,P024,Accessories,647.01,14,3,1,15
1022,P013,Electronics,3550.72,1,0,0,8
1142,P040,Fitness,522.24,14,1,1,11
1126,P043,Electronics,3858.95,9,1,0,0
1096,P070,Fitness,2640.88,2,0,0,7
1040,P039,Home,1725.83,3,0,0,1
1016,P007,Electronics,3609.79,8,2,0,6
1015,P038,Books,718.93,4,0,0,12
1076,P062,Books,1040.4,4,1,0,12
1161,P008,Books,848.01,8,1,0,15
1157,P011,Stationery,485.47,13,1,0,9
1117,P058,Fitness,2533.51,0,0,0,15
1110,P025,Electronics,2901.54,8,2,0,11
1022,P054,Accessories,659.65,7,0,0,8
1076,P030,Accessories,429.98,1,0,0,12
1131,P025,Electronics,2901.54,4,1,0,16
1070,P066,Accessories,1968.76,3,0,1,3
1149,P004,Fitness,2522.32,6,0,0,9
1037,P022,Fitness,1891.11,4,0,1,2
1127,P012,Accessories,265.26,7,0,0,14
1153,P069,Home,1429.77,2,0,0,2
1139,P013,Electronics,3550.72,14,0,1,9
1098,P003,Home,3130.68,3,0,0,4
1079,P035,Stationery,475.01,13,0,0,6
1118,P009,Home,2296.2,4,0,0,9
1013,P020,Books,720.24,7,0,0,10
1094,P040,Fitness,522.24,6,1,0,15
1077,P041,Stationery,126.65,3,0,0,8
1145,P070,Fitness,2640.88,3,0,0,17
1051,P043,Electronics,3858.95,8,0,0,18
1046,P031,Electronics,2153.69,6,0,0,14
1156,P054,Accessories,659.65,5,0,0,2
1005,P010,Fitness,2770.64,0,0,1,18
1068,P072,Accessories,1934.92,6,0,0,16
1035,P038,Books,718.93,1,0,0,9
1151,P037,Electronics,3281.37,1,0,0,16
1029,P056,Books,337.37,3,0,0,10
1033,P040,Fitness,522.24,0,0,0,0
1004,P056,Books,337.37,10,1,1,18
1028,P019,Electronics,1029.98,5,0,0,2
1039,P010,Fitness,2770.64,1,0,1,12
1062,P008,Books,848.01,2,0,0,10
1035,P058,Fitness,2533.51,9,1,0,9
1077,P072,Accessories,1934.92,14,1,0,8
1161,P034,Fitness,2273.57,5,1,0,15
1064,P036,Accessories,760.81,10,1,1,7
1066,P037,Electronics,3281.37,8,0,0,5
1026,P003,Home,3130.68,4,0,0,17
1010,P049,Electronics,1744.32,5,0,0,5
1103,P007,Electronics,3609.79,1,0,0,15
1109,P032,Books,485.18,6,0,0,17
1116,P004,Fitness,2522.32,10,1,0,4
1156,P016,Fitness,2659.54,11,0,0,2
1102,P039,Home,1725.83,2,1,1,14
1010,P010,Fitness,2770.64,7,0,0,5
1180,P019,Electronics,1029.98,0,0,0,2
1131,P067,Electronics,737.99,2,0,1,16
1043,P032,Books,485.18,4,1,0,15
1173,P060,Accessories,1460.29,0,0,0,16
1056,P029,Stationery,604.58,14,3,0,7
1125,P050,Books,1014.13,0,0,0,13
1154,P067,Electronics,737.99,12,1,0,6
1072,P052,Fitness,2479.62,0,0,0,4
1086,P037,Electronics,3281.37,2,0,0,6
1034,P012,Accessories,265.26,4,0,0,2
1007,P046,Fitness,1839.77,11,1,0,17
1164,P011,Stationery,485.47,8,2,0,1
1086,P066,Accessories,1968.76,3,0,0,6
1150,P072,Accessories,1934.92,1,0,0,1
1001,P056,Books,337.37,6,0,1,7
1180,P015,Home,2456.51,7,0,0,2
1017,P015,Home,2456.51,8,0,1,12
1115,P056,Books,337.37,13,0,1,13
1038,P038,Books,718.93,4,0,1,8
1021,P025,Electronics,2901.54,6,3,1,15
1035,P051,Home,2867.98,7,0,0,9
1008,P067,Electronics,737.99,14,2,1,12
1090,P059,Stationery,331.95,6,0,0,18
1049,P067,Electronics,737.99,10,1,0,2
1100,P007,Electronics,3609.79,2,0,0,14
1152,P042,Accessories,1972.06,7,0,0,11
1037,P046,Fitness,1839.77,3,0,1,2
1037,P065,Stationery,582.68,1,0,0,2
1103,P043,Electronics,3858.95,7,3,1,15
1010,P008,Books,848.01,5,1,0,5
1126,P049,Electronics,1744.32,3,0,0,0
1013,P015,Home,2456.51,5,0,0,10
1063,P005,Stationery,309.11,8,0,0,10
1067,P020,Books,720.24,6,0,0,6
1081,P048,Accessories,498.52,6,2,0,1
1128,P067,Electronics,737.99,16,0,0,6
1033,P015,Home,2456.51,4,0,1,0
1178,P048,Accessories,498.52,3,0,1,11
1111,P045,Home,2987.24,3,0,1,15
1131,P044,Books,713.75,10,1,0,16
1034,P002,Books,1043.27,4,0,0,2
1006,P047,Stationery,171.82,4,0,0,10
1049,P024,Accessories,647.01,2,0,0,2
1054,P040,Fitness,522.24,3,1,1,9
1107,P012,Accessories,265.26,5,0,0,3
1139,P042,Accessories,1972.06,5,0,0,9
1084,P054,Accessories,659.65,4,1,0,5
1089,P053,Stationery,637.33,0,0,0,17
1076,P007,Electronics,3609.79,12,3,0,12
1039,P049,Electronics,1744.32,4,1,0,12
1006,P065,Stationery,582.68,7,1,0,10
1046,P052,Fitness,2479.62,3,0,0,14
1048,P056,Books,337.37,5,0,0,15
1079,P042,Accessories,1972.06,4,0,0,6
1123,P018,Accessories,475.09,14,1,0,4
1083,P064,Fitness,2745.27,5,1,0,1
1124,P055,Electronics,1535.83,2,0,0,9
1031,P054,Accessories,659.65,4,0,0,7
1124,P047,Stationery,171.82,6,0,0,9
1065,P044,Books,713.75,0,0,0,15
1021,P051,Home,2867.98,1,0,0,15
1035,P011,Stationery,485.47,3,0,0,9
1104,P020,Books,720.24,8,1,0,5
1053,P044,Books,713.75,11,1,1,1
1012,P060,Accessories,1460.29,7,0,0,0
1146,P022,Fitness,1891.11,4,0,1,15
1027,P054,Accessories,659.65,1,0,0,14
1178,P019,Electronics,1029.98,5,0,0,11
1098,P023,Stationery,524.92,12,0,0,4
1125,P038,Books,718.93,1,0,1,13
1069,P070,Fitness,2640.88,0,0,0,12
1149,P019,Electronics,1029.98,6,0,0,9
1083,P001,Electronics,1591.46,7,0,0,1
1156,P018,Accessories,475.09,2,0,0,2
1119,P045,Home,2987.24,3,0,0,3
1167,P055,Electronics,1535.83,10,1,1,4
1045,P068,Books,876.08,12,0,0,1
1016,P070,Fitness,2640.88,2,0,0,6
1138,P012,Accessories,265.26,4,0,0,18
1090,P006,Accessories,557.61,1,0,0,18
1044,P040,Fitness,522.24,7,0,0,13
1073,P020,Books,720.24,6,0,0,0
1104,P027,Home,1914.45,0,0,0,5
1120,P051,Home,2867.98,2,0,0,5
1070,P034,Fitness,2273.57,0,0,0,3
1096,P023,Stationery,524.92,12,1,0,7
1035,P014,Books,504.47,1,0,0,9
1139,P031,Electronics,2153.69,14,1,0,9
1045,P063,Home,3080.28,3,0,0,1
1084,P068,Books,876.08,16,6,1,5
1150,P049,Electronics,1744.32,1,0,0,1
1036,P051,Home,2867.98,8,1,0,4
1159,P026,Books,474.39,3,0,1,17
1027,P067,Electronics,737.99,4,0,0,14
1062,P020,Books,720.24,7,0,1,10
1100,P029,Stationery,604.58,7,0,0,14
1093,P028,Fitness,2582.27,1,0,0,0
1039,P046,Fitness,1839.77,2,0,1,12
1133,P020,Books,720.24,7,1,0,0
1010,P040,Fitness,522.24,1,0,0,5
1014,P006,Accessories,557.61,10,2,0,13
1165,P067,Electronics,737.99,4,0,0,13
1108,P008,Books,848.01,9,0,0,14
1004,P031,Electronics,2153.69,5,1,0,18
1056,P053,Stationery,637.33,10,2,0,7
1020,P005,Stationery,309.11,7,0,0,4
1039,P011,Stationery,485.47,0,0,0,12
1010,P048,Accessories,498.52,5,0,1,5
1059,P009,Home,2296.2,9,2,0,1
1111,P068,Books,876.08,4,0,1,15
1079,P034,Fitness,2273.57,3,0,0,6
1074,P049,Electronics,1744.32,9,0,1,9
1129,P026,Books,474.39,3,0,0,7
1108,P021,Home,1244.28,3,0,0,14
1121,P023,Stationery,524.92,0,0,1,4
1106,P057,Home,2818.36,6,1,1,17
1096,P048,Accessories,498.52,0,0,0,7
1131,P050,Books,1014.13,11,1,0,16
1003,P052,Fitness,2479.62,3,0,0,0
1166,P015,Home,2456.51,6,2,0,12
1012,P017,Stationery,163.26,6,0,0,0
1032,P047,Stationery,171.82,5,0,0,12
1012,P011,Stationery,485.47,0,0,0,0
1089,P040,Fitness,522.24,1,0,0,17
1039,P022,Fitness,1891.11,4,0,0,12
1073,P056,Books,337.37,3,0,0,0
1133,P002,Books,1043.27,7,0,0,0
1129,P049,Electronics,1744.32,2,1,1,7
1010,P069,Home,1429.77,5,0,0,5
1051,P057,Home,2818.36,1,0,0,18
1002,P018,Accessories,475.09,4,0,0,4
1002,P067,Electronics,737.99,11,0,0,4
1159,P065,Stationery,582.68,10,2,1,17
1056,P024,Accessories,647.01,4,0,0,7
1158,P033,Home,410.99,2,1,1,6
1058,P066,Accessories,1968.76,2,0,0,6
1089,P039,Home,1725.83,11,3,1,17
1045,P003,Home,3130.68,5,0,0,1
1139,P020,Books,720.24,10,1,1,9
1086,P031,Electronics,2153.69,12,0,1,6
1086,P049,Electronics,1744.32,5,0,0,6
1159,P063,Home,3080.28,0,0,0,17
1040,P026,Books,474.39,8,0,0,1
1138,P015,Home,2456.51,5,0,0,18
1054,P025,Electronics,2901.54,4,2,1,9
1103,P035,Stationery,475.01,3,0,0,15
1078,P033,Home,410.99,5,0,0,16
1077,P035,Stationery,475.01,0,0,0,8
1117,P045,Home,2987.24,3,0,0,15
1047,P031,Electronics,2153.69,11,3,0,3
1099,P030,Accessories,429.98,3,1,1,16
1052,P007,Electronics,3609.79,2,0,1,7
1029,P011,Stationery,485.47,9,0,1,10
1164,P042,Accessories,1972.06,4,0,1,1
1056,P045,Home,2987.24,5,0,0,7
1009,P050,Books,1014.13,14,2,0,15
1069,P002,Books,1043.27,2,0,0,12
1064,P054,Accessories,659.65,14,1,0,7
1135,P071,Stationery,577.39,3,1,0,7
1074,P018,Accessories,475.09,4,0,0,9
1126,P034,Fitness,2273.57,1,0,0,0
1141,P003,Home,3130.68,3,1,0,14
1161,P059,Stationery,331.95,16,1,0,15
1103,P069,Home,1429.77,3,1,0,15
1012,P015,Home,2456.51,0,0,0,0
1075,P001,Electronics,1591.46,3,0,0,8
1071,P046,Fitness,1839.77,2,0,0,7
1164,P020,Books,720.24,8,0,0,1
1164,P049,Electronics,1744.32,6,0,0,1
1002,P027,Home,1914.45,2,1,1,4
1100,P070,Fitness,2640.88,0,0,0,14
1016,P044,Books,713.75,16,3,0,6
1152,P037,Electronics,3281.37,11,1,0,11
1162,P011,Stationery,485.47,4,0,0,2
1074,P004,Fitness,2522.32,9,0,1,9
1101,P042,Accessories,1972.06,8,1,1,18
1114,P018,Accessories,475.09,4,1,0,3
1055,P061,Electronics,1198.66,6,0,0,4
1097,P003,Home,3130.68,13,1,0,17
1160,P063,Home,3080.28,0,0,0,5
1038,P068,Books,876.08,4,0,0,8
1076,P017,Stationery,163.26,3,1,0,12
1058,P019,Electronics,1029.98,7,0,0,6
1144,P052,Fitness,2479.62,1,0,0,15
1048,P015,Home,2456.51,5,1,0,15
1105,P017,Stationery,163.26,1,0,0,2
1141,P030,Accessories,429.98,3,0,0,14
1054,P063,Home,3080.28,10,0,1,9
1107,P067,Electronics,737.99,7,2,0,3
1149,P025,Electronics,2901.54,0,0,0,9
1109,P008,Books,848.01,6,0,0,17
1178,P014,Books,504.47,0,0,0,11
1145,P045,Home,2987.24,0,0,0,17
1029,P024,Accessories,647.01,6,0,0,10
1070,P014,Books,504.47,2,0,0,3
1134,P057,Home,2818.36,0,0,0,8
1179,P062,Books,1040.4,1,0,0,13
1141,P020,Books,720.24,1,0,0,14
1040,P037,Electronics,3281.37,6,0,0,1
1026,P028,Fitness,2582.27,12,2,1,17
1048,P072,Accessories,1934.92,0,0,0,15
1062,P016,Fitness,2659.54,6,0,0,10
1023,P052,Fitness,2479.62,6,0,0,14
1070,P063,Home,3080.28,2,0,0,3
1048,P052,Fitness,2479.62,12,4,0,15
1015,P027,Home,1914.45,13,1,0,12
1174,P010,Fitness,2770.64,6,2,0,4
1180,P057,Home,2818.36,2,0,0,2
1075,P011,Stationery,485.47,7,3,1,8
1064,P039,Home,1725.83,8,1,0,7
1085,P037,Electronics,3281.37,5,0,0,4
1023,P037,Electronics,3281.37,8,0,0,14
1097,P011,Stationery,485.47,6,1,0,17
1079,P064,Fitness,2745.27,3,0,1,6
1178,P062,Books,1040.4,1,0,0,11
1119,P018,Accessories,475.09,5,0,0,3
1068,P032,Books,485.18,0,0,0,16
1065,P066,Accessories,1968.76,7,0,1,15
1025,P013,Electronics,3550.72,8,4,1,9
1172,P027,Home,1914.45,1,0,0,3
1102,P041,Stationery,126.65,4,0,1,14
1086,P046,Fitness,1839.77,10,0,1,6
1075,P007,Electronics,3609.79,2,1,0,8
1173,P037,Electronics,3281.37,4,0,0,16
1027,P028,Fitness,2582.27,3,1,1,14
1133,P015,Home,2456.51,5,1,0,0
1088,P053,Stationery,637.33,0,0,0,12
1068,P038,Books,718.93,3,0,1,16
1040,P030,Accessories,429.98,6,1,0,1
1170,P033,Home,410.99,11,4,1,16
1004,P028,Fitness,2582.27,2,0,0,18
1067,P018,Accessories,475.09,9,0,0,6
1074,P001,Electronics,1591.46,12,1,0,9
1163,P030,Accessories,429.98,0,0,1,12
1166,P044,Books,713.75,4,0,0,12
1134,P030,Accessories,429.98,0,0,0,8
1156,P004,Fitness,2522.32,6,1,1,2
1098,P010,Fitness,2770.64,7,1,1,4
1092,P020,Books,720.24,4,0,0,7
1164,P071,Stationery,577.39,11,1,0,1
1151,P038,Books,718.93,6,0,0,16
1052,P068,Books,876.08,3,0,0,7
1063,P049,Electronics,1744.32,12,2,0,10
1131,P040,Fitness,522.24,1,0,0,16
1171,P024,Accessories,647.01,5,2,0,2
1006,P006,Accessories,557.61,9,1,0,10
1142,P052,Fitness,2479.62,9,1,0,11
1125,P056,Books,337.37,1,0,0,13
1152,P057,Home,2818.36,4,0,0,11
1024,P025,Electronics,2901.54,6,0,0,8
1127,P048,Accessories,498.52,7,0,0,14
1092,P058,Fitness,2533.51,6,1,0,7
1032,P025,Electronics,2901.54,8,1,0,12
1150,P035,Stationery,475.01,0,0,0,1
1174,P008,Books,848.01,1,0,0,4
1133,P061,Electronics,1198.66,2,0,0,0
1113,P024,Accessories,647.01,2,0,0,4
1035,P039,Home,1725.83,14,1,0,9
1119,P038,Books,718.93,0,0,1,3
1102,P017,Stationery,163.26,6,0,0,14
1132,P029,Stationery,604.58,11,3,0,13
1012,P020,Books,720.24,8,0,0,0
1007,P022,Fitness,1891.11,11,3,1,17
1112,P010,Fitness,2770.64,2,0,1,11
1059,P013,Electronics,3550.72,0,0,0,1
1169,P056,Books,337.37,1,0,0,9
1174,P012,Accessories,265.26,12,2,0,4
1013,P049,Electronics,1744.32,1,1,0,10
1151,P033,Home,410.99,11,1,0,16
1121,P031,Electronics,2153.69,1,0,0,4
1168,P063,Home,3080.28,8,0,0,16
1129,P003,Home,3130.68,7,0,0,7
1153,P019,Electronics,1029.98,6,1,0,2
1024,P052,Fitness,2479.62,7,0,0,8
1018,P011,Stationery,485.47,4,1,0,14
1069,P044,Books,713.75,6,0,0,12
1152,P003,Home,3130.68,0,0,0,11
1169,P009,Home,2296.2,9,0,1,9
1081,P043,Electronics,3858.95,0,0,0,1
1167,P072,Accessories,1934.92,0,0,0,4
1009,P046,Fitness,1839.77,2,0,0,15
1050,P047,Stationery,171.82,4,0,1,12
1149,P006,Accessories,557.61,15,0,0,9
1020,P068,Books,876.08,6,0,0,4
1068,P020,Books,720.24,2,0,0,16
1120,P011,Stationery,485.47,14,3,0,5
1159,P062,Books,1040.4,4,1,0,17
1147,P046,Fitness,1839.77,4,0,0,13
1132,P014,Books,504.47,0,0,0,13
1021,P064,Fitness,2745.27,5,0,0,15
1069,P022,Fitness,1891.11,8,1,0,12
1151,P058,Fitness,2533.51,3,0,0,16
1083,P071,Stationery,577.39,3,0,0,1
1081,P040,Fitness,522.24,0,0,0,1
1172,P049,Electronics,1744.32,6,1,0,3
1095,P042,Accessories,1972.06,13,2,1,18
1001,P008,Books,848.01,6,1,0,7
1004,P060,Accessories,1460.29,4,0,0,18
1148,P039,Home,1725.83,4,0,1,16
1120,P050,Books,1014.13,9,2,1,5
1168,P067,Electronics,737.99,7,0,0,16
1077,P045,Home,2987.24,10,0,0,8
1156,P063,Home,3080.28,6,2,0,2
1032,P071,Stationery,577.39,2,0,0,12
1088,P005,Stationery,309.11,0,0,0,12
1176,P065,Stationery,582.68,0,0,0,11
1014,P053,Stationery,637.33,5,0,0,13
1035,P070,Fitness,2640.88,13,3,1,9
1045,P054,Accessories,659.65,4,0,0,1
1097,P054,Accessories,659.65,11,1,0,17
1104,P009,Home,2296.2,5,0,0,5
1168,P066,Accessories,1968.76,14,1,0,16
1111,P064,Fitness,2745.27,0,0,1,15
1084,P025,Electronics,2901.54,2,0,0,5
1042,P054,Accessories,659.65,6,1,0,18
1169,P025,Electronics,2901.54,5,1,0,9
1112,P066,Accessories,1968.76,2,0,0,11
1163,P028,Fitness,2582.27,11,0,0,12
1015,P060,Accessories,1460.29,6,1,1,12
1074,P007,Electronics,3609.79,9,0,0,9
1119,P060,Accessories,1460.29,4,0,0,3
1059,P019,Electronics,1029.98,6,1,0,1
1127,P064,Fitness,2745.27,1,0,0,14
1056,P016,Fitness,2659.54,2,0,0,7
1011,P062,Books,1040.4,6,1,0,1
1103,P028,Fitness,2582.27,13,1,0,15
1172,P056,Books,337.37,10,1,0,3
1063,P013,Electronics,3550.72,8,1,0,10
1162,P040,Fitness,522.24,0,0,0,2
1144,P023,Stationery,524.92,6,1,0,15
1090,P029,Stationery,604.58,2,0,0,18
1160,P056,Books,337.37,7,0,0,5
1027,P016,Fitness,2659.54,5,0,0,14
1015,P070,Fitness,2640.88,4,0,0,12
1097,P055,Electronics,1535.83,8,0,0,17
1009,P003,Home,3130.68,8,0,0,15
1099,P059,Stationery,331.95,2,1,1,16
1180,P023,Stationery,524.92,9,0,0,2
1099,P005,Stationery,309.11,3,0,1,16
1157,P004,Fitness,2522.32,2,0,0,9
1101,P026,Books,474.39,8,1,0,18
1149,P055,Electronics,1535.83,9,1,0,9
1129,P056,Books,337.37,2,0,0,7
1152,P056,Books,337.37,0,0,0,11
1050,P069,Home,1429.77,7,0,0,12
1004,P061,Electronics,1198.66,8,1,1,18
1110,P033,Home,410.99,0,0,0,11
1027,P040,Fitness,522.24,5,0,0,14
1075,P030,Accessories,429.98,5,0,0,8
1056,P019,Electronics,1029.98,1,0,0,7
1080,P009,Home,2296.2,8,0,0,1
1060,P024,Accessories,647.01,0,0,0,17
1068,P029,Stationery,604.58,13,3,0,16
1033,P061,Electronics,1198.66,8,1,1,0
1079,P046,Fitness,1839.77,3,0,0,6
1143,P049,Electronics,1744.32,10,4,1,15
1015,P017,Stationery,163.26,2,0,0,12
1072,P060,Accessories,1460.29,14,2,1,4
1136,P042,Accessories,1972.06,3,1,0,9
1033,P011,Stationery,485.47,0,0,0,0
1013,P007,Electronics,3609.79,1,0,0,10
1092,P032,Books,485.18,1,0,0,7
1078,P026,Books,474.39,11,0,0,16
1130,P046,Fitness,1839.77,1,0,0,16
1015,P052,Fitness,2479.62,5,1,1,12
1044,P021,Home,1244.28,9,1,0,13
1107,P055,Electronics,1535.83,12,2,0,3
1026,P020,Books,720.24,2,0,0,17
1164,P008,Books,848.01,7,0,0,1
1160,P010,Fitness,2770.64,0,0,1,5
1126,P044,Books,713.75,3,0,0,0
1087,P068,Books,876.08,4,1,1,14
1180,P020,Books,720.24,10,1,1,2
1090,P008,Books,848.01,0,0,0,18
1154,P003,Home,3130.68,5,0,0,6
1057,P036,Accessories,760.81,6,0,0,16
1080,P062,Books,1040.4,1,1,1,1
1044,P004,Fitness,2522.32,0,0,0,13
1128,P024,Accessories,647.01,0,0,0,6
1074,P053,Stationery,637.33,1,0,0,9
1082,P014,Books,504.47,3,0,0,14
1012,P044,Books,713.75,18,1,1,0
1140,P006,Accessories,557.61,3,0,0,13
1060,P058,Fitness,2533.51,3,0,0,17
1076,P013,Electronics,3550.72,11,2,1,12
1067,P016,Fitness,2659.54,9,1,0,6
1062,P018,Accessories,475.09,6,0,0,10
1050,P045,Home,2987.24,10,0,1,12
1053,P017,Stationery,163.26,3,0,0,1
1071,P045,Home,2987.24,2,0,0,7
1121,P029,Stationery,604.58,1,0,0,4
1112,P051,Home,2867.98,0,0,1,11
1170,P037,Electronics,3281.37,3,0,0,16
1169,P018,Accessories,475.09,6,0,0,9
1122,P070,Fitness,2640.88,3,0,0,1
1105,P049,Electronics,1744.32,0,0,0,2
1003,P044,Books,713.75,7,1,1,0
1119,P035,Stationery,475.01,11,2,1,3
1110,P053,Stationery,637.33,0,0,0,11
1118,P033,Home,410.99,9,1,0,9
1065,P036,Accessories,760.81,9,1,0,15
1172,P060,Accessories,1460.29,0,0,0,3
1032,P038,Books,718.93,3,0,0,12
1049,P031,Electronics,2153.69,14,2,0,2
1043,P035,Stationery,475.01,1,0,0,15
1099,P027,Home,1914.45,3,0,0,16
1171,P003,Home,3130.68,0,0,0,2
1071,P067,Electronics,737.99,7,0,0,7
1136,P030,Accessories,429.98,4,2,0,9
1050,P024,Accessories,647.01,0,0,0,12
1046,P039,Home,1725.83,3,0,1,14
1077,P019,Electronics,1029.98,4,1,0,8
1073,P061,Electronics,1198.66,1,0,1,0
1173,P013,Electronics,3550.72,4,1,0,16
1063,P044,Books,713.75,4,0,0,10
1125,P070,Fitness,2640.88,6,0,0,13
1043,P051,Home,2867.98,5,0,0,15
1106,P035,Stationery,475.01,8,0,0,17
1062,P027,Home,1914.45,2,0,0,10
1004,P024,Accessories,647.01,0,0,0,18
1163,P049,Electronics,1744.32,8,1,0,12
1028,P055,Electronics,1535.83,4,0,0,2
1031,P057,Home,2818.36,6,1,0,7
1105,P018,Accessories,475.09,5,0,0,2
1018,P004,Fitness,2522.32,1,0,1,14
1077,P016,Fitness,2659.54,1,0,0,8
1141,P071,Stationery,577.39,10,0,0,14
1001,P024,Accessories,647.01,8,2,1,7
1125,P034,Fitness,2273.57,10,1,0,13
1135,P026,Books,474.39,4,0,0,7
1143,P029,Stationery,604.58,5,2,0,15
1130,P017,Stationery,163.26,4,0,0,16
1078,P071,Stationery,577.39,17,2,0,16
1003,P012,Accessories,265.26,1,0,0,0
1108,P013,Electronics,3550.72,0,0,0,14
1161,P056,Books,337.37,3,0,0,15
1085,P066,Accessories,1968.76,2,0,0,4
1102,P014,Books,504.47,4,0,0,14
1145,P020,Books,720.24,0,0,0,17
1079,P003,Home,3130.68,7,1,0,6
1041,P060,Accessories,1460.29,3,0,0,13
1117,P014,Books,504.47,11,1,1,15
1058,P013,Electronics,3550.72,0,0,0,6
1095,P006,Accessories,557.61,9,0,1,18
1029,P062,Books,1040.4,3,0,1,10
1082,P044,Books,713.75,3,1,1,14
1115,P061,Electronics,1198.66,5,1,0,13
1080,P021,Home,1244.28,1,0,0,1
1059,P042,Accessories,1972.06,2,0,0,1
1076,P018,Accessories,475.09,0,0,0,12
1168,P050,Books,1014.13,1,0,0,16
1083,P057,Home,2818.36,3,1,0,1
1057,P028,Fitness,2582.27,9,0,0,16
1042,P002,Books,1043.27,9,2,0,18
1097,P016,Fitness,2659.54,6,0,0,17
1137,P059,Stationery,331.95,11,1,0,2
1142,P010,Fitness,2770.64,8,0,1,11
1092,P055,Electronics,1535.83,11,3,0,7
1005,P032,Books,485.18,1,0,0,18
1068,P060,Accessories,1460.29,2,0,0,16
1099,P034,Fitness,2273.57,4,0,0,16
1072,P063,Home,3080.28,1,0,0,4
1061,P046,Fitness,1839.77,4,0,0,13
1002,P036,Accessories,760.81,5,0,0,4
1141,P063,Home,3080.28,5,0,0,14
1083,P065,Stationery,582.68,3,0,1,1
1115,P028,Fitness,2582.27,9,0,0,13
1098,P059,Stationery,331.95,15,1,1,4
1086,P028,Fitness,2582.27,0,0,0,6
1178,P010,Fitness,2770.64,5,1,0,11
1139,P062,Books,1040.4,9,0,0,9
1174,P034,Fitness,2273.57,0,0,0,4
1015,P064,Fitness,2745.27,5,0,0,12
1014,P058,Fitness,2533.51,8,0,0,13
1054,P068,Books,876.08,6,2,1,9
1064,P070,Fitness,2640.88,0,0,0,7
1078,P006,Accessories,557.61,6,0,1,16
1024,P004,Fitness,2522.32,2,0,0,8
1031,P026,Books,474.39,2,1,0,7
1054,P017,Stationery,163.26,2,0,0,9
1146,P047,Stationery,171.82,4,0,0,15
1156,P005,Stationery,309.11,7,0,0,2
1031,P062,Books,1040.4,6,1,0,7
1026,P055,Electronics,1535.83,9,0,0,17
1029,P039,Home,1725.83,7,0,0,10
1135,P034,Fitness,2273.57,13,2,1,7
1144,P032,Books,485.18,7,1,1,15
1043,P016,Fitness,2659.54,14,1,0,15
1102,P011,Stationery,485.47,2,0,0,14
1166,P012,Accessories,265.26,5,0,0,12
1078,P043,Electronics,3858.95,3,0,0,16
1173,P027,Home,1914.45,0,0,0,16
1058,P035,Stationery,475.01,2,0,0,6
1052,P035,Stationery,475.01,5,1,0,7
1060,P055,Electronics,1535.83,1,1,1,17
1089,P007,Electronics,3609.79,0,0,0,17
1175,P018,Accessories,475.09,3,1,0,18
1064,P007,Electronics,3609.79,7,0,0,7
1104,P017,Stationery,163.26,4,0,0,5
1084,P014,Books,504.47,13,3,1,5
1009,P026,Books,474.39,13,1,1,15
1066,P048,Accessories,498.52,1,0,0,5
1085,P023,Stationery,524.92,11,1,1,4
1019,P012,Accessories,265.26,4,1,1,1
1015,P057,Home,2818.36,16,1,0,12
1155,P041,Stationery,126.65,3,1,0,5
1064,P048,Accessories,498.52,9,2,0,7
1041,P070,Fitness,2640.88,4,1,0,13
1169,P007,Electronics,3609.79,0,0,0,9
1163,P068,Books,876.08,2,0,0,12
1095,P047,Stationery,171.82,1,0,0,18
1121,P056,Books,337.37,5,2,1,4
1109,P009,Home,2296.2,0,0,0,17
1093,P043,Electronics,3858.95,6,0,0,0
1060,P019,Electronics,1029.98,2,0,1,17
1079,P071,Stationery,577.39,10,1,0,6
1138,P014,Books,504.47,0,0,0,18
1071,P002,Books,1043.27,2,1,1,7
1018,P051,Home,2867.98,6,0,0,14
1175,P040,Fitness,522.24,10,0,1,18
1160,P040,Fitness,522.24,7,0,0,5
1023,P010,Fitness,2770.64,5,0,0,14
1005,P018,Accessories,475.09,13,2,1,18
1045,P010,Fitness,2770.64,10,0,0,1
1023,P054,Accessories,659.65,2,0,0,14
1071,P027,Home,1914.45,1,0,0,7
1123,P014,Books,504.47,3,0,1,4
1162,P052,Fitness,2479.62,2,0,0,2
1156,P009,Home,2296.2,7,0,0,2
1026,P017,Stationery,163.26,4,0,1,17
1012,P021,Home,1244.28,2,0,0,0
1020,P032,Books,485.18,5,1,0,4
1072,P028,Fitness,2582.27,2,0,0,4
1088,P048,Accessories,498.52,2,0,0,12
1026,P042,Accessories,1972.06,5,0,0,17
1130,P070,Fitness,2640.88,5,2,0,16
1055,P023,Stationery,524.92,1,0,0,4
1069,P032,Books,485.18,8,0,0,12
1109,P019,Electronics,1029.98,2,1,0,17
1092,P017,Stationery,163.26,3,0,0,7
1028,P011,Stationery,485.47,5,0,0,2
1123,P015,Home,2456.51,2,0,0,4
1027,P042,Accessories,1972.06,1,0,0,14
1128,P041,Stationery,126.65,6,0,0,6
1118,P066,Accessories,1968.76,6,1,0,9
1026,P004,Fitness,2522.32,12,3,1,17
1050,P009,Home,2296.2,9,2,1,12
1108,P020,Books,720.24,4,0,0,14
1059,P063,Home,3080.28,7,2,1,1
1011,P022,Fitness,1891.11,3,0,0,1
1126,P069,Home,1429.77,5,0,0,0
1027,P061,Electronics,1198.66,3,0,1,14
1067,P067,Electronics,737.99,7,0,0,6
1093,P012,Accessories,265.26,9,1,0,0
1103,P034,Fitness,2273.57,12,0,0,15
1079,P012,Accessories,265.26,4,1,0,6
1104,P063,Home,3080.28,5,0,0,5
1058,P033,Home,410.99,6,0,0,6
1120,P042,Accessories,1972.06,3,0,0,5
1169,P059,Stationery,331.95,14,0,0,9
1031,P005,Stationery,309.11,1,0,0,7
1156,P060,Accessories,1460.29,5,0,0,2
1022,P041,Stationery,126.65,0,0,0,8
1047,P036,Accessories,760.81,0,0,0,3
1091,P002,Books,1043.27,1,0,0,14
1112,P050,Books,1014.13,10,1,1,11
1143,P040,Fitness,522.24,9,0,0,15
1058,P014,Books,504.47,8,1,0,6
1101,P051,Home,2867.98,10,3,1,18
1044,P019,Electronics,1029.98,5,1,0,13
1081,P005,Stationery,309.11,2,0,0,1
1090,P033,Home,410.99,6,2,1,18
1103,P021,Home,1244.28,5,1,1,15
1082,P030,Accessories,429.98,7,0,1,14
1139,P016,Fitness,2659.54,0,0,0,9
1179,P037,Electronics,3281.37,17,5,0,13
1064,P033,Home,410.99,3,0,0,7
1118,P028,Fitness,2582.27,3,0,0,9
1180,P039,Home,1725.83,5,0,0,2
1149,P023,Stationery,524.92,4,0,0,9
1009,P034,Fitness,2273.57,6,0,1,15
1113,P064,Fitness,2745.27,7,0,0,4
1076,P072,Accessories,1934.92,6,1,0,12
1129,P011,Stationery,485.47,4,0,0,7
1008,P045,Home,2987.24,2,0,0,12
1034,P018,Accessories,475.09,0,0,0,2
1112,P030,Accessories,429.98,4,1,0,11
1007,P054,Accessories,659.65,0,0,0,17
1108,P024,Accessories,647.01,5,0,0,14
1157,P005,Stationery,309.11,10,2,0,9
1151,P001,Electronics,1591.46,1,0,1,16
1004,P036,Accessories,760.81,2,0,0,18
1154,P036,Accessories,760.81,3,0,0,6
1006,P060,Accessories,1460.29,5,0,0,10
1096,P013,Electronics,3550.72,4,0,0,7
1137,P011,Stationery,485.47,10,2,0,2
1077,P010,Fitness,2770.64,5,0,0,8
1138,P039,Home,1725.83,1,0,0,18
1161,P016,Fitness,2659.54,6,0,0,15
1167,P006,Accessories,557.61,5,0,0,4
1170,P062,Books,1040.4,3,0,0,16
1048,P013,Electronics,3550.72,6,2,1,15
1018,P017,Stationery,163.26,5,0,0,14
1102,P045,Home,2987.24,10,2,0,14
1072,P034,Fitness,2273.57,0,0,0,4
1059,P072,Accessories,1934.92,5,0,0,1
1167,P062,Books,1040.4,1,0,0,4
1097,P042,Accessories,1972.06,4,0,0,17
1107,P066,Accessories,1968.76,10,1,0,3
1004,P045,Home,2987.24,1,0,1,18
1133,P051,Home,2867.98,0,0,0,0
1002,P048,Accessories,498.52,4,0,0,4
1165,P060,Accessories,1460.29,10,0,0,13
1064,P068,Books,876.08,3,0,0,7
1077,P039,Home,1725.83,6,0,0,8
1127,P034,Fitness,2273.57,4,0,0,14
1080,P025,Electronics,2901.54,0,0,0,1
1179,P008,Books,848.01,3,1,0,13
1039,P048,Accessories,498.52,12,1,0,12
1037,P033,Home,410.99,11,2,0,2
1176,P043,Electronics,3858.95,10,3,1,11
1088,P022,Fitness,1891.11,9,0,0,12
1093,P017,Stationery,163.26,0,0,0,0
1123,P058,Fitness,2533.51,3,1,0,4
1032,P017,Stationery,163.26,2,0,0,12
1005,P042,Accessories,1972.06,17,2,0,18
1146,P012,Accessories,265.26,0,0,1,15
1163,P005,Stationery,309.11,4,1,0,12
1088,P006,Accessories,557.61,3,1,0,12
1072,P025,Electronics,2901.54,4,2,1,4
1173,P006,Accessories,557.61,3,0,0,16
1154,P068,Books,876.08,6,0,0,6
1083,P059,Stationery,331.95,3,0,0,1
1088,P032,Books,485.18,7,0,0,12
1033,P006,Accessories,557.61,3,0,0,0
1173,P016,Fitness,2659.54,8,2,1,16
1095,P023,Stationery,524.92,1,0,0,18
1093,P050,Books,1014.13,4,1,0,0
1018,P069,Home,1429.77,6,0,0,14
1067,P040,Fitness,522.24,18,2,0,6
1045,P040,Fitness,522.24,8,1,1,1
1091,P008,Books,848.01,6,0,1,14
1106,P026,Books,474.39,6,1,0,17
1036,P068,Books,876.08,9,0,0,4
1085,P029,Stationery,604.58,7,0,0,4
1019,P044,Books,713.75,2,0,0,1
1016,P012,Accessories,265.26,0,0,0,6
1150,P010,Fitness,2770.64,3,0,0,1
1145,P057,Home,2818.36,7,1,0,17
1140,P055,Electronics,1535.83,6,2,1,13
1125,P025,Electronics,2901.54,0,0,0,13
1080,P039,Home,1725.83,9,1,0,1
1126,P005,Stationery,309.11,1,0,0,0
1139,P056,Books,337.37,8,1,0,9
1075,P031,Electronics,2153.69,7,1,0,8
1042,P032,Books,485.18,12,2,1,18
1130,P032,Books,485.18,0,0,1,16
1024,P049,Electronics,1744.32,3,0,0,8
1134,P070,Fitness,2640.88,3,0,0,8
1074,P054,Accessories,659.65,0,0,0,9
1098,P016,Fitness,2659.54,8,2,0,4
1074,P055,Electronics,1535.83,10,2,0,9
1150,P056,Books,337.37,10,0,0,1
1002,P069,Home,1429.77,0,0,0,4
1062,P071,Stationery,577.39,4,0,0,10
1116,P012,Accessories,265.26,8,0,0,4
1086,P055,Electronics,1535.83,9,1,0,6
1005,P012,Accessories,265.26,10,2,0,18
1004,P054,Accessories,659.65,2,0,0,18
1081,P032,Books,485.18,4,0,1,1
1178,P002,Books,1043.27,0,0,0,11
1010,P007,Electronics,3609.79,3,0,0,5
1124,P010,Fitness,2770.64,6,0,0,9
1099,P020,Books,720.24,12,2,1,16
1054,P002,Books,1043.27,9,1,0,9
1097,P033,Home,410.99,13,0,1,17
1071,P015,Home,2456.51,1,0,0,7
1087,P069,Home,1429.77,3,0,0,14
1142,P026,Books,474.39,6,0,0,11
1100,P025,Electronics,2901.54,6,0,0,14
1174,P038,Books,718.93,0,0,0,4
1029,P070,Fitness,2640.88,0,0,1,10
1175,P048,Accessories,498.52,2,0,1,18
1036,P039,Home,1725.83,5,1,0,4
1131,P039,Home,1725.83,8,1,0,16
1099,P023,Stationery,524.92,1,1,1,16
1047,P027,Home,1914.45,1,0,0,3
1101,P069,Home,1429.77,7,0,0,18
1013,P025,Electronics,2901.54,3,0,0,10
1175,P029,Stationery,604.58,2,0,0,18
1021,P043,Electronics,3858.95,10,2,1,15
1069,P005,Stationery,309.11,15,2,0,12
1005,P007,Electronics,3609.79,3,0,0,18
1131,P062,Books,1040.4,9,0,0,16
1150,P064,Fitness,2745.27,5,0,0,1
1162,P043,Electronics,3858.95,2,0,0,2
1169,P032,Books,485.18,7,0,1,9
1131,P007,Electronics,3609.79,1,0,0,16
1044,P062,Books,1040.4,1,0,0,13
1109,P006,Accessories,557.61,1,0,0,17
1024,P002,Books,1043.27,4,0,0,8
1058,P011,Stationery,485.47,0,0,0,6
1036,P008,Books,848.01,15,0,0,4
1151,P062,Books,1040.4,6,0,0,16
1038,P011,Stationery,485.47,0,0,0,8
1121,P050,Books,1014.13,4,0,0,4
1157,P070,Fitness,2640.88,1,0,0,9
1016,P052,Fitness,2479.62,0,0,0,6
1141,P007,Electronics,3609.79,2,0,0,14
1146,P059,Stationery,331.95,9,0,0,15
1016,P010,Fitness,2770.64,3,0,0,6
1068,P011,Stationery,485.47,10,1,0,16
1129,P066,Accessories,1968.76,14,1,0,7
1120,P002,Books,1043.27,12,2,1,5
1144,P020,Books,720.24,9,2,0,15
1092,P014,Books,504.47,3,0,1,7
1088,P018,Accessories,475.09,6,0,0,12
1134,P046,Fitness,1839.77,6,0,1,8
1107,P028,Fitness,2582.27,3,1,0,3
1060,P008,Books,848.01,9,2,0,17
1015,P068,Books,876.08,1,0,0,12
1023,P070,Fitness,2640.88,3,0,0,14
1006,P058,Fitness,2533.51,4,0,0,10
1114,P050,Books,1014.13,0,0,1,3
1085,P030,Accessories,429.98,5,0,0,4
1171,P001,Electronics,1591.46,1,0,0,2
1080,P042,Accessories,1972.06,14,1,0,1
1007,P062,Books,1040.4,2,0,0,17
1179,P010,Fitness,2770.64,4,0,0,13
1003,P033,Home,410.99,7,1,0,0
1084,P034,Fitness,2273.57,7,0,0,5
1175,P043,Electronics,3858.95,6,1,0,18
1159,P004,Fitness,2522.32,0,0,0,17
1064,P008,Books,848.01,8,1,0,7
1167,P022,Fitness,1891.11,2,0,0,4
1113,P059,Stationery,331.95,4,0,0,4
1127,P026,Books,474.39,1,0,0,14
1104,P067,Electronics,737.99,9,0,0,5
1120,P052,Fitness,2479.62,1,1,1,5
1066,P009,Home,2296.2,4,1,0,5
1050,P002,Books,1043.27,3,1,1,12
1072,P067,Electronics,737.99,7,1,1,4
1107,P040,Fitness,522.24,0,0,0,3
1159,P011,Stationery,485.47,15,1,1,17
1090,P011,Stationery,485.47,3,0,0,18
1180,P066,Accessories,1968.76,1,0,0,2
1166,P026,Books,474.39,7,1,0,12
1171,P027,Home,1914.45,3,1,0,2
1076,P004,Fitness,2522.32,11,0,0,12
1109,P007,Electronics,3609.79,2,0,0,17
1008,P007,Electronics,3609.79,15,2,0,12
1037,P007,Electronics,3609.79,5,0,0,2
1173,P061,Electronics,1198.66,5,0,0,16
1079,P013,Electronics,3550.72,10,0,0,6
1113,P041,Stationery,126.65,7,0,0,4
1040,P027,Home,1914.45,0,0,0,1
1079,P026,Books,474.39,4,0,0,6
1137,P004,Fitness,2522.32,1,1,1,2
1159,P023,Stationery,524.92,12,2,1,17
1157,P068,Books,876.08,3,0,0,9
1038,P060,Accessories,1460.29,9,1,1,8
1141,P022,Fitness,1891.11,10,1,0,14
1068,P031,Electronics,2153.69,4,0,1,16
1072,P030,Accessories,429.98,11,4,1,4
1136,P053,Stationery,637.33,12,1,0,9
1056,P040,Fitness,522.24,5,2,1,7
1068,P003,Home,3130.68,3,0,0,16
1176,P015,Home,2456.51,5,0,0,11
1022,P059,Stationery,331.95,10,1,0,8
1048,P003,Home,3130.68,5,0,0,15
1122,P044,Books,713.75,9,0,1,1
1143,P028,Fitness,2582.27,10,2,1,15
1108,P038,Books,718.93,5,1,0,14
1132,P026,Books,474.39,0,0,0,13
1044,P043,Electronics,3858.95,6,3,1,13
1139,P057,Home,2818.36,3,0,0,9
1150,P018,Accessories,475.09,3,0,0,1
1106,P049,Electronics,1744.32,9,1,0,17
1088,P021,Home,1244.28,0,0,0,12
1160,P017,Stationery,163.26,2,1,0,5
1003,P067,Electronics,737.99,0,0,1,0
1157,P013,Electronics,3550.72,7,0,1,9
1039,P002,Books,1043.27,0,0,0,12
1055,P051,Home,2867.98,5,0,0,4
1086,P039,Home,1725.83,11,0,1,6
1063,P019,Electronics,1029.98,11,1,0,10
1007,P024,Accessories,647.01,8,0,0,17
1069,P066,Accessories,1968.76,6,2,0,12
1077,P043,Electronics,3858.95,4,0,0,8
1112,P043,Electronics,3858.95,10,0,0,11
1162,P028,Fitness,2582.27,1,0,0,2
1129,P059,Stationery,331.95,4,2,0,7
1048,P026,Books,474.39,1,0,0,15
1072,P017,Stationery,163.26,6,1,1,4
1159,P072,Accessories,1934.92,2,0,0,17
1012,P030,Accessories,429.98,6,1,0,0
1180,P071,Stationery,577.39,4,0,0,2
1036,P052,Fitness,2479.62,9,0,0,4
1060,P006,Accessories,557.61,9,1,1,17
1082,P022,Fitness,1891.11,2,0,0,14
1001,P010,Fitness,2770.64,0,0,0,7
1006,P056,Books,337.37,2,1,0,10
1175,P053,Stationery,637.33,9,1,0,18
1131,P022,Fitness,1891.11,5,0,1,16
1091,P001,Electronics,1591.46,4,0,1,14
1170,P030,Accessories,429.98,4,0,0,16
1154,P048,Accessories,498.52,2,0,0,6
1026,P062,Books,1040.4,3,0,1,17
1059,P030,Accessories,429.98,5,0,0,1
1141,P014,Books,504.47,5,1,0,14
1165,P045,Home,2987.24,4,0,0,13
1014,P019,Electronics,1029.98,2,0,0,13
1087,P047,Stationery,171.82,1,0,1,14
1111,P019,Electronics,1029.98,8,1,0,15
1010,P064,Fitness,2745.27,3,0,0,5
1177,P002,Books,1043.27,5,1,0,11
1144,P071,Stationery,577.39,8,1,0,15
1032,P056,Books,337.37,4,1,0,12
1140,P020,Books,720.24,7,0,0,13
1140,P023,Stationery,524.92,7,1,0,13
1024,P023,Stationery,524.92,4,0,0,8
1054,P060,Accessories,1460.29,0,0,1,9
1063,P002,Books,1043.27,6,1,0,10
1067,P032,Books,485.18,3,0,0,6
1131,P003,Home,3130.68,11,2,1,16
1101,P033,Home,410.99,11,1,0,18
1030,P032,Books,485.18,10,1,0,14
1087,P001,Electronics,1591.46,6,1,0,14
1152,P021,Home,1244.28,4,1,0,11
1107,P001,Electronics,1591.46,9,0,0,3
1143,P065,Stationery,582.68,2,0,1,15
1050,P044,Books,713.75,2,0,0,12
1123,P011,Stationery,485.47,3,0,0,4
1080,P067,Electronics,737.99,3,0,0,1
1141,P027,Home,1914.45,7,0,0,14
1064,P049,Electronics,1744.32,2,0,0,7
1072,P043,Electronics,3858.95,0,0,0,4
1120,P045,Home,2987.24,2,0,0,5
1140,P034,Fitness,2273.57,3,1,1,13
1125,P020,Books,720.24,7,1,0,13
1117,P070,Fitness,2640.88,3,0,0,15
1143,P009,Home,2296.2,6,0,0,15
1101,P028,Fitness,2582.27,7,0,0,18
1164,P019,Electronics,1029.98,0,0,0,1
1137,P036,Accessories,760.81,3,0,1,2
1074,P043,Electronics,3858.95,10,1,0,9
1016,P051,Home,2867.98,5,1,0,6
1175,P013,Electronics,3550.72,0,0,1,18
1174,P018,Accessories,475.09,9,3,1,4
1038,P007,Electronics,3609.79,0,0,0,8
1057,P010,Fitness,2770.64,5,0,0,16
1085,P057,Home,2818.36,0,0,0,4
1015,P031,Electronics,2153.69,7,2,0,12
1011,P004,Fitness,2522.32,6,0,1,1
1172,P030,Accessories,429.98,0,0,0,3
1147,P014,Books,504.47,0,0,1,13
1179,P049,Electronics,1744.32,16,1,0,13
1139,P049,Electronics,1744.32,9,2,0,9
1006,P030,Accessories,429.98,6,0,0,10
1095,P004,Fitness,2522.32,8,0,0,18
1086,P025,Electronics,2901.54,3,0,0,6
1073,P008,Books,848.01,0,0,0,0
1152,P070,Fitness,2640.88,3,0,0,11
1110,P029,Stationery,604.58,2,0,0,11
1142,P017,Stationery,163.26,2,0,0,11
1007,P064,Fitness,2745.27,9,1,0,17
1019,P032,Books,485.18,0,0,0,1
1101,P040,Fitness,522.24,7,0,0,18
1062,P070,Fitness,2640.88,4,1,0,10
1170,P072,Accessories,1934.92,5,0,0,16
1112,P019,Electronics,1029.98,7,1,0,11
1081,P052,Fitness,2479.62,1,0,0,1
1074,P061,Electronics,1198.66,10,1,1,9
1078,P017,Stationery,163.26,14,1,1,16
1033,P024,Accessories,647.01,8,0,0,0
1049,P002,Books,1043.27,5,0,1,2
1102,P055,Electronics,1535.83,8,0,0,14
1169,P038,Books,718.93,4,0,0,9
1122,P010,Fitness,2770.64,4,0,0,1
1164,P047,Stationery,171.82,16,0,0,1
1119,P043,Electronics,3858.95,1,0,0,3
1027,P053,Stationery,637.33,9,1,0,14
1138,P048,Accessories,498.52,6,0,1,18
1094,P061,Electronics,1198.66,5,0,0,15
1085,P012,Accessories,265.26,2,0,0,4
1106,P032,Books,485.18,9,0,0,17
1159,P053,Stationery,637.33,11,2,1,17
1015,P007,Electronics,3609.79,8,0,0,12
1015,P003,Home,3130.68,9,0,0,12
1122,P013,Electronics,3550.72,10,1,0,1
1104,P034,Fitness,2273.57,6,0,0,5
1044,P049,Electronics,1744.32,3,0,0,13
1037,P048,Accessories,498.52,1,0,0,2
1005,P071,Stationery,577.39,7,0,0,18
1092,P004,Fitness,2522.32,0,0,0,7
1070,P018,Accessories,475.09,3,0,0,3
1165,P056,Books,337.37,2,0,0,13
1138,P053,Stationery,637.33,4,1,1,18
1029,P031,Electronics,2153.69,0,0,0,10
1141,P068,Books,876.08,7,0,0,14
1173,P066,Accessories,1968.76,11,1,0,16
1004,P066,Accessories,1968.76,5,0,0,18
1084,P058,Fitness,2533.51,4,1,0,5
1006,P017,Stationery,163.26,7,0,0,10
1164,P045,Home,2987.24,5,1,0,1
1021,P058,Fitness,2533.51,4,0,0,15
1098,P054,Accessories,659.65,3,1,0,4
1103,P024,Accessories,647.01,4,0,0,15
1059,P070,Fitness,2640.88,10,1,0,1
1089,P064,Fitness,2745.27,5,0,0,17
1147,P030,Accessories,429.98,0,0,0,13
1151,P065,Stationery,582.68,6,0,0,16
1146,P005,Stationery,309.11,5,1,0,15
1002,P033,Home,410.99,2,1,0,4
1052,P019,Electronics,1029.98,6,1,0,7
1158,P011,Stationery,485.47,4,0,0,6
1137,P053,Stationery,637.33,11,1,1,2
1035,P028,Fitness,2582.27,12,1,0,9
1162,P041,Stationery,126.65,0,0,0,2
1119,P030,Accessories,429.98,0,0,0,3
1179,P046,Fitness,1839.77,2,0,1,13
1025,P055,Electronics,1535.83,4,1,0,9
1060,P033,Home,410.99,13,0,0,17
1002,P016,Fitness,2659.54,9,0,0,4
1123,P004,Fitness,2522.32,6,0,0,4
1166,P037,Electronics,3281.37,10,1,0,12
1126,P054,Accessories,659.65,11,1,0,0
1105,P026,Books,474.39,10,2,0,2
1049,P022,Fitness,1891.11,1,0,0,2
1117,P049,Electronics,1744.32,5,0,0,15
1095,P022,Fitness,1891.11,7,1,0,18
1127,P072,Accessories,1934.92,10,2,0,14
1133,P027,Home,1914.45,7,0,0,0
1153,P006,Accessories,557.61,14,0,0,2
1084,P039,Home,1725.83,7,0,1,5
1177,P070,Fitness,2640.88,16,0,0,11
1172,P065,Stationery,582.68,0,0,0,3
1110,P008,Books,848.01,8,0,0,11
1048,P002,Books,1043.27,1,0,0,15
1004,P022,Fitness,1891.11,7,0,0,18
1088,P015,Home,2456.51,6,0,0,12
1040,P019,Electronics,1029.98,7,0,0,1
1009,P010,Fitness,2770.64,7,0,0,15
1047,P035,Stationery,475.01,0,0,0,3
1137,P069,Home,1429.77,4,0,0,2
1044,P027,Home,1914.45,0,0,0,13
1112,P055,Electronics,1535.83,9,0,0,11
1125,P047,Stationery,171.82,4,1,1,13
1051,P025,Electronics,2901.54,0,0,0,18
1128,P063,Home,3080.28,3,0,0,6
1032,P054,Accessories,659.65,4,0,0,12
1104,P025,Electronics,2901.54,8,0,0,5
1106,P006,Accessories,557.61,0,0,0,17
1155,P024,Accessories,647.01,4,1,1,5
1151,P064,Fitness,2745.27,1,0,0,16
1176,P001,Electronics,1591.46,9,2,1,11
1036,P028,Fitness,2582.27,8,0,0,4
1027,P069,Home,1429.77,5,1,0,14
1098,P070,Fitness,2640.88,5,1,0,4
1053,P050,Books,1014.13,9,3,0,1
1170,P059,Stationery,331.95,2,0,0,16
1045,P043,Electronics,3858.95,2,0,0,1
1171,P061,Electronics,1198.66,5,0,0,2
1177,P047,Stationery,171.82,1,0,1,11
1057,P070,Fitness,2640.88,3,1,1,16
1056,P047,Stationery,171.82,12,0,0,7
1001,P072,Accessories,1934.92,15,1,0,7
1128,P062,Books,1040.4,0,0,0,6
1172,P012,Accessories,265.26,1,0,0,3
1052,P024,Accessories,647.01,8,1,0,7
1025,P041,Stationery,126.65,7,1,1,9
1094,P069,Home,1429.77,6,1,0,15
1006,P057,Home,2818.36,1,0,0,10
1062,P058,Fitness,2533.51,1,1,1,10
1001,P066,Accessories,1968.76,10,1,0,7
1149,P048,Accessories,498.52,12,0,0,9
1011,P032,Books,485.18,6,0,0,1
1119,P009,Home,2296.2,2,0,0,3
1114,P022,Fitness,1891.11,7,0,0,3
1064,P014,Books,504.47,2,0,0,7
1157,P067,Electronics,737.99,3,0,0,9
1156,P072,Accessories,1934.92,0,0,0,2
1060,P035,Stationery,475.01,3,1,1,17
1169,P071,Stationery,577.39,12,3,1,9
1072,P031,Electronics,2153.69,0,0,0,4
1013,P059,Stationery,331.95,6,0,0,10
1134,P014,Books,504.47,11,2,1,8
1039,P003,Home,3130.68,0,0,0,12
1054,P049,Electronics,1744.32,4,0,0,9
1008,P071,Stationery,577.39,7,0,0,12
1097,P065,Stationery,582.68,3,0,0,17
1082,P057,Home,2818.36,6,0,0,14
1120,P064,Fitness,2745.27,4,0,0,5
1109,P064,Fitness,2745.27,4,1,0,17
1142,P032,Books,485.18,7,0,0,11
1120,P013,Electronics,3550.72,4,0,0,5
1173,P055,Electronics,1535.83,1,0,0,16
1077,P023,Stationery,524.92,1,0,1,8
1068,P019,Electronics,1029.98,2,1,1,16
1162,P021,Home,1244.28,1,0,0,2
1004,P052,Fitness,2479.62,5,0,1,18
1172,P043,Electronics,3858.95,3,1,1,3
1038,P072,Accessories,1934.92,10,4,1,8
1116,P068,Books,876.08,4,1,0,4
1156,P025,Electronics,2901.54,2,0,0,2
1081,P063,Home,3080.28,2,0,1,1
1043,P071,Stationery,577.39,3,0,0,15
1137,P001,Electronics,1591.46,7,1,0,2
1166,P038,Books,718.93,4,0,0,12
1059,P052,Fitness,2479.62,14,3,1,1
1116,P013,Electronics,3550.72,10,1,0,4
1003,P051,Home,2867.98,3,0,0,0
1096,P004,Fitness,2522.32,0,0,0,7
1057,P031,Electronics,2153.69,4,0,0,16
1113,P023,Stationery,524.92,0,0,0,4
1052,P063,Home,3080.28,0,0,0,7
1108,P023,Stationery,524.92,5,1,1,14
1041,P009,Home,2296.2,4,0,0,13
1071,P040,Fitness,522.24,4,0,0,7
1164,P072,Accessories,1934.92,7,1,0,1
1055,P066,Accessories,1968.76,11,1,0,4
1049,P058,Fitness,2533.51,3,0,0,2
1144,P002,Books,1043.27,9,3,1,15
1088,P046,Fitness,1839.77,0,0,0,12
1085,P054,Accessories,659.65,3,0,0,4
1117,P071,Stationery,577.39,2,0,0,15
1176,P050,Books,1014.13,8,1,1,11
1032,P063,Home,3080.28,9,2,1,12
1042,P018,Accessories,475.09,3,0,0,18
1079,P029,Stationery,604.58,12,1,0,6
1008,P031,Electronics,2153.69,17,1,0,12
1064,P040,Fitness,522.24,7,0,0,7
1054,P059,Stationery,331.95,6,1,0,9
1079,P056,Books,337.37,2,0,0,6
1129,P070,Fitness,2640.88,0,0,0,7
1030,P045,Home,2987.24,0,0,0,14
1061,P059,Stationery,331.95,8,2,1,13
1043,P040,Fitness,522.24,11,0,0,15
1119,P002,Books,1043.27,3,1,1,3
1101,P020,Books,720.24,5,0,0,18
1130,P049,Electronics,1744.32,9,1,0,16
1012,P008,Books,848.01,16,0,0,0
1030,P027,Home,1914.45,2,0,0,14
1030,P068,Books,876.08,7,1,1,14
1141,P031,Electronics,2153.69,0,0,0,14
1005,P055,Electronics,1535.83,1,0,0,18
1093,P013,Electronics,3550.72,13,0,0,0
1176,P005,Stationery,309.11,8,0,1,11
1019,P068,Books,876.08,0,0,0,1
1031,P002,Books,1043.27,7,0,0,7
1177,P061,Electronics,1198.66,0,0,0,11
1179,P004,Fitness,2522.32,1,0,0,13
1057,P064,Fitness,2745.27,6,2,0,16
1109,P056,Books,337.37,4,1,0,17
1009,P012,Accessories,265.26,4,0,0,15
1067,P028,Fitness,2582.27,10,2,0,6
1130,P061,Electronics,1198.66,9,2,0,16
1126,P053,Stationery,637.33,0,0,0,0
1125,P049,Electronics,1744.32,7,0,0,13
1180,P061,Electronics,1198.66,6,1,0,2
1004,P051,Home,2867.98,5,0,0,18
1174,P041,Stationery,126.65,0,0,0,4
1179,P023,Stationery,524.92,1,0,1,13
1168,P049,Electronics,1744.32,0,0,0,16
1123,P039,Home,1725.83,4,0,0,4
1092,P066,Accessories,1968.76,3,0,0,7
1147,P040,Fitness,522.24,2,0,0,13
1062,P052,Fitness,2479.62,2,1,1,10
1080,P071,Stationery,577.39,5,0,0,1
1036,P069,Home,1429.77,2,0,0,4
1002,P020,Books,720.24,1,0,0,4
1092,P002,Books,1043.27,0,0,0,7
1061,P027,Home,1914.45,4,0,0,13
1145,P063,Home,3080.28,8,2,0,17
1074,P044,Books,713.75,2,0,0,9
1088,P052,Fitness,2479.62,5,0,0,12
1048,P023,Stationery,524.92,0,0,0,15
1008,P004,Fitness,2522.32,8,0,0,12
1142,P027,Home,1914.45,3,0,0,11
1028,P057,Home,2818.36,4,0,1,2
1035,P064,Fitness,2745.27,15,2,0,9
1132,P045,Home,2987.24,0,0,0,13
1151,P066,Accessories,1968.76,9,0,0,16
1158,P008,Books,848.01,14,2,1,6
1145,P031,Electronics,2153.69,10,4,1,17
1137,P062,Books,1040.4,4,0,0,2
1129,P001,Electronics,1591.46,3,0,1,7
1115,P010,Fitness,2770.64,6,0,0,13
1148,P050,Books,1014.13,3,0,0,16
1116,P010,Fitness,2770.64,10,0,0,4
1003,P043,Electronics,3858.95,0,0,0,0
1129,P040,Fitness,522.24,6,0,0,7
1002,P022,Fitness,1891.11,13,2,0,4
1155,P035,Stationery,475.01,4,0,1,5
1121,P051,Home,2867.98,5,0,0,4
1034,P024,Accessories,647.01,4,0,0,2
1151,P027,Home,1914.45,8,0,1,16
1065,P011,Stationery,485.47,0,0,0,15
1055,P017,Stationery,163.26,3,0,0,4
1050,P016,Fitness,2659.54,0,0,0,12
1151,P010,Fitness,2770.64,6,0,0,16
1030,P012,Accessories,265.26,0,0,0,14
1115,P057,Home,2818.36,4,1,0,13
1031,P038,Books,718.93,5,1,0,7
1160,P002,Books,1043.27,8,1,0,5
1002,P071,Stationery,577.39,5,0,1,4
1152,P035,Stationery,475.01,2,0,0,11
1143,P057,Home,2818.36,2,0,0,15
1093,P057,Home,2818.36,1,0,0,0
1099,P010,Fitness,2770.64,8,1,0,16
1074,P009,Home,2296.2,3,1,0,9
1011,P033,Home,410.99,2,0,0,1
1178,P040,Fitness,522.24,6,0,0,11
1042,P001,Electronics,1591.46,2,0,0,18
1156,P030,Accessories,429.98,4,0,0,2
1177,P057,Home,2818.36,3,0,1,11
1129,P062,Books,1040.4,4,0,0,7
1099,P037,Electronics,3281.37,3,1,0,16
1009,P067,Electronics,737.99,5,0,0,15
1179,P034,Fitness,2273.57,0,0,0,13
1112,P068,Books,876.08,18,2,0,11
1019,P029,Stationery,604.58,5,0,0,1
1069,P061,Electronics,1198.66,6,1,0,12
1106,P005,Stationery,309.11,6,0,0,17
1014,P072,Accessories,1934.92,3,0,0,13
1058,P045,Home,2987.24,8,0,0,6
1091,P066,Accessories,1968.76,4,0,0,14
1118,P031,Electronics,2153.69,1,0,0,9
1092,P062,Books,1040.4,3,0,0,7
1159,P024,Accessories,647.01,4,1,0,17
1084,P002,Books,1043.27,16,2,0,5
1110,P045,Home,2987.24,6,0,0,11
1051,P033,Home,410.99,5,0,0,18
1005,P008,Books,848.01,0,0,0,18
1082,P049,Electronics,1744.32,6,0,0,14
1130,P064,Fitness,2745.27,1,0,0,16
1166,P061,Electronics,1198.66,15,1,0,12
1063,P003,Home,3130.68,7,1,0,10
1165,P007,Electronics,3609.79,3,0,0,13
1021,P053,Stationery,637.33,1,0,0,15
1086,P012,Accessories,265.26,1,0,0,6
1170,P015,Home,2456.51,10,0,0,16
1160,P066,Accessories,1968.76,3,0,0,5
1129,P054,Accessories,659.65,6,0,0,7
1101,P010,Fitness,2770.64,6,0,0,18
1090,P015,Home,2456.51,4,1,1,18
1132,P028,Fitness,2582.27,8,0,0,13
1078,P009,Home,2296.2,6,0,0,16
1116,P006,Accessories,557.61,10,4,1,4
1036,P023,Stationery,524.92,3,0,0,4
1069,P021,Home,1244.28,12,1,1,12
1041,P063,Home,3080.28,6,1,0,13
1041,P010,Fitness,2770.64,4,0,0,13
1053,P046,Fitness,1839.77,9,1,1,1
1072,P064,Fitness,2745.27,9,0,0,4
1095,P060,Accessories,1460.29,10,1,1,18
1067,P059,Stationery,331.95,6,0,0,6
1137,P056,Books,337.37,3,1,0,2
1155,P042,Accessories,1972.06,1,0,0,5
1055,P044,Books,713.75,0,0,0,4
1159,P012,Accessories,265.26,2,0,1,17
1171,P070,Fitness,2640.88,7,0,0,2
1080,P046,Fitness,1839.77,0,0,0,1
1059,P015,Home,2456.51,8,1,0,1
1020,P065,Stationery,582.68,7,0,0,4
1180,P044,Books,713.75,9,2,1,2
1013,P026,Books,474.39,8,1,0,10
1004,P005,Stationery,309.11,9,0,0,18
1069,P064,Fitness,2745.27,1,0,1,12
1110,P047,Stationery,171.82,4,0,1,11
1157,P046,Fitness,1839.77,5,0,0,9
1094,P047,Stationery,171.82,4,0,0,15
1150,P044,Books,713.75,6,1,0,1
1180,P021,Home,1244.28,2,0,0,2
1005,P053,Stationery,637.33,10,1,0,18
1133,P017,Stationery,163.26,7,0,0,0
1076,P028,Fitness,2582.27,15,0,0,12
1062,P004,Fitness,2522.32,6,0,0,10
1046,P067,Electronics,737.99,15,2,1,14
1162,P047,Stationery,171.82,7,0,0,2
1129,P002,Books,1043.27,3,0,0,7
1180,P037,Electronics,3281.37,4,0,0,2
1070,P050,Books,1014.13,2,0,0,3
1098,P011,Stationery,485.47,10,3,1,4
1156,P022,Fitness,1891.11,10,1,0,2
1022,P008,Books,848.01,3,0,0,8
1061,P020,Books,720.24,0,0,1,13
1156,P068,Books,876.08,1,0,0,2
1176,P009,Home,2296.2,2,0,1,11
1093,P015,Home,2456.51,5,1,0,0
1175,P056,Books,337.37,1,0,0,18
1141,P044,Books,713.75,0,0,0,14
1078,P045,Home,2987.24,0,0,1,16
1123,P020,Books,720.24,1,0,0,4
1046,P019,Electronics,1029.98,15,2,0,14
1062,P046,Fitness,1839.77,0,0,0,10
1152,P060,Accessories,1460.29,13,1,0,11
1086,P014,Books,504.47,3,0,0,6
1007,P043,Electronics,3858.95,4,0,1,17
1057,P038,Books,718.93,7,1,1,16
1133,P011,Stationery,485.47,5,0,0,0
1137,P065,Stationery,582.68,13,2,0,2
1003,P002,Books,1043.27,11,1,0,0
1020,P059,Stationery,331.95,3,0,1,4
1155,P029,Stationery,604.58,3,0,0,5
1003,P064,Fitness,2745.27,4,0,0,0
1130,P035,Stationery,475.01,7,0,0,16
1047,P043,Electronics,3858.95,11,0,0,3
1113,P061,Electronics,1198.66,16,1,0,4
1133,P036,Accessories,760.81,0,0,0,0
1146,P004,Fitness,2522.32,2,0,1,15
1118,P048,Accessories,498.52,3,0,0,9
1070,P057,Home,2818.36,1,1,1,3
1152,P072,Accessories,1934.92,7,0,1,11
1127,P029,Stationery,604.58,1,0,0,14
1144,P069,Home,1429.77,2,0,0,15
1035,P021,Home,1244.28,7,1,0,9
1023,P005,Stationery,309.11,7,1,0,14
1078,P024,Accessories,647.01,0,0,0,16
1044,P003,Home,3130.68,6,0,0,13
1177,P011,Stationery,485.47,4,0,0,11
1157,P001,Electronics,1591.46,0,0,0,9
1026,P070,Fitness,2640.88,12,1,1,17
1007,P013,Electronics,3550.72,7,0,0,17
1167,P068,Books,876.08,8,0,0,4
1135,P018,Accessories,475.09,4,0,0,7
1023,P018,Accessories,475.09,4,0,1,14
1007,P035,Stationery,475.01,5,1,1,17
1065,P006,Accessories,557.61,13,3,0,15
1086,P042,Accessories,1972.06,4,0,0,6
1076,P037,Electronics,3281.37,5,1,0,12
1064,P043,Electronics,3858.95,2,0,0,7
1141,P023,Stationery,524.92,10,2,0,14
1132,P030,Accessories,429.98,3,1,0,13
1063,P010,Fitness,2770.64,3,0,0,10
1021,P045,Home,2987.24,0,0,0,15
1037,P062,Books,1040.4,4,0,0,2
1017,P044,Books,713.75,2,0,1,12
1135,P031,Electronics,2153.69,3,0,0,7
1129,P019,Electronics,1029.98,3,0,1,7
1023,P049,Electronics,1744.32,3,0,0,14
1076,P065,Stationery,582.68,10,0,0,12
1068,P040,Fitness,522.24,9,2,0,16
1171,P036,Accessories,760.81,4,1,0,2
1007,P007,Electronics,3609.79,8,1,0,17
1017,P024,Accessories,647.01,4,0,0,12
1093,P009,Home,2296.2,7,1,0,0
1023,P014,Books,504.47,3,0,0,14
1047,P040,Fitness,522.24,8,1,0,3
1058,P038,Books,718.93,3,1,0,6
1024,P064,Fitness,2745.27,4,2,1,8
1071,P017,Stationery,163.26,6,0,0,7
1118,P044,Books,713.75,8,0,0,9
1116,P036,Accessories,760.81,11,2,0,4
1040,P070,Fitness,2640.88,4,0,0,1
1042,P052,Fitness,2479.62,5,0,0,18
1130,P012,Accessories,265.26,4,0,1,16
1152,P011,Stationery,485.47,7,1,0,11
1091,P036,Accessories,760.81,2,1,0,14
1124,P002,Books,1043.27,0,0,0,9
1101,P012,Accessories,265.26,11,0,0,18
1051,P005,Stationery,309.11,4,0,0,18
1086,P057,Home,2818.36,7,2,1,6
1025,P030,Accessories,429.98,6,0,0,9
1107,P053,Stationery,637.33,4,1,0,3
1069,P051,Home,2867.98,8,0,0,12
1153,P028,Fitness,2582.27,3,0,0,2
1145,P036,Accessories,760.81,0,0,0,17
1011,P072,Accessories,1934.92,8,1,1,1
1146,P068,Books,876.08,2,0,0,15
1040,P018,Accessories,475.09,6,1,0,1
1038,P019,Electronics,1029.98,2,0,1,8
1145,P033,Home,410.99,4,0,0,17
1162,P029,Stationery,604.58,6,0,0,2
1093,P056,Books,337.37,9,0,1,0
1122,P014,Books,504.47,6,2,0,1
1118,P045,Home,2987.24,2,1,0,9
1092,P031,Electronics,2153.69,10,1,0,7
1034,P035,Stationery,475.01,3,0,0,2
1164,P062,Books,1040.4,7,1,0,1
1052,P034,Fitness,2273.57,10,1,1,7
1113,P011,Stationery,485.47,5,0,0,4
1160,P062,Books,1040.4,11,2,0,5
1076,P052,Fitness,2479.62,7,0,1,12
1044,P063,Home,3080.28,0,0,1,13
1074,P062,Books,1040.4,6,0,0,9
1013,P019,Electronics,1029.98,4,0,0,10
1026,P052,Fitness,2479.62,11,3,0,17
1065,P067,Electronics,737.99,3,0,0,15
1055,P026,Books,474.39,3,0,0,4
1075,P051,Home,2867.98,5,0,0,8
1028,P013,Electronics,3550.72,4,0,0,2
1003,P038,Books,718.93,11,4,1,0
1094,P004,Fitness,2522.32,6,0,0,15
1113,P026,Books,474.39,4,0,0,4
1091,P054,Accessories,659.65,7,1,0,14
1157,P023,Stationery,524.92,15,1,0,9
1078,P041,Stationery,126.65,8,0,0,16
1071,P006,Accessories,557.61,8,0,0,7
1091,P021,Home,1244.28,4,1,0,14
1018,P030,Accessories,429.98,3,0,0,14
1010,P054,Accessories,659.65,7,0,0,5
1049,P014,Books,504.47,6,0,0,2
1003,P016,Fitness,2659.54,5,1,0,0
1032,P022,Fitness,1891.11,3,1,0,12
1108,P012,Accessories,265.26,5,0,0,14
1032,P007,Electronics,3609.79,7,2,0,12
1122,P021,Home,1244.28,2,0,0,1
1140,P056,Books,337.37,13,5,0,13
1091,P050,Books,1014.13,9,0,0,14
1109,P023,Stationery,524.92,16,2,0,17
1141,P069,Home,1429.77,5,0,1,14
1011,P066,Accessories,1968.76,4,1,0,1
1060,P048,Accessories,498.52,5,0,0,17
1165,P018,Accessories,475.09,7,0,0,13
1034,P053,Stationery,637.33,1,0,0,2
1160,P067,Electronics,737.99,11,1,0,5
1080,P026,Books,474.39,3,0,1,1
1087,P036,Accessories,760.81,1,0,1,14
1077,P007,Electronics,3609.79,0,0,0,8
1080,P030,Accessories,429.98,7,1,0,1
1103,P004,Fitness,2522.32,13,1,1,15
1171,P072,Accessories,1934.92,5,0,0,2
1096,P034,Fitness,2273.57,3,0,0,7
1115,P069,Home,1429.77,6,0,0,13
1159,P066,Accessories,1968.76,5,0,0,17
1023,P071,Stationery,577.39,0,0,0,14
1046,P038,Books,718.93,3,0,0,14
1096,P002,Books,1043.27,5,0,0,7
1161,P069,Home,1429.77,2,0,0,15
1036,P062,Books,1040.4,8,0,0,4
1030,P029,Stationery,604.58,1,0,0,14
1046,P033,Home,410.99,5,0,0,14
1087,P010,Fitness,2770.64,9,1,1,14
1126,P024,Accessories,647.01,10,2,1,0
1010,P056,Books,337.37,1,0,0,5
1160,P069,Home,1429.77,0,0,0,5
1036,P009,Home,2296.2,0,0,0,4
1010,P068,Books,876.08,0,0,0,5
1093,P030,Accessories,429.98,5,1,1,0
1103,P018,Accessories,475.09,5,1,1,15
1007,P028,Fitness,2582.27,4,0,0,17
1121,P054,Accessories,659.65,0,0,0,4
1143,P072,Accessories,1934.92,0,0,0,15
1114,P025,Electronics,2901.54,11,0,0,3
1091,P068,Books,876.08,5,1,1,14
1076,P038,Books,718.93,2,1,1,12
1147,P045,Home,2987.24,10,1,1,13
1095,P012,Accessories,265.26,7,0,0,18
1106,P007,Electronics,3609.79,17,3,0,17
1071,P014,Books,504.47,1,0,0,7
1146,P055,Electronics,1535.83,8,0,0,15
1103,P040,Fitness,522.24,14,0,0,15
1146,P034,Fitness,2273.57,4,0,0,15
1042,P068,Books,876.08,11,2,1,18
1161,P012,Accessories,265.26,5,0,0,15
1162,P058,Fitness,2533.51,10,0,0,2
1052,P004,Fitness,2522.32,7,0,0,7
1107,P051,Home,2867.98,6,1,0,3
1165,P028,Fitness,2582.27,3,0,0,13
1114,P068,Books,876.08,8,0,0,3
1048,P010,Fitness,2770.64,7,1,1,15
1054,P026,Books,474.39,13,1,0,9
1122,P030,Accessories,429.98,8,2,0,1
1078,P011,Stationery,485.47,12,0,0,16
1060,P061,Electronics,1198.66,0,0,0,17
1125,P062,Books,1040.4,6,0,0,13
1036,P058,Fitness,2533.51,6,1,0,4
1024,P037,Electronics,3281.37,1,0,0,8
1153,P072,Accessories,1934.92,10,1,0,2
1094,P062,Books,1040.4,7,2,1,15
1010,P001,Electronics,1591.46,4,0,0,5
1057,P055,Electronics,1535.83,3,0,0,16
1094,P070,Fitness,2640.88,6,0,0,15
1139,P069,Home,1429.77,0,0,1,9
1065,P072,Accessories,1934.92,9,1,0,15
1015,P014,Books,504.47,2,1,0,12
1046,P021,Home,1244.28,3,1,0,14
1011,P017,Stationery,163.26,0,0,1,1
1106,P050,Books,1014.13,6,0,0,17
1037,P021,Home,1244.28,11,2,0,2
1057,P052,Fitness,2479.62,2,0,0,16
1035,P049,Electronics,1744.32,0,0,0,9
1027,P013,Electronics,3550.72,4,0,0,14
1051,P040,Fitness,522.24,2,0,0,18
1124,P016,Fitness,2659.54,6,0,0,9
1168,P029,Stationery,604.58,9,1,0,16
1121,P007,Electronics,3609.79,5,0,0,4
1006,P055,Electronics,1535.83,11,2,0,10
1057,P002,Books,1043.27,0,0,0,16
1162,P004,Fitness,2522.32,0,0,0,2
1013,P071,Stationery,577.39,5,0,1,10
1125,P014,Books,504.47,10,1,0,13
1134,P010,Fitness,2770.64,6,0,0,8
1017,P039,Home,1725.83,12,0,0,12
1177,P031,Electronics,2153.69,4,0,0,11
1177,P039,Home,1725.83,3,1,0,11
1174,P043,Electronics,3858.95,5,0,0,4
1004,P057,Home,2818.36,0,0,0,18
1090,P066,Accessories,1968.76,0,0,0,18
1102,P005,Stationery,309.11,7,0,0,14
1037,P066,Accessories,1968.76,3,0,1,2
1173,P054,Accessories,659.65,5,1,1,16
1037,P020,Books,720.24,7,1,0,2
1151,P061,Electronics,1198.66,2,0,0,16
1085,P041,Stationery,126.65,10,1,0,4
1100,P063,Home,3080.28,0,0,0,14
1115,P002,Books,1043.27,10,0,0,13
1121,P063,Home,3080.28,6,0,0,4
1022,P021,Home,1244.28,14,3,0,8
1088,P013,Electronics,3550.72,7,1,0,12
1154,P031,Electronics,2153.69,12,1,0,6
1076,P045,Home,2987.24,6,0,0,12
1131,P032,Books,485.18,10,1,1,16
1044,P048,Accessories,498.52,13,1,1,13
1052,P047,Stationery,171.82,7,2,1,7
1055,P019,Electronics,1029.98,3,0,0,4
1079,P070,Fitness,2640.88,1,0,0,6
1061,P067,Electronics,737.99,7,1,0,13
1032,P030,Accessories,429.98,5,0,1,12
1055,P058,Fitness,2533.51,1,0,0,4
1003,P054,Accessories,659.65,0,0,0,0
1171,P023,Stationery,524.92,2,0,0,2
1130,P050,Books,1014.13,3,0,0,16
1081,P007,Electronics,3609.79,5,0,0,1
1093,P018,Accessories,475.09,10,0,0,0
1064,P042,Accessories,1972.06,13,2,1,7
1070,P048,Accessories,498.52,4,1,1,3
1090,P043,Electronics,3858.95,10,0,0,18
1137,P031,Electronics,2153.69,11,1,0,2
1008,P046,Fitness,1839.77,5,0,0,12
1002,P035,Stationery,475.01,6,0,0,4
1165,P017,Stationery,163.26,10,1,0,13
1010,P004,Fitness,2522.32,0,0,0,5
1040,P035,Stationery,475.01,9,0,0,1
1159,P002,Books,1043.27,9,0,0,17
1129,P029,Stationery,604.58,1,0,0,7
1043,P038,Books,718.93,5,0,1,15
1117,P051,Home,2867.98,4,0,0,15
1109,P010,Fitness,2770.64,8,1,0,17
1066,P050,Books,1014.13,4,0,0,5
1139,P030,Accessories,429.98,3,0,1,9
1136,P002,Books,1043.27,0,0,0,9
1110,P019,Electronics,1029.98,11,0,0,11
1119,P024,Accessories,647.01,6,0,0,3
1134,P005,Stationery,309.11,2,0,0,8
1119,P032,Books,485.18,0,0,0,3
1120,P017,Stationery,163.26,8,0,0,5
1173,P050,Books,1014.13,6,0,1,16
1108,P063,Home,3080.28,3,0,0,14
1152,P028,Fitness,2582.27,4,0,0,11
1037,P028,Fitness,2582.27,8,0,0,2
1081,P060,Accessories,1460.29,10,2,1,1
1107,P044,Books,713.75,5,0,0,3
1008,P026,Books,474.39,6,1,0,12
1053,P011,Stationery,485.47,3,0,0,1
1113,P065,Stationery,582.68,5,0,0,4
1102,P046,Fitness,1839.77,12,2,0,14
1049,P043,Electronics,3858.95,10,2,1,2
1174,P048,Accessories,498.52,9,0,0,4
1118,P056,Books,337.37,14,1,0,9
1138,P040,Fitness,522.24,0,0,0,18
1052,P016,Fitness,2659.54,11,6,1,7
1017,P063,Home,3080.28,12,2,0,12
1164,P061,Electronics,1198.66,1,0,0,1
1109,P033,Home,410.99,2,0,0,17
1096,P001,Electronics,1591.46,0,0,0,7
1094,P005,Stationery,309.11,6,0,0,15
1066,P029,Stationery,604.58,17,1,0,5
1155,P060,Accessories,1460.29,2,0,0,5
1038,P058,Fitness,2533.51,6,1,0,8
1126,P065,Stationery,582.68,2,0,0,0
1098,P027,Home,1914.45,6,0,0,4
1089,P069,Home,1429.77,10,2,1,17
1072,P024,Accessories,647.01,13,0,0,4
1175,P051,Home,2867.98,7,1,1,18
1028,P018,Accessories,475.09,10,1,0,2
1009,P044,Books,713.75,10,1,0,15
1041,P054,Accessories,659.65,7,1,0,13
1015,P054,Accessories,659.65,6,0,0,12
1136,P007,Electronics,3609.79,13,0,1,9
1041,P048,Accessories,498.52,0,0,1,13
1104,P045,Home,2987.24,5,0,0,5
1020,P053,Stationery,637.33,7,0,0,4
1121,P040,Fitness,522.24,12,1,1,4
1004,P029,Stationery,604.58,2,0,0,18
1135,P027,Home,1914.45,0,0,0,7
1171,P050,Books,1014.13,12,0,0,2
1107,P061,Electronics,1198.66,12,2,1,3
1110,P058,Fitness,2533.51,2,0,0,11
1155,P053,Stationery,637.33,0,0,0,5
1105,P030,Accessories,429.98,0,0,0,2
1009,P024,Accessories,647.01,5,0,0,15
1082,P035,Stationery,475.01,14,2,0,14
1126,P035,Stationery,475.01,0,0,0,0
1058,P050,Books,1014.13,5,0,0,6
1102,P002,Books,1043.27,5,2,0,14
1050,P056,Books,337.37,11,0,0,12
1112,P003,Home,3130.68,3,0,0,11
1047,P041,Stationery,126.65,1,0,0,3
1113,P066,Accessories,1968.76,7,0,0,4
1115,P027,Home,1914.45,4,0,0,13
1040,P064,Fitness,2745.27,4,0,0,1
1083,P038,Books,718.93,10,1,0,1
1073,P019,Electronics,1029.98,7,0,0,0
1110,P022,Fitness,1891.11,3,0,0,11
1015,P032,Books,485.18,0,0,0,12
1053,P064,Fitness,2745.27,9,0,1,1
1129,P060,Accessories,1460.29,9,2,1,7
1159,P027,Home,1914.45,4,0,1,17
1082,P058,Fitness,2533.51,1,0,1,14
1064,P072,Accessories,1934.92,7,1,1,7
1104,P001,Electronics,1591.46,6,0,0,5
1029,P065,Stationery,582.68,5,0,1,10
1121,P010,Fitness,2770.64,10,0,0,4
1029,P004,Fitness,2522.32,4,0,0,10
1041,P040,Fitness,522.24,6,0,0,13
1058,P040,Fitness,522.24,8,2,1,6
1122,P032,Books,485.18,7,0,0,1
1142,P072,Accessories,1934.92,3,0,0,11
1151,P071,Stationery,577.39,2,1,1,16
1111,P036,Accessories,760.81,12,1,1,15
1072,P042,Accessories,1972.06,8,0,1,4
1006,P016,Fitness,2659.54,0,0,0,10
1011,P039,Home,1725.83,0,0,0,1
1142,P035,Stationery,475.01,5,0,1,11
1160,P030,Accessories,429.98,3,0,0,5
1088,P025,Electronics,2901.54,9,1,0,12
1035,P009,Home,2296.2,7,0,1,9
1100,P035,Stationery,475.01,5,0,0,14
1029,P051,Home,2867.98,13,3,0,10
1161,P003,Home,3130.68,4,1,0,15
1078,P044,Books,713.75,9,1,1,16
1174,P009,Home,2296.2,6,1,0,4
1073,P002,Books,1043.27,6,1,0,0
1078,P038,Books,718.93,1,1,0,16
1062,P045,Home,2987.24,4,1,0,10
1091,P038,Books,718.93,2,0,0,14
1140,P045,Home,2987.24,13,0,0,13
1007,P071,Stationery,577.39,6,0,0,17
1074,P033,Home,410.99,4,1,1,9
1029,P018,Accessories,475.09,7,1,1,10
1094,P058,Fitness,2533.51,6,1,0,15
1003,P059,Stationery,331.95,9,0,0,0
1115,P022,Fitness,1891.11,11,1,0,13
1001,P071,Stationery,577.39,5,1,0,7
1094,P068,Books,876.08,13,1,0,15
1103,P016,Fitness,2659.54,12,1,1,15
1084,P035,Stationery,475.01,2,1,0,5
1086,P059,Stationery,331.95,16,1,0,6
1003,P060,Accessories,1460.29,5,0,0,0
1042,P003,Home,3130.68,6,0,0,18
1162,P046,Fitness,1839.77,2,0,0,2
1036,P040,Fitness,522.24,6,0,1,4
1050,P066,Accessories,1968.76,2,0,1,12
1015,P061,Electronics,1198.66,1,0,0,12
1095,P062,Books,1040.4,2,0,0,18
1004,P062,Books,1040.4,7,0,1,18
1126,P011,Stationery,485.47,3,0,0,0
1072,P006,Accessories,557.61,9,2,0,4
1139,P033,Home,410.99,5,0,0,9
1142,P067,Electronics,737.99,1,0,1,11
1006,P022,Fitness,1891.11,3,1,1,10
1119,P071,Stationery,577.39,16,3,0,3
1171,P002,Books,1043.27,11,1,0,2
1128,P042,Accessories,1972.06,4,0,0,6
1062,P026,Books,474.39,7,1,0,10
1013,P030,Accessories,429.98,0,0,0,10
1149,P030,Accessories,429.98,13,1,0,9
1105,P066,Accessories,1968.76,6,0,0,2
1003,P049,Electronics,1744.32,0,0,0,0
1039,P013,Electronics,3550.72,6,0,0,12
1066,P027,Home,1914.45,7,1,0,5
1086,P010,Fitness,2770.64,3,0,0,6
1046,P058,Fitness,2533.51,1,1,1,14
1031,P001,Electronics,1591.46,12,2,0,7
1065,P047,Stationery,171.82,3,0,0,15
1168,P030,Accessories,429.98,11,1,1,16
1115,P018,Accessories,475.09,0,0,1,13
1158,P015,Home,2456.51,5,0,1,6
1030,P052,Fitness,2479.62,1,0,0,14
1013,P043,Electronics,3858.95,4,1,1,10
1100,P067,Electronics,737.99,10,0,0,14
1132,P021,Home,1244.28,0,0,0,13
1044,P031,Electronics,2153.69,5,0,0,13
1092,P042,Accessories,1972.06,2,0,0,7
1021,P034,Fitness,2273.57,5,1,1,15
1019,P048,Accessories,498.52,2,0,0,1
1157,P064,Fitness,2745.27,0,0,0,9
1155,P004,Fitness,2522.32,3,0,0,5
1022,P064,Fitness,2745.27,1,0,0,8
1169,P034,Fitness,2273.57,5,0,0,9
1036,P042,Accessories,1972.06,7,0,0,4
1061,P016,Fitness,2659.54,2,1,1,13
1123,P050,Books,1014.13,4,1,0,4
1017,P010,Fitness,2770.64,8,2,0,12
1067,P048,Accessories,498.52,1,1,1,6
1005,P016,Fitness,2659.54,2,0,0,18
1094,P035,Stationery,475.01,4,0,0,15
1031,P008,Books,848.01,3,1,0,7
1135,P010,Fitness,2770.64,6,0,1,7
1134,P006,Accessories,557.61,6,0,0,8
1154,P004,Fitness,2522.32,4,0,0,6
1038,P055,Electronics,1535.83,4,0,0,8
1010,P003,Home,3130.68,5,1,0,5
1019,P009,Home,2296.2,9,0,0,1
1124,P041,Stationery,126.65,4,0,0,9
1082,P021,Home,1244.28,1,0,0,14
1085,P007,Electronics,3609.79,5,0,0,4
1003,P001,Electronics,1591.46,4,0,0,0
1076,P063,Home,3080.28,6,0,0,12
1022,P072,Accessories,1934.92,7,1,0,8
1071,P024,Accessories,647.01,16,1,0,7
1102,P007,Electronics,3609.79,0,0,1,14
1173,P009,Home,2296.2,6,1,0,16
1160,P051,Home,2867.98,0,0,0,5
1050,P058,Fitness,2533.51,4,1,1,12
1150,P033,Home,410.99,7,0,0,1
1082,P045,Home,2987.24,2,1,0,14
1153,P055,Electronics,1535.83,3,1,0,2
1108,P016,Fitness,2659.54,8,1,0,14
1066,P023,Stationery,524.92,10,1,0,5
1061,P039,Home,1725.83,0,0,0,13
1167,P063,Home,3080.28,9,0,0,4
1080,P019,Electronics,1029.98,4,0,0,1
1068,P024,Accessories,647.01,2,0,0,16
1141,P053,Stationery,637.33,1,0,0,14
1081,P014,Books,504.47,5,0,0,1
1071,P058,Fitness,2533.51,2,0,0,7
1016,P056,Books,337.37,12,1,0,6
1170,P049,Electronics,1744.32,1,0,0,16
1082,P031,Electronics,2153.69,1,0,0,14
1015,P030,Accessories,429.98,1,0,0,12
1150,P050,Books,1014.13,12,2,0,1
1032,P036,Accessories,760.81,0,0,0,12
1128,P032,Books,485.18,4,0,0,6
1095,P045,Home,2987.24,5,1,0,18
1002,P057,Home,2818.36,1,0,0,4
1045,P034,Fitness,2273.57,7,1,1,1
1094,P063,Home,3080.28,7,0,0,15
1140,P028,Fitness,2582.27,11,0,0,13
1007,P066,Accessories,1968.76,7,1,0,17
1141,P039,Home,1725.83,7,1,1,14
1174,P003,Home,3130.68,11,2,1,4
1080,P064,Fitness,2745.27,5,0,0,1
1007,P047,Stationery,171.82,1,0,0,17
1129,P025,Electronics,2901.54,7,0,0,7
1047,P064,Fitness,2745.27,8,0,0,3
1102,P047,Stationery,171.82,5,0,0,14
1050,P013,Electronics,3550.72,0,0,0,12
1009,P035,Stationery,475.01,3,0,0,15
1039,P054,Accessories,659.65,10,0,1,12
1141,P021,Home,1244.28,4,0,0,14
1156,P066,Accessories,1968.76,3,0,0,2
1139,P065,Stationery,582.68,2,0,0,9
1021,P017,Stationery,163.26,5,0,0,15
1020,P031,Electronics,2153.69,13,1,0,4
1070,P061,Electronics,1198.66,5,0,0,3
1102,P031,Electronics,2153.69,7,0,0,14
1162,P012,Accessories,265.26,11,3,0,2
1050,P064,Fitness,2745.27,7,3,1,12
1116,P014,Books,504.47,7,1,1,4
1012,P027,Home,1914.45,5,0,0,0
1134,P054,Accessories,659.65,5,1,1,8
1062,P039,Home,1725.83,6,1,1,10
1163,P070,Fitness,2640.88,8,1,0,12
1067,P062,Books,1040.4,6,0,1,6
1053,P056,Books,337.37,12,1,0,1
1091,P064,Fitness,2745.27,10,1,1,14
1113,P022,Fitness,1891.11,6,1,0,4
1111,P004,Fitness,2522.32,0,0,0,15
1091,P043,Electronics,3858.95,5,0,0,14
1172,P040,Fitness,522.24,4,0,0,3
1175,P062,Books,1040.4,3,0,1,18
1086,P054,Accessories,659.65,6,1,1,6
1008,P049,Electronics,1744.32,10,1,0,12
1042,P036,Accessories,760.81,1,0,0,18
1033,P003,Home,3130.68,6,0,0,0
1101,P056,Books,337.37,6,0,0,18
1129,P068,Books,876.08,5,0,0,7
1063,P031,Electronics,2153.69,15,2,0,10
1088,P037,Electronics,3281.37,14,1,0,12
1078,P042,Accessories,1972.06,0,0,0,16
1077,P060,Accessories,1460.29,9,0,0,8
1117,P052,Fitness,2479.62,5,0,0,15
1067,P010,Fitness,2770.64,12,3,0,6
1109,P048,Accessories,498.52,5,0,0,17
1101,P009,Home,2296.2,6,0,0,18
1073,P023,Stationery,524.92,1,0,0,0
1092,P009,Home,2296.2,2,0,0,7
1179,P027,Home,1914.45,0,0,0,13
1144,P068,Books,876.08,9,0,0,15
1154,P055,Electronics,1535.83,8,2,1,6
1029,P037,Electronics,3281.37,4,0,1,10
1179,P063,Home,3080.28,0,0,1,13
1113,P027,Home,1914.45,7,0,0,4
1120,P004,Fitness,2522.32,1,0,0,5
1160,P018,Accessories,475.09,5,0,0,5
1107,P038,Books,718.93,2,1,0,3
1160,P061,Electronics,1198.66,6,0,0,5
1010,P063,Home,3080.28,2,0,0,5
1158,P013,Electronics,3550.72,7,1,0,6
1132,P035,Stationery,475.01,7,1,1,13
1158,P069,Home,1429.77,2,0,0,6
1001,P061,Electronics,1198.66,0,0,0,7
1153,P033,Home,410.99,1,0,0,2
1121,P043,Electronics,3858.95,3,0,1,4
1135,P016,Fitness,2659.54,10,1,0,7
1121,P072,Accessories,1934.92,0,0,1,4
1031,P007,Electronics,3609.79,12,1,0,7
1023,P016,Fitness,2659.54,5,1,0,14
1040,P038,Books,718.93,1,0,0,1
1053,P013,Electronics,3550.72,6,0,0,1
1159,P036,Accessories,760.81,0,0,1,17
1055,P039,Home,1725.83,3,0,0,4
1116,P063,Home,3080.28,5,0,0,4
1117,P035,Stationery,475.01,0,0,0,15
1033,P019,Electronics,1029.98,9,1,0,0
1143,P010,Fitness,2770.64,17,2,1,15
1025,P059,Stationery,331.95,11,0,0,9
1057,P026,Books,474.39,5,1,0,16
1007,P052,Fitness,2479.62,13,1,1,17
1143,P056,Books,337.37,0,0,0,15
1033,P047,Stationery,171.82,3,0,0,0
1145,P013,Electronics,3550.72,6,1,0,17
1169,P022,Fitness,1891.11,2,0,1,9
1075,P063,Home,3080.28,1,0,0,8
1121,P030,Accessories,429.98,3,0,0,4
1082,P017,Stationery,163.26,10,0,0,14
1122,P015,Home,2456.51,0,0,0,1
1178,P012,Accessories,265.26,1,0,0,11
1139,P018,Accessories,475.09,4,0,0,9
1143,P041,Stationery,126.65,0,0,0,15
1091,P026,Books,474.39,5,0,0,14
1111,P050,Books,1014.13,5,0,0,15
1059,P036,Accessories,760.81,5,0,0,1
1166,P009,Home,2296.2,5,1,1,12
1053,P023,Stationery,524.92,2,1,0,1
1146,P063,Home,3080.28,19,3,0,15
1109,P001,Electronics,1591.46,1,0,0,17
1060,P043,Electronics,3858.95,12,1,0,17
1161,P037,Electronics,3281.37,10,2,0,15
1169,P028,Fitness,2582.27,4,0,0,9
1012,P013,Electronics,3550.72,0,0,0,0
1016,P072,Accessories,1934.92,1,0,0,6
1119,P048,Accessories,498.52,8,0,1,3
1146,P070,Fitness,2640.88,0,0,0,15
1068,P056,Books,337.37,2,0,0,16
1076,P040,Fitness,522.24,7,0,0,12
1138,P010,Fitness,2770.64,1,0,0,18
1060,P038,Books,718.93,12,3,0,17
1023,P068,Books,876.08,1,0,1,14
1117,P038,Books,718.93,9,0,0,15
1065,P030,Accessories,429.98,13,3,1,15
1173,P012,Accessories,265.26,7,0,0,16
1159,P058,Fitness,2533.51,2,0,0,17
1031,P059,Stationery,331.95,7,0,0,7
1175,P070,Fitness,2640.88,12,2,0,18
1173,P015,Home,2456.51,0,0,0,16
1068,P036,Accessories,760.81,0,0,0,16
1029,P036,Accessories,760.81,5,0,0,10
1112,P020,Books,720.24,12,1,0,11
1073,P017,Stationery,163.26,2,0,0,0
1012,P069,Home,1429.77,3,0,1,0
1089,P035,Stationery,475.01,3,0,1,17
1150,P068,Books,876.08,6,0,0,1
1057,P025,Electronics,2901.54,0,0,0,16
1014,P070,Fitness,2640.88,8,2,1,13
1049,P040,Fitness,522.24,5,1,0,2
1142,P029,Stationery,604.58,8,1,1,11
1070,P013,Electronics,3550.72,4,1,0,3
1079,P052,Fitness,2479.62,1,0,0,6
1136,P068,Books,876.08,4,0,0,9
1102,P029,Stationery,604.58,1,0,0,14
1109,P017,Stationery,163.26,10,1,1,17
1048,P024,Accessories,647.01,3,0,0,15
1144,P059,Stationery,331.95,6,1,1,15
1136,P061,Electronics,1198.66,15,1,0,9
1166,P050,Books,1014.13,0,0,0,12
1057,P039,Home,1725.83,5,2,0,16
1009,P037,Electronics,3281.37,2,0,0,15
1093,P059,Stationery,331.95,6,0,0,0
1156,P013,Electronics,3550.72,3,0,0,2
1131,P058,Fitness,2533.51,7,2,0,16
1030,P063,Home,3080.28,0,0,0,14
1014,P029,Stationery,604.58,5,0,0,13
1149,P038,Books,718.93,4,0,0,9
1122,P009,Home,2296.2,5,1,0,1
1068,P055,Electronics,1535.83,5,1,1,16
1052,P023,Stationery,524.92,8,0,0,7
1147,P031,Electronics,2153.69,6,0,0,13
1015,P029,Stationery,604.58,6,0,0,12
1127,P010,Fitness,2770.64,0,0,0,14
1031,P048,Accessories,498.52,2,0,0,7
1102,P072,Accessories,1934.92,4,1,0,14
1149,P056,Books,337.37,3,0,1,9
1021,P063,Home,3080.28,3,0,0,15
1171,P010,Fitness,2770.64,6,0,0,2
1148,P053,Stationery,637.33,2,0,0,16
1044,P023,Stationery,524.92,8,2,1,13
1103,P026,Books,474.39,2,0,0,15
1097,P043,Electronics,3858.95,4,0,0,17
1133,P068,Books,876.08,8,1,0,0
1142,P070,Fitness,2640.88,12,0,1,11
1014,P001,Electronics,1591.46,4,1,1,13
1135,P065,Stationery,582.68,7,0,0,7
1163,P015,Home,2456.51,4,0,0,12
1090,P016,Fitness,2659.54,3,0,0,18
1093,P020,Books,720.24,2,0,0,0
1115,P050,Books,1014.13,5,0,0,13
1033,P057,Home,2818.36,4,0,0,0
1171,P005,Stationery,309.11,5,0,0,2
1073,P036,Accessories,760.81,3,0,0,0
1142,P071,Stationery,577.39,7,0,0,11
1163,P018,Accessories,475.09,6,1,0,12
1058,P049,Electronics,1744.32,8,1,0,6
1117,P007,Electronics,3609.79,2,0,0,15
1125,P037,Electronics,3281.37,1,1,1,13
1071,P011,Stationery,485.47,2,0,1,7
1080,P006,Accessories,557.61,14,2,0,1
1133,P019,Electronics,1029.98,5,0,0,0
1080,P072,Accessories,1934.92,8,1,0,1
1055,P022,Fitness,1891.11,3,0,0,4
1162,P062,Books,1040.4,6,3,0,2
1160,P050,Books,1014.13,14,3,1,5
1122,P051,Home,2867.98,4,0,0,1
1057,P062,Books,1040.4,8,0,0,16
1105,P056,Books,337.37,13,1,0,2
1114,P032,Books,485.18,0,0,0,3
1134,P007,Electronics,3609.79,4,1,0,8
1170,P014,Books,504.47,3,1,0,16
1132,P041,Stationery,126.65,15,2,0,13
1092,P006,Accessories,557.61,2,0,0,7
1091,P033,Home,410.99,3,0,0,14
1050,P019,Electronics,1029.98,3,0,0,12
1032,P048,Accessories,498.52,0,0,0,12
1015,P002,Books,1043.27,1,0,0,12
1133,P059,Stationery,331.95,3,0,1,0
1054,P027,Home,1914.45,8,0,0,9
1120,P006,Accessories,557.61,6,0,0,5
1011,P023,Stationery,524.92,2,0,1,1
1130,P056,Books,337.37,6,0,0,16
1090,P065,Stationery,582.68,5,0,0,18
1087,P052,Fitness,2479.62,12,0,0,14
1121,P062,Books,1040.4,6,2,0,4
1067,P035,Stationery,475.01,2,1,1,6
1065,P032,Books,485.18,5,1,0,15
1077,P012,Accessories,265.26,10,1,1,8
1023,P064,Fitness,2745.27,3,0,0,14
1109,P029,Stationery,604.58,12,0,0,17
1063,P057,Home,2818.36,7,0,0,10
1110,P052,Fitness,2479.62,2,0,1,11
1060,P062,Books,1040.4,6,1,0,17
1097,P022,Fitness,1891.11,7,0,0,17
1113,P028,Fitness,2582.27,4,1,0,4
1079,P008,Books,848.01,2,0,0,6
1102,P003,Home,3130.68,10,2,0,14
1046,P042,Accessories,1972.06,0,0,0,14
1017,P008,Books,848.01,3,0,0,12
1051,P032,Books,485.18,16,1,0,18
1178,P049,Electronics,1744.32,10,1,1,11
1089,P006,Accessories,557.61,5,1,0,17
1106,P029,Stationery,604.58,2,0,0,17
1154,P060,Accessories,1460.29,7,1,0,6
1034,P043,Electronics,3858.95,1,0,0,2
1149,P003,Home,3130.68,0,0,0,9
1102,P008,Books,848.01,2,0,0,14
1010,P024,Accessories,647.01,6,0,0,5
1070,P005,Stationery,309.11,10,1,0,3
1085,P014,Books,504.47,7,0,0,4
1171,P044,Books,713.75,11,1,1,2
1037,P060,Accessories,1460.29,3,0,0,2
1029,P043,Electronics,3858.95,4,1,1,10
1043,P004,Fitness,2522.32,10,1,0,15
1036,P017,Stationery,163.26,0,0,0,4
1021,P006,Accessories,557.61,0,0,0,15
1151,P070,Fitness,2640.88,6,0,1,16
1169,P033,Home,410.99,6,0,0,9
1127,P067,Electronics,737.99,5,0,0,14
1031,P015,Home,2456.51,3,0,0,7
1151,P026,Books,474.39,11,0,0,16
1114,P023,Stationery,524.92,2,0,0,3
1131,P006,Accessories,557.61,2,0,0,16
1034,P055,Electronics,1535.83,7,0,0,2
1133,P038,Books,718.93,9,1,0,0
1109,P060,Accessories,1460.29,2,0,1,17
1012,P038,Books,718.93,12,2,0,0
1180,P001,Electronics,1591.46,7,0,0,2
1112,P069,Home,1429.77,1,0,0,11
1044,P044,Books,713.75,4,0,0,13
1013,P023,Stationery,524.92,8,1,0,10
1175,P032,Books,485.18,0,0,0,18
1170,P053,Stationery,637.33,2,0,1,16
1139,P039,Home,1725.83,6,0,0,9
1121,P069,Home,1429.77,5,1,0,4
1095,P026,Books,474.39,0,0,1,18
1082,P062,Books,1040.4,10,1,1,14
1136,P045,Home,2987.24,3,0,0,9
1004,P071,Stationery,577.39,4,0,1,18
1143,P011,Stationery,485.47,7,0,0,15
1120,P043,Electronics,3858.95,0,0,0,5
1056,P009,Home,2296.2,11,0,0,7
1143,P019,Electronics,1029.98,11,4,1,15
1132,P039,Home,1725.83,3,0,1,13
1033,P027,Home,1914.45,1,0,0,0
1015,P010,Fitness,2770.64,5,0,0,12
1017,P054,Accessories,659.65,2,0,0,12
1058,P053,Stationery,637.33,0,0,0,6
1015,P056,Books,337.37,1,0,0,12
1135,P062,Books,1040.4,6,0,0,7
1141,P006,Accessories,557.61,0,0,0,14
1124,P036,Accessories,760.81,0,0,0,9
1032,P021,Home,1244.28,8,0,0,12
1126,P009,Home,2296.2,2,0,0,0
1009,P071,Stationery,577.39,9,2,0,15
1024,P030,Accessories,429.98,11,2,1,8
1014,P038,Books,718.93,0,0,0,13
1144,P050,Books,1014.13,16,1,0,15
1046,P072,Accessories,1934.92,1,0,0,14
1010,P039,Home,1725.83,1,0,0,5
1132,P064,Fitness,2745.27,6,0,0,13
1087,P027,Home,1914.45,8,1,0,14
1106,P031,Electronics,2153.69,10,5,1,17
1004,P069,Home,1429.77,2,0,0,18
1117,P019,Electronics,1029.98,6,0,0,15
1057,P027,Home,1914.45,2,0,0,16
1003,P039,Home,1725.83,6,0,1,0
1039,P051,Home,2867.98,3,0,0,12
1141,P072,Accessories,1934.92,1,0,0,14
1026,P034,Fitness,2273.57,11,1,1,17
1086,P029,Stationery,604.58,11,1,0,6
1006,P021,Home,1244.28,1,0,0,10
1093,P038,Books,718.93,3,0,0,0
1034,P010,Fitness,2770.64,8,0,0,2
1178,P031,Electronics,2153.69,10,0,0,11
1124,P003,Home,3130.68,16,1,0,9
1125,P071,Stationery,577.39,7,0,0,13
1018,P034,Fitness,2273.57,2,0,0,14
1063,P008,Books,848.01,7,0,1,10
1101,P032,Books,485.18,4,0,0,18
1046,P050,Books,1014.13,8,0,0,14
1057,P068,Books,876.08,5,0,0,16
1172,P009,Home,2296.2,4,0,0,3
1009,P047,Stationery,171.82,2,0,0,15
1015,P071,Stationery,577.39,6,2,0,12
1086,P033,Home,410.99,5,0,1,6
1072,P032,Books,485.18,9,0,0,4
1041,P041,Stationery,126.65,11,0,0,13
1112,P041,Stationery,126.65,0,0,1,11
1146,P014,Books,504.47,1,0,0,15
1041,P069,Home,1429.77,0,0,0,13
1180,P045,Home,2987.24,6,1,0,2
1070,P038,Books,718.93,1,0,0,3
1107,P069,Home,1429.77,1,0,0,3
1135,P001,Electronics,1591.46,5,0,0,7
1006,P033,Home,410.99,1,0,0,10
1114,P005,Stationery,309.11,5,0,0,3
1105,P033,Home,410.99,7,0,0,2
1085,P063,Home,3080.28,0,0,0,4
1112,P021,Home,1244.28,2,0,0,11
1074,P011,Stationery,485.47,6,0,0,9
1075,P055,Electronics,1535.83,7,1,0,8
1004,P017,Stationery,163.26,5,0,0,18
1052,P046,Fitness,1839.77,15,1,0,7
1126,P045,Home,2987.24,1,1,1,0
1002,P030,Accessories,429.98,5,0,0,4
1058,P043,Electronics,3858.95,3,0,0,6
1039,P005,Stationery,309.11,1,0,0,12
1147,P008,Books,848.01,0,0,1,13
1006,P018,Accessories,475.09,10,1,0,10
1169,P066,Accessories,1968.76,8,0,0,9
1005,P019,Electronics,1029.98,3,0,0,18
1148,P001,Electronics,1591.46,4,0,0,16
1028,P069,Home,1429.77,5,0,0,2
1076,P008,Books,848.01,2,0,1,12
1133,P043,Electronics,3858.95,2,0,0,0
1019,P011,Stationery,485.47,1,0,0,1
1088,P065,Stationery,582.68,4,1,1,12
1048,P045,Home,2987.24,7,1,1,15
1179,P011,Stationery,485.47,2,1,0,13
1084,P051,Home,2867.98,0,0,0,5
1099,P035,Stationery,475.01,0,0,1,16
1033,P009,Home,2296.2,3,0,1,0
1086,P071,Stationery,577.39,7,1,0,6
1178,P066,Accessories,1968.76,3,0,0,11
1152,P068,Books,876.08,0,0,0,11
1023,P035,Stationery,475.01,1,0,0,14
1014,P039,Home,1725.83,3,0,0,13
1103,P042,Accessories,1972.06,11,0,0,15
1138,P035,Stationery,475.01,0,0,0,18
1078,P030,Accessories,429.98,4,0,0,16
1054,P043,Electronics,3858.95,4,1,0,9
1095,P032,Books,485.18,4,0,0,18
1026,P019,Electronics,1029.98,7,1,0,17
1172,P036,Accessories,760.81,3,0,0,3
1036,P046,Fitness,1839.77,7,1,0,4
1126,P031,Electronics,2153.69,11,2,1,0
1180,P006,Accessories,557.61,9,2,1,2
1002,P009,Home,2296.2,3,0,0,4
1097,P008,Books,848.01,6,0,0,17
1077,P001,Electronics,1591.46,4,0,0,8
1174,P027,Home,1914.45,11,0,0,4
1107,P003,Home,3130.68,1,0,0,3
1006,P003,Home,3130.68,1,0,1,10
1112,P035,Stationery,475.01,5,1,0,11
1170,P021,Home,1244.28,12,3,0,16
1058,P051,Home,2867.98,6,1,0,6
1069,P043,Electronics,3858.95,5,0,0,12
1174,P053,Stationery,637.33,5,0,0,4
1167,P067,Electronics,737.99,9,2,0,4
1134,P062,Books,1040.4,17,2,0,8
1147,P050,Books,1014.13,3,0,0,13
1144,P018,Accessories,475.09,2,0,0,15
1055,P063,Home,3080.28,2,0,0,4
1105,P039,Home,1725.83,8,2,0,2
1031,P066,Accessories,1968.76,3,0,0,7
1098,P037,Electronics,3281.37,2,1,1,4
1129,P047,Stationery,171.82,0,0,0,7
1049,P069,Home,1429.77,8,1,0,2
1030,P053,Stationery,637.33,3,0,0,14
1177,P072,Accessories,1934.92,10,1,0,11
1042,P048,Accessories,498.52,1,0,0,18
1063,P061,Electronics,1198.66,17,3,0,10
1012,P029,Stationery,604.58,6,0,0,0
1122,P005,Stationery,309.11,4,0,0,1
1178,P059,Stationery,331.95,12,0,1,11
1161,P040,Fitness,522.24,10,2,1,15
1019,P028,Fitness,2582.27,0,0,0,1
1059,P069,Home,1429.77,6,3,0,1
1037,P016,Fitness,2659.54,1,0,0,2
1060,P027,Home,1914.45,5,0,0,17
1011,P005,Stationery,309.11,5,0,0,1
1117,P011,Stationery,485.47,3,0,0,15
1161,P049,Electronics,1744.32,7,0,0,15
1118,P024,Accessories,647.01,1,0,0,9
1014,P059,Stationery,331.95,3,1,0,13
1123,P053,Stationery,637.33,5,0,1,4
1131,P048,Accessories,498.52,3,1,0,16
1136,P070,Fitness,2640.88,5,0,1,9
1140,P008,Books,848.01,9,1,0,13
1023,P009,Home,2296.2,9,1,1,14
1124,P052,Fitness,2479.62,3,0,0,9
1144,P011,Stationery,485.47,6,1,0,15
1109,P022,Fitness,1891.11,4,0,0,17
1135,P014,Books,504.47,5,1,0,7
1017,P029,Stationery,604.58,0,0,0,12
1129,P023,Stationery,524.92,0,0,0,7
1092,P046,Fitness,1839.77,0,0,0,7
1176,P010,Fitness,2770.64,3,0,0,11
1121,P044,Books,713.75,11,1,1,4
1030,P024,Accessories,647.01,0,0,1,14
1067,P043,Electronics,3858.95,2,0,0,6
1072,P070,Fitness,2640.88,2,0,0,4
1088,P012,Accessories,265.26,3,1,0,12
1093,P065,Stationery,582.68,1,0,0,0
1077,P057,Home,2818.36,8,1,0,8
1006,P067,Electronics,737.99,14,2,1,10
1069,P030,Accessories,429.98,5,0,0,12
1054,P030,Accessories,429.98,0,0,0,9
1003,P055,Electronics,1535.83,4,0,0,0
1041,P050,Books,1014.13,7,1,0,13
1061,P030,Accessories,429.98,4,1,1,13
1083,P043,Electronics,3858.95,2,1,0,1
1110,P020,Books,720.24,4,0,0,11
1123,P006,Accessories,557.61,12,2,1,4
1023,P003,Home,3130.68,10,2,0,14
1122,P072,Accessories,1934.92,5,0,0,1
1109,P013,Electronics,3550.72,5,0,0,17
1034,P007,Electronics,3609.79,1,0,0,2
1167,P053,Stationery,637.33,13,1,0,4
1098,P006,Accessories,557.61,0,0,0,4
1172,P019,Electronics,1029.98,5,0,0,3
1093,P068,Books,876.08,10,1,0,0
1106,P044,Books,713.75,0,0,1,17
1014,P064,Fitness,2745.27,8,2,1,13
1065,P059,Stationery,331.95,0,0,0,15
1001,P042,Accessories,1972.06,15,0,0,7
1145,P035,Stationery,475.01,8,2,0,17
1129,P033,Home,410.99,9,1,0,7
1142,P011,Stationery,485.47,4,0,0,11
1042,P028,Fitness,2582.27,4,0,0,18
1017,P057,Home,2818.36,15,3,1,12
1102,P033,Home,410.99,7,0,0,14
1008,P040,Fitness,522.24,0,0,0,12
1119,P013,Electronics,3550.72,6,1,0,3
1164,P040,Fitness,522.24,3,0,0,1
1178,P005,Stationery,309.11,5,1,0,11
1007,P034,Fitness,2273.57,13,1,0,17
1170,P031,Electronics,2153.69,3,0,0,16
1071,P053,Stationery,637.33,0,0,0,7
1166,P024,Accessories,647.01,11,0,0,12
1027,P046,Fitness,1839.77,3,0,0,14
1111,P052,Fitness,2479.62,4,0,0,15
1049,P006,Accessories,557.61,3,0,0,2
1165,P061,Electronics,1198.66,1,0,0,13
1156,P001,Electronics,1591.46,5,0,0,2
1061,P041,Stationery,126.65,9,0,0,13
1158,P070,Fitness,2640.88,5,1,0,6
1109,P039,Home,1725.83,6,0,0,17
1019,P058,Fitness,2533.51,1,0,0,1
1025,P069,Home,1429.77,0,0,0,9
1110,P028,Fitness,2582.27,1,0,0,11
1051,P017,Stationery,163.26,10,1,0,18
1033,P068,Books,876.08,9,3,0,0
1015,P023,Stationery,524.92,0,0,0,12
1125,P015,Home,2456.51,3,0,0,13
1071,P065,Stationery,582.68,4,0,0,7
1111,P002,Books,1043.27,3,1,1,15
1115,P001,Electronics,1591.46,3,1,1,13
1036,P070,Fitness,2640.88,3,0,0,4
1132,P002,Books,1043.27,0,0,0,13
1164,P041,Stationery,126.65,11,2,0,1
1079,P033,Home,410.99,7,0,0,6
1095,P037,Electronics,3281.37,3,1,1,18
1047,P030,Accessories,429.98,1,0,0,3
1071,P003,Home,3130.68,2,0,0,7
1001,P048,Accessories,498.52,12,2,0,7
1040,P001,Electronics,1591.46,0,0,0,1
1063,P055,Electronics,1535.83,13,1,1,10
1020,P009,Home,2296.2,0,0,0,4
1041,P030,Accessories,429.98,3,0,0,13
1160,P024,Accessories,647.01,3,0,0,5
1164,P003,Home,3130.68,3,0,0,1
1062,P022,Fitness,1891.11,0,0,0,10
1164,P036,Accessories,760.81,2,0,0,1
1156,P031,Electronics,2153.69,4,0,1,2
1132,P010,Fitness,2770.64,6,2,1,13
1100,P042,Accessories,1972.06,7,0,0,14
1051,P046,Fitness,1839.77,1,0,0,18
1025,P036,Accessories,760.81,3,0,1,9
1148,P057,Home,2818.36,3,0,0,16
1108,P065,Stationery,582.68,15,3,1,14
1015,P043,Electronics,3858.95,7,1,0,12
1081,P042,Accessories,1972.06,11,3,1,1
1060,P072,Accessories,1934.92,0,0,0,17
1118,P043,Electronics,3858.95,2,0,1,9
1127,P047,Stationery,171.82,3,0,1,14
1109,P037,Electronics,3281.37,7,0,1,17
1074,P059,Stationery,331.95,6,1,0,9
1061,P068,Books,876.08,8,0,0,13
1085,P067,Electronics,737.99,9,1,0,4
1050,P033,Home,410.99,11,3,0,12
1033,P036,Accessories,760.81,5,1,0,0
1178,P039,Home,1725.83,8,1,0,11
1127,P049,Electronics,1744.32,13,2,0,14
1087,P022,Fitness,1891.11,14,2,0,14
1004,P042,Accessories,1972.06,3,1,1,18
1178,P061,Electronics,1198.66,3,0,0,11
1096,P057,Home,2818.36,4,0,0,7
1092,P003,Home,3130.68,5,0,0,7
1086,P044,Books,713.75,6,1,1,6
1130,P002,Books,1043.27,1,0,0,16
1122,P052,Fitness,2479.62,3,0,0,1
1061,P058,Fitness,2533.51,2,0,0,13
1153,P034,Fitness,2273.57,1,0,0,2
1008,P044,Books,713.75,4,1,1,12
1065,P028,Fitness,2582.27,10,1,1,15
1135,P060,Accessories,1460.29,3,0,0,7
1092,P050,Books,1014.13,1,0,0,7
1087,P025,Electronics,2901.54,5,2,1,14
1017,P025,Electronics,2901.54,2,0,0,12
1160,P006,Accessories,557.61,0,0,0,5
1122,P039,Home,1725.83,0,0,0,1
1061,P047,Stationery,171.82,7,0,0,13
1042,P066,Accessories,1968.76,0,0,0,18
1075,P057,Home,2818.36,3,1,0,8
1069,P039,Home,1725.83,8,0,0,12
1056,P004,Fitness,2522.32,6,0,0,7
1153,P002,Books,1043.27,5,0,0,2
1164,P054,Accessories,659.65,7,1,0,1
1159,P013,Electronics,3550.72,13,0,1,17
1044,P042,Accessories,1972.06,10,0,0,13
1085,P016,Fitness,2659.54,3,1,0,4
1003,P063,Home,3080.28,9,0,0,0
1011,P052,Fitness,2479.62,3,0,0,1
1106,P009,Home,2296.2,1,0,0,17
1024,P048,Accessories,498.52,12,4,1,8
1093,P008,Books,848.01,0,0,0,0
1081,P035,Stationery,475.01,6,0,0,1
1092,P023,Stationery,524.92,9,2,1,7
1180,P038,Books,718.93,9,1,0,2
1007,P040,Fitness,522.24,10,0,1,17
1026,P014,Books,504.47,6,0,1,17
1180,P018,Accessories,475.09,6,0,0,2
1140,P009,Home,2296.2,8,3,0,13
1110,P021,Home,1244.28,9,0,0,11
1167,P035,Stationery,475.01,6,0,0,4
1161,P068,Books,876.08,0,0,0,15
1004,P072,Accessories,1934.92,6,0,0,18
1110,P005,Stationery,309.11,0,0,0,11
1058,P009,Home,2296.2,5,0,0,6
1067,P058,Fitness,2533.51,15,1,1,6
1070,P006,Accessories,557.61,0,0,1,3
1041,P024,Accessories,647.01,6,0,0,13
1180,P002,Books,1043.27,7,1,0,2
1131,P002,Books,1043.27,13,3,0,16
1099,P056,Books,337.37,7,1,0,16
1143,P051,Home,2867.98,0,0,0,15
1110,P043,Electronics,3858.95,8,0,0,11
1021,P033,Home,410.99,3,0,0,15
1082,P020,Books,720.24,11,0,0,14
1044,P028,Fitness,2582.27,4,0,1,13
1132,P024,Accessories,647.01,0,0,1,13
1045,P044,Books,713.75,8,0,1,1
1128,P017,Stationery,163.26,9,1,0,6
1070,P067,Electronics,737.99,7,0,0,3
1043,P067,Electronics,737.99,1,0,0,15
1047,P068,Books,876.08,2,0,0,3
1130,P042,Accessories,1972.06,0,0,0,16
1053,P016,Fitness,2659.54,8,3,1,1
1087,P060,Accessories,1460.29,4,0,0,14
1081,P061,Electronics,1198.66,4,0,1,1
1111,P014,Books,504.47,3,0,0,15
1087,P007,Electronics,3609.79,8,0,0,14
1026,P021,Home,1244.28,1,0,0,17
1147,P033,Home,410.99,9,2,0,13
1099,P015,Home,2456.51,6,1,0,16
1043,P002,Books,1043.27,3,0,0,15
1122,P033,Home,410.99,0,0,0,1
1134,P003,Home,3130.68,6,0,0,8
1011,P044,Books,713.75,3,0,1,1
1144,P039,Home,1725.83,1,0,0,15
1070,P001,Electronics,1591.46,8,0,1,3
1068,P026,Books,474.39,3,1,1,16
1049,P025,Electronics,2901.54,18,1,1,2
1022,P069,Home,1429.77,12,1,0,8
1130,P069,Home,1429.77,5,0,0,16
1019,P071,Stationery,577.39,5,0,0,1
1043,P033,Home,410.99,8,1,0,15
1127,P035,Stationery,475.01,3,0,0,14
1106,P060,Accessories,1460.29,5,0,0,17
1025,P056,Books,337.37,1,0,0,9
1063,P051,Home,2867.98,8,0,0,10
1029,P049,Electronics,1744.32,2,0,0,10
1023,P066,Accessories,1968.76,0,0,0,14
1143,P044,Books,713.75,4,0,0,15
1040,P036,Accessories,760.81,4,0,0,1
1160,P014,Books,504.47,13,2,0,5
1180,P005,Stationery,309.11,4,0,1,2
1148,P046,Fitness,1839.77,1,0,0,16
1082,P046,Fitness,1839.77,3,0,0,14
1107,P014,Books,504.47,1,0,0,3
1065,P016,Fitness,2659.54,9,0,0,15
1125,P063,Home,3080.28,1,0,0,13
1058,P031,Electronics,2153.69,5,0,0,6
1077,P048,Accessories,498.52,9,0,0,8
1169,P063,Home,3080.28,6,0,0,9
1116,P054,Accessories,659.65,17,1,0,4
1098,P015,Home,2456.51,0,0,0,4
1033,P044,Books,713.75,10,2,1,0
1054,P055,Electronics,1535.83,2,0,0,9
1053,P034,Fitness,2273.57,11,0,0,1
1083,P034,Fitness,2273.57,12,1,0,1
1137,P035,Stationery,475.01,13,2,0,2
1046,P008,Books,848.01,11,3,1,14
1084,P066,Accessories,1968.76,4,0,0,5
1092,P038,Books,718.93,7,1,0,7
1097,P037,Electronics,3281.37,6,1,0,17
1148,P048,Accessories,498.52,8,3,0,16
1149,P049,Electronics,1744.32,0,0,0,9
1120,P019,Electronics,1029.98,2,0,0,5
1132,P067,Electronics,737.99,3,0,0,13
1165,P046,Fitness,1839.77,3,0,0,13
1045,P020,Books,720.24,12,2,1,1
1099,P014,Books,504.47,14,3,0,16
1089,P063,Home,3080.28,12,3,1,17
1146,P057,Home,2818.36,10,2,0,15
1085,P035,Stationery,475.01,16,1,0,4
1143,P045,Home,2987.24,0,0,0,15
1066,P035,Stationery,475.01,10,0,0,5
1014,P060,Accessories,1460.29,7,0,0,13
1135,P017,Stationery,163.26,5,0,0,7
1129,P051,Home,2867.98,2,0,0,7
1063,P052,Fitness,2479.62,5,1,1,10
1128,P013,Electronics,3550.72,16,0,1,6
1047,P014,Books,504.47,1,0,0,3
1019,P056,Books,337.37,4,0,0,1
1025,P065,Stationery,582.68,12,2,1,9
1063,P038,Books,718.93,3,0,0,10
1078,P023,Stationery,524.92,15,0,0,16
1048,P065,Stationery,582.68,4,1,1,15
1099,P049,Electronics,1744.32,7,0,0,16
1053,P009,Home,2296.2,4,0,1,1
1082,P071,Stationery,577.39,6,0,0,14
1016,P019,Electronics,1029.98,3,0,0,6
1026,P012,Accessories,265.26,0,0,0,17
1092,P052,Fitness,2479.62,2,0,0,7
1158,P064,Fitness,2745.27,5,0,0,6
1016,P047,Stationery,171.82,12,3,0,6
1180,P059,Stationery,331.95,1,0,0,2
1113,P052,Fitness,2479.62,8,1,1,4
1158,P014,Books,504.47,6,0,0,6
1103,P030,Accessories,429.98,7,3,0,15
1070,P008,Books,848.01,6,0,0,3
1031,P060,Accessories,1460.29,3,0,0,7
1025,P033,Home,410.99,4,0,0,9
1132,P019,Electronics,1029.98,6,1,0,13
1158,P041,Stationery,126.65,4,0,0,6
1172,P054,Accessories,659.65,5,1,1,3
1065,P071,Stationery,577.39,6,1,0,15
1035,P016,Fitness,2659.54,15,1,1,9
1131,P038,Books,718.93,7,0,0,16
1163,P010,Fitness,2770.64,10,2,0,12
1145,P052,Fitness,2479.62,4,0,0,17
1052,P017,Stationery,163.26,10,0,1,7
1148,P021,Home,1244.28,1,0,1,16
1159,P021,Home,1244.28,4,0,0,17
1013,P022,Fitness,1891.11,9,1,1,10
1112,P004,Fitness,2522.32,3,0,0,11
1129,P024,Accessories,647.01,11,2,0,7
1068,P006,Accessories,557.61,7,0,0,16
1039,P038,Books,718.93,3,0,0,12
1067,P003,Home,3130.68,1,0,0,6
1149,P058,Fitness,2533.51,2,2,1,9
1063,P072,Accessories,1934.92,3,0,1,10
1127,P053,Stationery,637.33,0,0,0,14
1162,P039,Home,1725.83,1,0,0,2
1047,P034,Fitness,2273.57,3,1,0,3
1110,P038,Books,718.93,6,1,0,11
1017,P030,Accessories,429.98,4,0,1,12
1133,P005,Stationery,309.11,6,1,0,0
1069,P068,Books,876.08,4,0,0,12
1014,P009,Home,2296.2,0,0,0,13
1096,P006,Accessories,557.61,5,0,0,7
1063,P014,Books,504.47,3,0,0,10
1084,P023,Stationery,524.92,3,0,0,5
1117,P042,Accessories,1972.06,12,1,0,15
1082,P029,Stationery,604.58,12,0,0,14
1171,P047,Stationery,171.82,4,0,1,2
1023,P024,Accessories,647.01,0,0,0,14
1055,P008,Books,848.01,10,0,0,4
1131,P053,Stationery,637.33,0,0,0,16
1100,P034,Fitness,2273.57,0,0,0,14
1063,P027,Home,1914.45,6,0,0,10
1035,P048,Accessories,498.52,4,0,0,9
1065,P041,Stationery,126.65,0,0,0,15
1124,P042,Accessories,1972.06,5,0,0,9
1089,P021,Home,1244.28,12,0,0,17
1100,P045,Home,2987.24,0,0,1,14
1029,P028,Fitness,2582.27,5,1,0,10
1125,P001,Electronics,1591.46,4,0,0,13
1014,P024,Accessories,647.01,8,1,1,13
1109,P003,Home,3130.68,0,0,0,17
1054,P019,Electronics,1029.98,4,0,0,9
1159,P005,Stationery,309.11,13,3,1,17
1131,P015,Home,2456.51,8,0,1,16
1057,P014,Books,504.47,2,0,0,16
1128,P010,Fitness,2770.64,2,0,0,6
1127,P002,Books,1043.27,5,1,0,14
1010,P020,Books,720.24,3,1,0,5
1170,P013,Electronics,3550.72,2,0,0,16
1072,P020,Books,720.24,5,0,0,4
1022,P033,Home,410.99,11,0,0,8
1092,P071,Stationery,577.39,6,1,0,7
1128,P009,Home,2296.2,4,1,0,6
1175,P006,Accessories,557.61,2,0,1,18
1120,P046,Fitness,1839.77,5,0,0,5
1008,P055,Electronics,1535.83,9,1,0,12
1177,P065,Stationery,582.68,2,0,0,11
1145,P016,Fitness,2659.54,3,0,0,17
1090,P002,Books,1043.27,6,0,1,18
1012,P043,Electronics,3858.95,1,0,0,0
1138,P045,Home,2987.24,5,1,0,18
1020,P018,Accessories,475.09,3,0,0,4
1005,P043,Electronics,3858.95,5,1,0,18
1052,P044,Books,713.75,2,0,0,7
1159,P064,Fitness,2745.27,0,0,0,17
1136,P014,Books,504.47,0,0,0,9
1024,P026,Books,474.39,3,0,0,8
1023,P008,Books,848.01,2,0,0,14
1169,P030,Accessories,429.98,10,1,0,9
1109,P052,Fitness,2479.62,0,0,0,17
1165,P030,Accessories,429.98,3,0,0,13
1176,P051,Home,2867.98,2,0,0,11
1066,P003,Home,3130.68,2,0,1,5
1055,P052,Fitness,2479.62,4,0,0,4
1030,P013,Electronics,3550.72,9,0,0,14
1179,P013,Electronics,3550.72,12,1,1,13
1065,P064,Fitness,2745.27,10,1,0,15
1135,P007,Electronics,3609.79,3,0,0,7
1027,P032,Books,485.18,5,0,1,14
1162,P061,Electronics,1198.66,1,0,0,2
1126,P070,Fitness,2640.88,2,0,0,0
1096,P033,Home,410.99,12,0,0,7
1036,P060,Accessories,1460.29,0,0,0,4
1098,P008,Books,848.01,3,0,1,4
1153,P041,Stationery,126.65,11,0,0,2
1094,P034,Fitness,2273.57,2,0,1,15
1150,P054,Accessories,659.65,0,0,0,1
1095,P020,Books,720.24,7,0,0,18
1024,P006,Accessories,557.61,14,3,1,8
1070,P040,Fitness,522.24,7,0,0,3
1112,P007,Electronics,3609.79,10,1,0,11
1091,P013,Electronics,3550.72,8,2,0,14
1144,P028,Fitness,2582.27,2,1,0,15
1088,P036,Accessories,760.81,4,0,0,12
1094,P046,Fitness,1839.77,3,0,0,15
1151,P057,Home,2818.36,12,0,0,16
1048,P066,Accessories,1968.76,0,0,1,15
1026,P016,Fitness,2659.54,16,3,0,17
1044,P045,Home,2987.24,4,0,1,13
1143,P004,Fitness,2522.32,9,2,0,15
1148,P036,Accessories,760.81,14,1,0,16
1177,P045,Home,2987.24,1,0,1,11
1155,P014,Books,504.47,7,1,0,5
1062,P063,Home,3080.28,4,0,0,10
1014,P005,Stationery,309.11,1,0,0,13
1038,P013,Electronics,3550.72,7,1,1,8
1098,P064,Fitness,2745.27,6,1,1,4
1079,P049,Electronics,1744.32,9,1,0,6
1090,P032,Books,485.18,0,0,0,18
1092,P012,Accessories,265.26,6,1,0,7
1054,P052,Fitness,2479.62,7,1,0,9
1049,P027,Home,1914.45,5,1,0,2
1151,P023,Stationery,524.92,5,0,0,16
1028,P071,Stationery,577.39,5,0,1,2
1069,P010,Fitness,2770.64,7,0,0,12
1117,P043,Electronics,3858.95,2,0,0,15
1020,P015,Home,2456.51,2,0,0,4
1018,P070,Fitness,2640.88,3,0,0,14
1119,P003,Home,3130.68,0,0,0,3
1142,P028,Fitness,2582.27,8,1,1,11
1077,P067,Electronics,737.99,0,0,1,8
1010,P050,Books,1014.13,0,0,0,5
1043,P052,Fitness,2479.62,9,0,0,15
1158,P030,Accessories,429.98,3,0,0,6
1166,P043,Electronics,3858.95,14,1,1,12
1125,P030,Accessories,429.98,0,0,0,13
1038,P015,Home,2456.51,9,2,1,8
1158,P051,Home,2867.98,1,0,1,6
1082,P023,Stationery,524.92,16,2,0,14
1039,P021,Home,1244.28,6,0,1,12
1056,P017,Stationery,163.26,11,1,0,7
1131,P051,Home,2867.98,9,1,1,16
1169,P015,Home,2456.51,3,1,0,9
1115,P015,Home,2456.51,5,0,0,13
1051,P018,Accessories,475.09,5,0,0,18
1014,P057,Home,2818.36,3,1,1,13
1102,P061,Electronics,1198.66,4,1,0,14
1110,P041,Stationery,126.65,0,0,0,11
1175,P001,Electronics,1591.46,2,0,0,18
1014,P047,Stationery,171.82,6,1,1,13
1148,P054,Accessories,659.65,12,1,0,16
1126,P023,Stationery,524.92,1,0,0,0
1013,P008,Books,848.01,8,1,0,10
1054,P044,Books,713.75,11,2,1,9
1041,P047,Stationery,171.82,5,0,0,13
1012,P071,Stationery,577.39,2,0,0,0
1086,P053,Stationery,637.33,10,1,0,6
1055,P006,Accessories,557.61,10,1,1,4
1043,P059,Stationery,331.95,3,0,0,15
1049,P071,Stationery,577.39,6,0,0,2
1145,P060,Accessories,1460.29,4,0,0,17
1047,P025,Electronics,2901.54,12,3,1,3
1014,P013,Electronics,3550.72,4,0,0,13
1113,P008,Books,848.01,1,0,0,4
1080,P012,Accessories,265.26,11,0,0,1
1067,P055,Electronics,1535.83,1,0,0,6
1105,P021,Home,1244.28,8,0,0,2
1078,P016,Fitness,2659.54,5,0,0,16
1176,P049,Electronics,1744.32,14,1,0,11
1165,P022,Fitness,1891.11,4,0,0,13
1141,P048,Accessories,498.52,1,0,0,14
1051,P028,Fitness,2582.27,4,0,1,18
1045,P064,Fitness,2745.27,8,1,1,1
1090,P056,Books,337.37,4,0,1,18
1027,P070,Fitness,2640.88,8,0,1,14
1114,P033,Home,410.99,3,2,1,3
1086,P048,Accessories,498.52,3,1,0,6
1104,P065,Stationery,582.68,6,0,0,5
1121,P058,Fitness,2533.51,12,2,1,4
1052,P067,Electronics,737.99,4,0,0,7
1166,P033,Home,410.99,0,0,0,12
1143,P053,Stationery,637.33,0,0,0,15
1020,P051,Home,2867.98,6,0,0,4
1079,P050,Books,1014.13,6,1,0,6
1124,P043,Electronics,3858.95,3,0,0,9
1021,P072,Accessories,1934.92,4,0,1,15
1051,P052,Fitness,2479.62,0,0,0,18
1062,P050,Books,1014.13,4,0,0,10
1120,P014,Books,504.47,13,1,0,5
1070,P046,Fitness,1839.77,5,1,0,3
1118,P064,Fitness,2745.27,1,0,0,9
1106,P018,Accessories,475.09,4,0,0,17
1159,P044,Books,713.75,2,0,0,17
1148,P069,Home,1429.77,3,1,0,16
1029,P021,Home,1244.28,12,2,0,10
1023,P061,Electronics,1198.66,9,0,0,14
1106,P042,Accessories,1972.06,5,0,0,17
1076,P050,Books,1014.13,2,0,1,12
1002,P029,Stationery,604.58,13,0,0,4
1089,P003,Home,3130.68,10,2,0,17
1003,P071,Stationery,577.39,5,0,0,0
1152,P052,Fitness,2479.62,4,0,0,11
1146,P010,Fitness,2770.64,3,0,0,15
1011,P038,Books,718.93,1,0,0,1
1012,P065,Stationery,582.68,3,0,0,0
1145,P010,Fitness,2770.64,2,0,0,17
1060,P068,Books,876.08,13,0,0,17
1139,P003,Home,3130.68,5,0,0,9
1136,P036,Accessories,760.81,3,0,1,9
1178,P071,Stationery,577.39,14,1,0,11
1006,P041,Stationery,126.65,4,0,0,10
1145,P007,Electronics,3609.79,11,4,1,17
1075,P058,Fitness,2533.51,12,3,0,8
1092,P034,Fitness,2273.57,3,0,1,7
1061,P072,Accessories,1934.92,8,1,0,13
1040,P003,Home,3130.68,0,0,0,1
1115,P058,Fitness,2533.51,5,0,0,13
1147,P028,Fitness,2582.27,4,0,0,13
1055,P067,Electronics,737.99,0,0,0,4
1084,P041,Stationery,126.65,1,0,0,5
1041,P023,Stationery,524.92,11,1,0,13
1153,P035,Stationery,475.01,7,0,0,2
1177,P044,Books,713.75,6,0,1,11
1040,P062,Books,1040.4,8,1,0,1
1159,P054,Accessories,659.65,0,0,0,17
1052,P038,Books,718.93,4,0,0,7
1177,P051,Home,2867.98,0,0,0,11
1163,P050,Books,1014.13,3,0,0,12
1019,P001,Electronics,1591.46,5,0,0,1
1022,P066,Accessories,1968.76,2,0,0,8
1157,P066,Accessories,1968.76,3,0,1,9
1104,P055,Electronics,1535.83,7,0,0,5
1141,P045,Home,2987.24,1,0,0,14
1115,P029,Stationery,604.58,3,0,0,13
1032,P041,Stationery,126.65,2,0,0,12
1090,P026,Books,474.39,0,0,0,18
1081,P029,Stationery,604.58,3,0,0,1
1082,P041,Stationery,126.65,11,4,1,14
1087,P017,Stationery,163.26,5,0,0,14
1132,P056,Books,337.37,4,0,0,13
1066,P020,Books,720.24,1,0,0,5
1004,P039,Home,1725.83,1,0,0,18
1139,P025,Electronics,2901.54,13,1,0,9
1116,P032,Books,485.18,0,0,0,4
1147,P041,Stationery,126.65,11,0,0,13
1149,P007,Electronics,3609.79,0,0,0,9
1034,P065,Stationery,582.68,2,0,0,2
1068,P067,Electronics,737.99,0,0,0,16
1059,P022,Fitness,1891.11,12,0,0,1
1083,P050,Books,1014.13,16,2,0,1
1004,P055,Electronics,1535.83,9,0,0,18
1174,P044,Books,713.75,5,0,1,4
1121,P033,Home,410.99,1,0,0,4
1136,P059,Stationery,331.95,5,1,0,9
1145,P061,Electronics,1198.66,12,3,1,17
1046,P053,Stationery,637.33,0,0,0,14
1024,P063,Home,3080.28,0,0,0,8
1063,P045,Home,2987.24,7,0,0,10
1065,P062,Books,1040.4,3,0,1,15
1115,P072,Accessories,1934.92,2,0,1,13
1003,P042,Accessories,1972.06,3,0,0,0
1003,P020,Books,720.24,14,1,1,0
1024,P059,Stationery,331.95,1,0,0,8
1078,P004,Fitness,2522.32,3,0,0,16
1126,P042,Accessories,1972.06,8,1,1,0
1042,P017,Stationery,163.26,3,0,0,18
1059,P053,Stationery,637.33,7,0,0,1
1095,P051,Home,2867.98,3,0,1,18
1170,P012,Accessories,265.26,6,0,0,16
1137,P005,Stationery,309.11,15,1,0,2
1011,P014,Books,504.47,4,1,1,1
1144,P015,Home,2456.51,6,0,0,15
1063,P026,Books,474.39,5,0,0,10
1099,P050,Books,1014.13,11,2,1,16
1055,P032,Books,485.18,0,0,0,4
1143,P039,Home,1725.83,5,0,0,15
1067,P063,Home,3080.28,1,1,1,6
1112,P053,Stationery,637.33,13,1,0,11
1008,P039,Home,1725.83,4,0,0,12
1135,P032,Books,485.18,11,1,0,7
1008,P028,Fitness,2582.27,2,0,0,12
1082,P056,Books,337.37,11,2,0,14
1075,P049,Electronics,1744.32,6,1,0,8
1167,P045,Home,2987.24,4,0,0,4
1012,P033,Home,410.99,4,1,1,0
1044,P007,Electronics,3609.79,5,1,0,13
1157,P006,Accessories,557.61,7,0,0,9
1024,P024,Accessories,647.01,12,2,1,8
1024,P050,Books,1014.13,3,0,0,8
1045,P059,Stationery,331.95,6,0,0,1
1053,P053,Stationery,637.33,1,0,0,1
1105,P057,Home,2818.36,3,0,0,2
1010,P062,Books,1040.4,0,0,0,5
1121,P020,Books,720.24,9,1,0,4
1096,P016,Fitness,2659.54,2,0,0,7
1161,P067,Electronics,737.99,6,0,0,15
1075,P071,Stationery,577.39,7,0,0,8
1078,P066,Accessories,1968.76,5,1,0,16
1056,P043,Electronics,3858.95,1,0,0,7
1137,P022,Fitness,1891.11,1,0,0,2
1142,P065,Stationery,582.68,6,0,1,11
1088,P051,Home,2867.98,2,0,0,12
1002,P034,Fitness,2273.57,8,1,0,4
1117,P003,Home,3130.68,2,0,0,15
1039,P058,Fitness,2533.51,3,0,0,12
1110,P023,Stationery,524.92,3,0,0,11
1099,P071,Stationery,577.39,0,0,0,16
1111,P039,Home,1725.83,3,0,0,15
1015,P021,Home,1244.28,8,1,1,12
1038,P052,Fitness,2479.62,5,0,0,8
1154,P071,Stationery,577.39,0,0,0,6
1172,P035,Stationery,475.01,0,0,0,3
1155,P066,Accessories,1968.76,2,0,0,5
1095,P039,Home,1725.83,0,0,0,18
1038,P025,Electronics,2901.54,5,1,0,8
1169,P051,Home,2867.98,4,0,0,9
1136,P012,Accessories,265.26,0,0,0,9
1091,P049,Electronics,1744.32,9,0,0,14
1104,P072,Accessories,1934.92,3,0,0,5
1153,P012,Accessories,265.26,13,0,0,2
1124,P057,Home,2818.36,10,0,0,9
1179,P070,Fitness,2640.88,5,0,0,13
1031,P014,Books,504.47,1,1,1,7
1056,P034,Fitness,2273.57,6,0,0,7
1069,P072,Accessories,1934.92,5,1,1,12
1106,P021,Home,1244.28,2,0,0,17
1172,P069,Home,1429.77,6,1,0,3
1121,P025,Electronics,2901.54,4,1,0,4
1147,P048,Accessories,498.52,7,1,0,13
1097,P010,Fitness,2770.64,6,0,1,17
1110,P048,Accessories,498.52,3,0,0,11
1119,P063,Home,3080.28,5,0,0,3
1031,P011,Stationery,485.47,3,0,0,7
1016,P069,Home,1429.77,4,1,0,6
1125,P023,Stationery,524.92,8,2,0,13
1079,P010,Fitness,2770.64,2,0,0,6
1070,P015,Home,2456.51,4,0,0,3
1105,P068,Books,876.08,15,2,1,2
1163,P044,Books,713.75,3,0,0,12
1165,P057,Home,2818.36,3,0,1,13
1093,P045,Home,2987.24,1,0,0,0
1005,P021,Home,1244.28,6,0,0,18
1086,P036,Accessories,760.81,2,0,0,6
1161,P038,Books,718.93,4,0,0,15
1139,P072,Accessories,1934.92,0,0,0,9
1007,P045,Home,2987.24,1,0,0,17
1174,P036,Accessories,760.81,8,1,1,4
1131,P035,Stationery,475.01,4,0,1,16
1114,P045,Home,2987.24,2,0,0,3
1040,P069,Home,1429.77,4,0,0,1
1104,P066,Accessories,1968.76,6,1,0,5
1083,P055,Electronics,1535.83,0,0,0,1
1079,P009,Home,2296.2,8,0,0,6
1013,P072,Accessories,1934.92,3,0,0,10
1048,P011,Stationery,485.47,4,0,0,15
1131,P005,Stationery,309.11,4,0,0,16
1111,P030,Accessories,429.98,9,1,0,15
1044,P057,Home,2818.36,1,0,0,13
1013,P006,Accessories,557.61,1,0,0,10
1118,P037,Electronics,3281.37,3,0,0,9
1121,P049,Electronics,1744.32,0,0,0,4
1145,P008,Books,848.01,0,0,1,17
1075,P026,Books,474.39,10,2,1,8
1048,P062,Books,1040.4,4,2,1,15
1159,P020,Books,720.24,1,0,0,17
1059,P018,Accessories,475.09,9,0,0,1
1178,P004,Fitness,2522.32,5,0,0,11
1099,P043,Electronics,3858.95,5,1,0,16
1117,P037,Electronics,3281.37,3,1,0,15
1087,P050,Books,1014.13,3,0,0,14
1027,P068,Books,876.08,4,1,0,14
1039,P035,Stationery,475.01,4,1,0,12
1105,P040,Fitness,522.24,4,0,1,2
1105,P041,Stationery,126.65,3,0,1,2
1099,P029,Stationery,604.58,2,0,0,16
1123,P008,Books,848.01,3,0,0,4
1015,P033,Home,410.99,9,2,0,12
1140,P058,Fitness,2533.51,2,0,0,13
1044,P015,Home,2456.51,4,0,1,13
1169,P012,Accessories,265.26,6,0,0,9
1150,P013,Electronics,3550.72,7,1,0,1
1153,P059,Stationery,331.95,6,0,0,2
1003,P005,Stationery,309.11,4,2,1,0
1139,P053,Stationery,637.33,1,0,0,9
1179,P024,Accessories,647.01,10,0,0,13
1046,P026,Books,474.39,12,0,0,14
1018,P023,Stationery,524.92,3,1,1,14
1027,P043,Electronics,3858.95,2,1,1,14
1029,P016,Fitness,2659.54,1,0,0,10
1043,P054,Accessories,659.65,1,0,0,15
1075,P043,Electronics,3858.95,4,0,0,8
1085,P008,Books,848.01,4,0,0,4
1066,P008,Books,848.01,3,0,0,5
1130,P043,Electronics,3858.95,9,2,0,16
1118,P006,Accessories,557.61,7,2,0,9
1051,P020,Books,720.24,11,0,0,18
1140,P035,Stationery,475.01,3,1,1,13
1153,P020,Books,720.24,4,0,0,2
1030,P036,Accessories,760.81,2,0,0,14
1138,P030,Accessories,429.98,3,2,1,18
1016,P008,Books,848.01,10,1,1,6
1076,P014,Books,504.47,0,0,0,12
1098,P072,Accessories,1934.92,0,0,0,4
1027,P005,Stationery,309.11,13,2,0,14
1082,P043,Electronics,3858.95,0,0,0,14
1179,P028,Fitness,2582.27,0,0,0,13
1145,P012,Accessories,265.26,3,0,0,17
1054,P048,Accessories,498.52,6,2,0,9
1142,P021,Home,1244.28,3,0,0,11
1053,P006,Accessories,557.61,0,0,0,1
1115,P012,Accessories,265.26,6,1,0,13
1168,P017,Stationery,163.26,4,0,0,16
1103,P010,Fitness,2770.64,9,0,0,15
1137,P064,Fitness,2745.27,5,1,0,2
1087,P053,Stationery,637.33,1,0,0,14
1088,P061,Electronics,1198.66,15,1,0,12
1010,P002,Books,1043.27,5,1,0,5
1173,P041,Stationery,126.65,6,2,0,16
1048,P034,Fitness,2273.57,11,1,1,15
1013,P067,Electronics,737.99,0,0,0,10
1175,P042,Accessories,1972.06,4,0,0,18
1002,P047,Stationery,171.82,5,0,0,4
1007,P019,Electronics,1029.98,5,0,0,17
1170,P019,Electronics,1029.98,4,0,0,16
1097,P026,Books,474.39,2,0,0,17
1011,P058,Fitness,2533.51,4,1,0,1
1114,P002,Books,1043.27,4,1,0,3
1013,P021,Home,1244.28,6,0,0,10
1103,P039,Home,1725.83,2,0,0,15
1009,P011,Stationery,485.47,2,0,0,15
1041,P006,Accessories,557.61,4,0,0,13
1149,P029,Stationery,604.58,0,0,0,9
1019,P014,Books,504.47,6,0,0,1
1033,P023,Stationery,524.92,5,0,0,0
1030,P016,Fitness,2659.54,3,0,1,14
1165,P003,Home,3130.68,9,1,1,13
1029,P005,Stationery,309.11,9,2,0,10
1112,P037,Electronics,3281.37,10,0,0,11
1168,P003,Home,3130.68,0,0,0,16
1035,P033,Home,410.99,5,0,1,9
1096,P041,Stationery,126.65,14,2,0,7
1033,P065,Stationery,582.68,6,2,1,0
1008,P060,Accessories,1460.29,6,0,0,12
1087,P011,Stationery,485.47,6,0,1,14
1147,P044,Books,713.75,7,0,0,13
1011,P035,Stationery,475.01,6,0,0,1
1094,P020,Books,720.24,13,0,1,15
1105,P048,Accessories,498.52,5,0,1,2
1048,P046,Fitness,1839.77,5,0,0,15
1064,P016,Fitness,2659.54,6,1,0,7
1053,P057,Home,2818.36,0,0,0,1
1021,P055,Electronics,1535.83,11,1,0,15
1081,P021,Home,1244.28,3,0,0,1
1047,P071,Stationery,577.39,1,0,0,3
1079,P014,Books,504.47,7,0,0,6
1162,P049,Electronics,1744.32,2,0,0,2
1157,P021,Home,1244.28,6,0,0,9
1012,P054,Accessories,659.65,8,1,1,0
1174,P061,Electronics,1198.66,7,1,0,4
1020,P012,Accessories,265.26,5,0,0,4
1130,P057,Home,2818.36,11,1,0,16
1100,P020,Books,720.24,7,1,0,14
1056,P057,Home,2818.36,7,0,0,7
1160,P019,Electronics,1029.98,7,1,0,5
1108,P066,Accessories,1968.76,8,2,0,14
1017,P017,Stationery,163.26,1,0,0,12
1081,P012,Accessories,265.26,14,0,0,1
1148,P067,Electronics,737.99,4,1,0,16
1139,P038,Books,718.93,9,0,0,9
1011,P047,Stationery,171.82,3,0,0,1
1094,P071,Stationery,577.39,3,2,1,15
1026,P036,Accessories,760.81,1,0,1,17
1147,P043,Electronics,3858.95,5,0,0,13
1161,P023,Stationery,524.92,8,3,0,15
1050,P053,Stationery,637.33,11,3,0,12
1058,P037,Electronics,3281.37,2,0,0,6
1005,P067,Electronics,737.99,7,0,0,18
1088,P054,Accessories,659.65,1,0,0,12
1141,P024,Accessories,647.01,2,0,0,14
1010,P059,Stationery,331.95,8,2,1,5
1133,P058,Fitness,2533.51,2,0,0,0
1094,P023,Stationery,524.92,2,0,0,15
1059,P064,Fitness,2745.27,12,2,0,1
1166,P032,Books,485.18,7,0,0,12
1075,P042,Accessories,1972.06,4,0,0,8
1147,P001,Electronics,1591.46,2,0,0,13
1038,P064,Fitness,2745.27,5,0,0,8
1020,P025,Electronics,2901.54,19,0,0,4
1077,P027,Home,1914.45,5,0,0,8
1107,P037,Electronics,3281.37,8,1,0,3
1141,P070,Fitness,2640.88,9,1,1,14
1002,P012,Accessories,265.26,4,0,0,4
1106,P003,Home,3130.68,4,0,0,17
1061,P044,Books,713.75,1,0,0,13
1053,P071,Stationery,577.39,8,0,0,1
1171,P004,Fitness,2522.32,7,0,0,2
1110,P055,Electronics,1535.83,12,1,0,11
1037,P050,Books,1014.13,0,0,0,2
1171,P007,Electronics,3609.79,1,0,0,2
1129,P004,Fitness,2522.32,2,0,0,7
1163,P058,Fitness,2533.51,11,0,1,12
1126,P041,Stationery,126.65,0,0,0,0
1121,P036,Accessories,760.81,3,1,1,4
1156,P047,Stationery,171.82,13,2,0,2
1104,P005,Stationery,309.11,4,0,0,5
1145,P034,Fitness,2273.57,2,0,0,17
1052,P025,Electronics,2901.54,3,0,0,7
1097,P045,Home,2987.24,13,4,1,17
1154,P007,Electronics,3609.79,16,0,0,6
1178,P069,Home,1429.77,2,0,0,11
1148,P026,Books,474.39,6,2,0,16
1018,P071,Stationery,577.39,1,0,0,14
1158,P071,Stationery,577.39,3,0,0,6
1044,P054,Accessories,659.65,8,3,1,13
1101,P067,Electronics,737.99,5,0,0,18
1084,P022,Fitness,1891.11,0,0,0,5
1106,P059,Stationery,331.95,4,0,1,17
1052,P050,Books,1014.13,5,0,1,7
1158,P057,Home,2818.36,4,0,0,6
1092,P036,Accessories,760.81,4,0,0,7
1033,P032,Books,485.18,8,0,1,0
1101,P054,Accessories,659.65,9,0,0,18
1046,P018,Accessories,475.09,3,0,0,14
1107,P017,Stationery,163.26,2,1,0,3
1070,P071,Stationery,577.39,9,2,0,3
1147,P020,Books,720.24,9,1,1,13
1152,P006,Accessories,557.61,8,1,0,11
1010,P043,Electronics,3858.95,3,0,0,5
1062,P048,Accessories,498.52,0,0,1,10
1167,P013,Electronics,3550.72,10,1,0,4
1139,P066,Accessories,1968.76,6,1,1,9
1100,P048,Accessories,498.52,12,1,0,14
1031,P065,Stationery,582.68,2,0,1,7
1078,P028,Fitness,2582.27,6,0,0,16
1152,P053,Stationery,637.33,0,0,0,11
1059,P032,Books,485.18,3,0,0,1
1054,P012,Accessories,265.26,6,0,0,9
1060,P041,Stationery,126.65,7,1,0,17
1105,P036,Accessories,760.81,4,0,0,2
1039,P057,Home,2818.36,5,0,0,12
1089,P046,Fitness,1839.77,7,0,0,17
1164,P014,Books,504.47,9,0,0,1
1168,P027,Home,1914.45,4,0,0,16
1156,P048,Accessories,498.52,3,1,1,2
1100,P052,Fitness,2479.62,2,1,0,14
1020,P003,Home,3130.68,4,1,0,4
1057,P021,Home,1244.28,6,2,0,16
1133,P026,Books,474.39,10,0,1,0
1162,P036,Accessories,760.81,17,2,0,2
1143,P024,Accessories,647.01,5,2,1,15
1013,P057,Home,2818.36,5,0,0,10
1002,P001,Electronics,1591.46,15,1,0,4
1008,P014,Books,504.47,4,1,1,12
1093,P025,Electronics,2901.54,11,0,0,0
1036,P003,Home,3130.68,3,1,0,4
1092,P049,Electronics,1744.32,8,0,1,7
1003,P037,Electronics,3281.37,2,0,0,0
1040,P029,Stationery,604.58,9,0,0,1
1146,P025,Electronics,2901.54,4,0,0,15
1059,P029,Stationery,604.58,5,0,0,1
1049,P047,Stationery,171.82,6,0,0,2
1140,P027,Home,1914.45,2,0,0,13
1155,P064,Fitness,2745.27,7,1,0,5
1045,P019,Electronics,1029.98,7,0,0,1
1108,P001,Electronics,1591.46,1,0,0,14
1090,P038,Books,718.93,5,0,0,18
1136,P069,Home,1429.77,2,0,0,9
1093,P035,Stationery,475.01,2,0,0,0
1005,P047,Stationery,171.82,6,0,0,18
1180,P022,Fitness,1891.11,3,0,0,2
1100,P033,Home,410.99,4,1,0,14
1097,P023,Stationery,524.92,2,0,0,17
1154,P037,Electronics,3281.37,16,4,0,6
1104,P038,Books,718.93,2,0,0,5
1132,P007,Electronics,3609.79,3,0,0,13
1060,P018,Accessories,475.09,5,1,0,17
1048,P063,Home,3080.28,7,0,0,15
1140,P005,Stationery,309.11,2,0,0,13
1111,P011,Stationery,485.47,3,0,0,15
1171,P015,Home,2456.51,1,0,0,2
1123,P056,Books,337.37,0,0,0,4
1143,P012,Accessories,265.26,1,0,0,15
1098,P043,Electronics,3858.95,5,0,0,4
1068,P030,Accessories,429.98,1,0,0,16
1120,P018,Accessories,475.09,4,1,1,5
1088,P041,Stationery,126.65,1,0,1,12
1032,P031,Electronics,2153.69,2,0,0,12
1104,P023,Stationery,524.92,9,0,0,5
1162,P005,Stationery,309.11,4,0,0,2
1094,P019,Electronics,1029.98,4,0,0,15
1098,P017,Stationery,163.26,13,1,0,4
1040,P015,Home,2456.51,1,0,0,1
1067,P061,Electronics,1198.66,3,0,0,6
1166,P003,Home,3130.68,4,0,0,12
1097,P032,Books,485.18,0,0,0,17
1074,P038,Books,718.93,2,1,1,9
1176,P012,Accessories,265.26,11,2,0,11
1114,P059,Stationery,331.95,7,1,0,3
1167,P032,Books,485.18,7,1,0,4
1169,P039,Home,1725.83,5,0,0,9
1149,P070,Fitness,2640.88,1,0,0,9
1015,P069,Home,1429.77,9,1,0,12
1120,P060,Accessories,1460.29,2,0,0,5
1110,P003,Home,3130.68,2,1,0,11
1067,P007,Electronics,3609.79,2,0,0,6
1017,P047,Stationery,171.82,0,0,0,12
1179,P005,Stationery,309.11,3,0,1,13
1073,P043,Electronics,3858.95,2,0,0,0
1087,P033,Home,410.99,5,0,0,14
1169,P027,Home,1914.45,7,1,0,9
1170,P010,Fitness,2770.64,8,1,0,16
1021,P014,Books,504.47,4,0,1,15
1045,P031,Electronics,2153.69,3,0,0,1
1011,P003,Home,3130.68,0,0,0,1
1145,P002,Books,1043.27,2,0,0,17
1076,P057,Home,2818.36,3,0,1,12
1132,P043,Electronics,3858.95,8,2,0,13
1101,P037,Electronics,3281.37,1,0,0,18
1035,P054,Accessories,659.65,3,0,0,9
1167,P050,Books,1014.13,3,1,0,4
1062,P025,Electronics,2901.54,10,1,1,10
1024,P018,Accessories,475.09,10,1,1,8
1078,P055,Electronics,1535.83,7,0,0,16
1105,P071,Stationery,577.39,3,1,0,2
1031,P049,Electronics,1744.32,13,4,1,7
1030,P019,Electronics,1029.98,6,1,1,14
1010,P027,Home,1914.45,1,0,0,5
1022,P019,Electronics,1029.98,0,0,0,8
1081,P049,Electronics,1744.32,7,1,0,1
1016,P026,Books,474.39,9,0,0,6
1054,P020,Books,720.24,10,1,0,9
1106,P024,Accessories,647.01,0,0,0,17
1127,P019,Electronics,1029.98,5,0,0,14
1128,P016,Fitness,2659.54,3,0,0,6
1149,P017,Stationery,163.26,6,0,0,9
1101,P047,Stationery,171.82,0,0,0,18
1039,P068,Books,876.08,7,0,0,12
1132,P040,Fitness,522.24,8,1,0,13
1124,P049,Electronics,1744.32,1,0,0,9
1049,P060,Accessories,1460.29,2,0,0,2
1073,P055,Electronics,1535.83,4,0,0,0
1047,P062,Books,1040.4,2,0,0,3
1053,P045,Home,2987.24,0,0,0,1
1051,P065,Stationery,582.68,13,1,0,18
1032,P066,Accessories,1968.76,8,2,1,12
1013,P011,Stationery,485.47,7,1,0,10
1142,P059,Stationery,331.95,4,1,0,11
1087,P002,Books,1043.27,2,0,0,14
1053,P068,Books,876.08,4,0,0,1
1148,P014,Books,504.47,4,0,1,16
1097,P002,Books,1043.27,2,0,0,17
1073,P012,Accessories,265.26,4,0,0,0
1156,P033,Home,410.99,2,0,0,2
1148,P056,Books,337.37,6,0,0,16
1127,P007,Electronics,3609.79,4,0,0,14
1148,P003,Home,3130.68,4,0,0,16
1068,P044,Books,713.75,0,0,0,16
1127,P042,Accessories,1972.06,12,0,0,14
1149,P054,Accessories,659.65,11,2,0,9
1075,P010,Fitness,2770.64,10,2,0,8
1137,P040,Fitness,522.24,10,1,0,2
1116,P017,Stationery,163.26,1,0,0,4
1009,P017,Stationery,163.26,0,0,0,15
1165,P032,Books,485.18,5,1,0,13
1100,P027,Home,1914.45,3,0,0,14
1073,P006,Accessories,557.61,0,0,1,0
1078,P012,Accessories,265.26,0,0,0,16
1107,P045,Home,2987.24,0,0,0,3
1064,P019,Electronics,1029.98,0,0,0,7
1057,P001,Electronics,1591.46,0,0,0,16
1077,P018,Accessories,475.09,9,0,1,8
1047,P024,Accessories,647.01,1,0,0,3
1160,P039,Home,1725.83,4,0,0,5
1118,P021,Home,1244.28,5,0,0,9
1165,P041,Stationery,126.65,12,1,0,13
1086,P040,Fitness,522.24,7,1,1,6
1140,P069,Home,1429.77,8,0,0,13
1106,P001,Electronics,1591.46,13,3,0,17
1130,P026,Books,474.39,1,0,0,16
1122,P031,Electronics,2153.69,16,2,0,1
1079,P058,Fitness,2533.51,7,2,0,6
1055,P036,Accessories,760.81,9,0,1,4
1054,P053,Stationery,637.33,5,0,0,9
1073,P005,Stationery,309.11,0,0,1,0
1164,P012,Accessories,265.26,0,0,0,1
1083,P003,Home,3130.68,4,0,0,1
1031,P040,Fitness,522.24,3,1,1,7
1064,P011,Stationery,485.47,1,1,1,7
1042,P053,Stationery,637.33,8,0,1,18
1173,P026,Books,474.39,8,0,1,16
1172,P064,Fitness,2745.27,7,0,1,3
1052,P051,Home,2867.98,6,0,0,7
1002,P028,Fitness,2582.27,8,0,0,4
1061,P024,Accessories,647.01,4,0,1,13
1152,P020,Books,720.24,0,0,0,11
1172,P042,Accessories,1972.06,4,0,0,3
1100,P005,Stationery,309.11,3,0,0,14
1058,P069,Home,1429.77,5,0,0,6
1155,P058,Fitness,2533.51,7,0,0,5
1090,P021,Home,1244.28,11,0,0,18
1109,P028,Fitness,2582.27,4,1,0,17
1053,P066,Accessories,1968.76,3,0,0,1
1079,P011,Stationery,485.47,14,3,0,6
1176,P059,Stationery,331.95,5,0,0,11
1037,P034,Fitness,2273.57,5,0,0,2
1123,P063,Home,3080.28,0,0,0,4
1103,P033,Home,410.99,0,0,0,15
1071,P060,Accessories,1460.29,15,0,0,7
1126,P058,Fitness,2533.51,2,1,1,0
1130,P041,Stationery,126.65,3,0,0,16
1053,P039,Home,1725.83,1,0,0,1
1154,P029,Stationery,604.58,0,0,0,6
1037,P068,Books,876.08,7,1,0,2
1065,P053,Stationery,637.33,4,1,0,15
1147,P029,Stationery,604.58,3,0,1,13
1076,P009,Home,2296.2,2,0,0,12
1082,P063,Home,3080.28,3,0,0,14
1025,P024,Accessories,647.01,6,1,1,9
1150,P055,Electronics,1535.83,8,1,0,1
1041,P062,Books,1040.4,10,3,0,13
1094,P029,Stationery,604.58,1,0,0,15
1025,P029,Stationery,604.58,10,1,0,9
1153,P051,Home,2867.98,2,0,0,2
1092,P040,Fitness,522.24,3,0,0,7
1140,P032,Books,485.18,12,2,0,13
1088,P058,Fitness,2533.51,4,0,0,12
1114,P046,Fitness,1839.77,1,0,0,3
1021,P008,Books,848.01,3,1,0,15
1160,P026,Books,474.39,9,1,0,5
1121,P057,Home,2818.36,1,0,0,4
1156,P037,Electronics,3281.37,0,0,0,2
1169,P043,Electronics,3858.95,1,0,0,9
1103,P003,Home,3130.68,0,0,0,15
1152,P010,Fitness,2770.64,3,0,0,11
1135,P043,Electronics,3858.95,2,0,0,7
1024,P034,Fitness,2273.57,4,0,0,8
1073,P050,Books,1014.13,5,0,0,0
1140,P047,Stationery,171.82,8,0,0,13
1085,P004,Fitness,2522.32,4,0,0,4
1002,P055,Electronics,1535.83,6,1,1,4
1131,P057,Home,2818.36,10,0,0,16
1065,P051,Home,2867.98,4,0,0,15
1026,P065,Stationery,582.68,8,0,0,17
1045,P066,Accessories,1968.76,2,0,0,1
1075,P040,Fitness,522.24,12,2,0,8
1037,P018,Accessories,475.09,3,0,0,2
1043,P001,Electronics,1591.46,6,1,1,15
1060,P040,Fitness,522.24,2,0,0,17
1174,P007,Electronics,3609.79,5,0,0,4
1065,P042,Accessories,1972.06,13,0,0,15
1087,P041,Stationery,126.65,0,0,0,14
1135,P045,Home,2987.24,3,1,1,7
1013,P034,Fitness,2273.57,15,4,0,10
1019,P017,Stationery,163.26,1,0,0,1
1125,P044,Books,713.75,7,1,0,13
1127,P065,Stationery,582.68,6,0,0,14
1069,P025,Electronics,2901.54,3,1,1,12
1026,P050,Books,1014.13,2,0,0,17
1091,P009,Home,2296.2,2,0,1,14
1021,P070,Fitness,2640.88,8,0,0,15
1050,P004,Fitness,2522.32,7,0,0,12
1113,P063,Home,3080.28,0,0,0,4
1011,P029,Stationery,604.58,6,0,0,1
1138,P067,Electronics,737.99,9,0,0,18
1042,P057,Home,2818.36,9,0,0,18
1148,P019,Electronics,1029.98,7,0,0,16
1068,P070,Fitness,2640.88,6,0,1,16
1179,P014,Books,504.47,4,1,1,13
1176,P039,Home,1725.83,3,0,0,11
1169,P006,Accessories,557.61,7,1,1,9
1002,P049,Electronics,1744.32,10,2,1,4
1096,P066,Accessories,1968.76,5,0,0,7
1115,P063,Home,3080.28,3,0,1,13
1106,P071,Stationery,577.39,0,0,0,17
1027,P063,Home,3080.28,8,1,0,14
1040,P013,Electronics,3550.72,6,0,0,1
1080,P041,Stationery,126.65,3,0,0,1
1094,P027,Home,1914.45,10,0,0,15
1028,P070,Fitness,2640.88,4,0,0,2
1171,P067,Electronics,737.99,6,0,0,2
1028,P067,Electronics,737.99,2,0,0,2
1124,P061,Electronics,1198.66,4,0,0,9
1079,P006,Accessories,557.61,1,0,0,6
1107,P063,Home,3080.28,8,0,0,3
1085,P071,Stationery,577.39,9,1,0,4
1178,P041,Stationery,126.65,10,1,0,11
1048,P067,Electronics,737.99,3,0,1,15
1081,P016,Fitness,2659.54,0,0,0,1
1086,P004,Fitness,2522.32,6,0,0,6
1115,P014,Books,504.47,6,2,1,13
1056,P007,Electronics,3609.79,2,0,0,7
1122,P062,Books,1040.4,2,1,1,1
1164,P037,Electronics,3281.37,3,0,0,1
1143,P059,Stationery,331.95,7,0,0,15
1103,P044,Books,713.75,1,0,0,15
1135,P051,Home,2867.98,5,1,1,7
1059,P045,Home,2987.24,2,0,0,1
1140,P041,Stationery,126.65,6,0,0,13
1023,P051,Home,2867.98,6,2,0,14
1050,P023,Stationery,524.92,14,1,1,12
1028,P068,Books,876.08,1,0,1,2
1160,P029,Stationery,604.58,0,0,0,5
1097,P048,Accessories,498.52,8,0,1,17
1009,P068,Books,876.08,11,3,1,15
1158,P009,Home,2296.2,4,0,0,6
1032,P035,Stationery,475.01,2,0,0,12
1070,P044,Books,713.75,3,0,0,3
1012,P068,Books,876.08,11,2,0,0
1048,P033,Home,410.99,7,2,1,15
1117,P018,Accessories,475.09,6,0,0,15
1015,P063,Home,3080.28,12,2,1,12
1026,P068,Books,876.08,8,0,1,17
1168,P069,Home,1429.77,7,0,0,16
1118,P053,Stationery,637.33,4,0,1,9
1158,P065,Stationery,582.68,11,0,1,6
1030,P072,Accessories,1934.92,4,0,0,14
1008,P020,Books,720.24,4,0,0,12
1148,P058,Fitness,2533.51,3,0,0,16
1090,P013,Electronics,3550.72,11,1,0,18
1071,P041,Stationery,126.65,4,0,0,7
1135,P050,Books,1014.13,4,0,0,7
1097,P038,Books,718.93,0,0,0,17
1002,P063,Home,3080.28,2,0,0,4
1168,P038,Books,718.93,2,0,0,16
1153,P063,Home,3080.28,4,0,0,2
1161,P021,Home,1244.28,3,0,0,15
1078,P054,Accessories,659.65,4,1,0,16
1151,P059,Stationery,331.95,5,0,0,16
1178,P032,Books,485.18,2,0,1,11
1004,P058,Fitness,2533.51,7,1,1,18
1077,P068,Books,876.08,5,0,0,8
1172,P011,Stationery,485.47,1,0,1,3
1154,P017,Stationery,163.26,0,0,0,6
1016,P057,Home,2818.36,2,0,0,6
1128,P057,Home,2818.36,4,0,0,6
1170,P063,Home,3080.28,13,2,0,16
1071,P031,Electronics,2153.69,7,0,0,7
1090,P017,Stationery,163.26,8,0,0,18
1047,P011,Stationery,485.47,0,0,1,3
1138,P020,Books,720.24,6,2,0,18
1114,P044,Books,713.75,5,0,0,3
1073,P059,Stationery,331.95,0,0,0,0
1093,P022,Fitness,1891.11,4,0,0,0
1075,P016,Fitness,2659.54,20,2,0,8
1063,P053,Stationery,637.33,6,0,0,10
1081,P008,Books,848.01,5,0,0,1
1114,P054,Accessories,659.65,9,0,0,3
1103,P036,Accessories,760.81,9,2,1,15
1022,P060,Accessories,1460.29,7,1,0,8
1003,P066,Accessories,1968.76,3,0,0,0
1035,P059,Stationery,331.95,3,0,0,9
1071,P007,Electronics,3609.79,13,0,0,7
1147,P072,Accessories,1934.92,2,0,0,13
1115,P034,Fitness,2273.57,10,1,1,13
1152,P018,Accessories,475.09,12,2,0,11
1116,P052,Fitness,2479.62,10,1,0,4
1126,P051,Home,2867.98,1,0,0,0
1102,P009,Home,2296.2,3,0,0,14
1062,P034,Fitness,2273.57,4,0,0,10
1107,P004,Fitness,2522.32,1,0,1,3
1003,P057,Home,2818.36,7,1,0,0
1147,P002,Books,1043.27,0,0,1,13
1052,P061,Electronics,1198.66,4,0,0,7
1048,P036,Accessories,760.81,6,0,0,15
1166,P010,Fitness,2770.64,4,2,0,12
1067,P072,Accessories,1934.92,5,0,0,6
1133,P053,Stationery,637.33,9,0,0,0
1023,P022,Fitness,1891.11,2,0,0,14
1154,P072,Accessories,1934.92,7,0,0,6
1023,P023,Stationery,524.92,2,0,0,14
1027,P045,Home,2987.24,5,0,0,14
1118,P051,Home,2867.98,0,0,0,9
1069,P009,Home,2296.2,9,1,0,12
1036,P054,Accessories,659.65,0,0,0,4
1074,P069,Home,1429.77,3,0,0,9
1003,P027,Home,1914.45,9,0,0,0
1116,P057,Home,2818.36,5,0,0,4
1093,P034,Fitness,2273.57,7,1,0,0
1037,P043,Electronics,3858.95,7,0,0,2
1120,P040,Fitness,522.24,0,0,0,5
1175,P047,Stationery,171.82,2,0,0,18
1026,P018,Accessories,475.09,0,0,0,17
1165,P026,Books,474.39,0,0,0,13
1071,P044,Books,713.75,6,2,0,7
1099,P019,Electronics,1029.98,3,0,0,16
1099,P033,Home,410.99,7,0,0,16
1137,P042,Accessories,1972.06,5,0,0,2
1117,P040,Fitness,522.24,2,0,0,15
1050,P059,Stationery,331.95,13,0,0,12
1165,P025,Electronics,2901.54,0,0,0,13
1084,P030,Accessories,429.98,8,0,0,5
1048,P069,Home,1429.77,10,0,0,15
1083,P063,Home,3080.28,8,0,0,1
1172,P033,Home,410.99,4,0,1,3
1111,P067,Electronics,737.99,7,2,0,15
1058,P032,Books,485.18,4,1,0,6
1072,P071,Stationery,577.39,3,0,1,4
1004,P047,Stationery,171.82,0,0,0,18
1080,P047,Stationery,171.82,3,0,0,1
1089,P060,Accessories,1460.29,6,0,0,17
1037,P072,Accessories,1934.92,1,0,0,2
1137,P060,Accessories,1460.29,6,0,0,2
1125,P026,Books,474.39,6,0,1,13
1007,P003,Home,3130.68,4,0,0,17
1132,P042,Accessories,1972.06,2,0,0,13
1148,P060,Accessories,1460.29,14,0,1,16
1103,P025,Electronics,2901.54,2,0,1,15
1040,P014,Books,504.47,7,2,0,1
1179,P006,Accessories,557.61,5,0,0,13
1012,P035,Stationery,475.01,5,0,0,0
1147,P042,Accessories,1972.06,8,1,1,13
1079,P002,Books,1043.27,4,0,0,6
1176,P022,Fitness,1891.11,1,0,0,11
1148,P059,Stationery,331.95,8,0,0,16
1012,P006,Accessories,557.61,8,1,0,0
1166,P054,Accessories,659.65,9,0,0,12
1061,P004,Fitness,2522.32,5,2,0,13
1092,P025,Electronics,2901.54,12,1,0,7
1115,P054,Accessories,659.65,3,0,0,13
1105,P059,Stationery,331.95,3,1,0,2
1016,P053,Stationery,637.33,11,0,0,6
1051,P006,Accessories,557.61,1,0,0,18
1180,P062,Books,1040.4,11,3,1,2
1060,P056,Books,337.37,11,1,0,17
1154,P006,Accessories,557.61,4,0,0,6
1149,P002,Books,1043.27,2,0,0,9
1157,P030,Accessories,429.98,5,1,0,9
1135,P029,Stationery,604.58,2,1,1,7
1163,P017,Stationery,163.26,2,0,0,12
1064,P062,Books,1040.4,7,2,1,7
1051,P071,Stationery,577.39,10,0,0,18
1032,P061,Electronics,1198.66,12,0,0,12
1177,P060,Accessories,1460.29,13,1,0,11
1016,P055,Electronics,1535.83,3,0,0,6
1104,P060,Accessories,1460.29,6,0,0,5
1078,P070,Fitness,2640.88,1,0,0,16
1009,P045,Home,2987.24,9,0,0,15
1095,P031,Electronics,2153.69,1,0,0,18
1011,P018,Accessories,475.09,4,0,1,1
1026,P029,Stationery,604.58,1,0,0,17
1143,P018,Accessories,475.09,7,0,0,15
1083,P017,Stationery,163.26,3,1,0,1
1018,P018,Accessories,475.09,6,0,0,14
1155,P031,Electronics,2153.69,16,1,0,5
1070,P049,Electronics,1744.32,4,0,0,3
1123,P057,Home,2818.36,0,0,0,4
1139,P021,Home,1244.28,3,0,1,9
1098,P034,Fitness,2273.57,7,0,0,4
1091,P059,Stationery,331.95,8,0,0,14
1142,P034,Fitness,2273.57,13,1,0,11
1173,P001,Electronics,1591.46,4,0,0,16
1030,P030,Accessories,429.98,3,0,0,14
1101,P015,Home,2456.51,4,1,0,18
1071,P042,Accessories,1972.06,8,1,0,7
1066,P059,Stationery,331.95,13,1,1,5
1166,P071,Stationery,577.39,2,0,0,12
1033,P046,Fitness,1839.77,2,0,1,0
1143,P032,Books,485.18,0,0,1,15
1173,P071,Stationery,577.39,5,0,0,16
1053,P072,Accessories,1934.92,3,0,0,1
1091,P019,Electronics,1029.98,3,0,1,14
1130,P004,Fitness,2522.32,8,0,0,16
1158,P035,Stationery,475.01,1,0,0,6
1107,P062,Books,1040.4,0,0,0,3
1046,P060,Accessories,1460.29,1,0,0,14
1090,P041,Stationery,126.65,8,3,0,18
1057,P047,Stationery,171.82,4,0,0,16
1159,P071,Stationery,577.39,8,0,0,17
1082,P038,Books,718.93,5,0,0,14
1080,P036,Accessories,760.81,6,0,0,1
1171,P039,Home,1725.83,1,0,0,2
1034,P016,Fitness,2659.54,10,1,1,2
1016,P020,Books,720.24,4,2,1,6
1025,P004,Fitness,2522.32,2,1,1,9
1012,P012,Accessories,265.26,10,0,0,0
1145,P043,Electronics,3858.95,8,1,1,17
1070,P039,Home,1725.83,3,0,0,3
1095,P071,Stationery,577.39,0,0,1,18
1168,P001,Electronics,1591.46,7,0,0,16
1005,P002,Books,1043.27,0,0,0,18
1146,P071,Stationery,577.39,7,1,1,15
1081,P036,Accessories,760.81,16,1,0,1
1048,P018,Accessories,475.09,5,0,1,15
1117,P024,Accessories,647.01,10,0,0,15
1105,P061,Electronics,1198.66,7,1,0,2
1048,P038,Books,718.93,0,0,0,15
1132,P055,Electronics,1535.83,2,0,0,13
1081,P047,Stationery,171.82,5,3,0,1
1107,P023,Stationery,524.92,3,0,0,3
1068,P037,Electronics,3281.37,5,0,0,16
1012,P031,Electronics,2153.69,5,0,0,0
1057,P049,Electronics,1744.32,5,0,0,16
1072,P049,Electronics,1744.32,2,0,0,4
1040,P023,Stationery,524.92,12,3,1,1
1055,P025,Electronics,2901.54,5,0,0,4
1180,P054,Accessories,659.65,8,1,0,2
1072,P010,Fitness,2770.64,4,1,0,4
1154,P044,Books,713.75,1,0,0,6
1162,P045,Home,2987.24,6,0,0,2
1121,P017,Stationery,163.26,0,0,0,4
1155,P068,Books,876.08,3,1,1,5
1058,P072,Accessories,1934.92,3,0,1,6
1146,P069,Home,1429.77,12,1,0,15
1035,P029,Stationery,604.58,1,0,0,9
1017,P012,Accessories,265.26,6,0,0,12
1121,P008,Books,848.01,4,0,0,4
1080,P004,Fitness,2522.32,2,1,1,1
1111,P037,Electronics,3281.37,9,2,0,15
1166,P036,Accessories,760.81,4,1,0,12
1125,P055,Electronics,1535.83,8,2,0,13
1177,P001,Electronics,1591.46,3,0,0,11
1121,P060,Accessories,1460.29,2,0,0,4
1170,P024,Accessories,647.01,3,0,0,16
1118,P070,Fitness,2640.88,3,1,0,9
1027,P014,Books,504.47,6,2,1,14
1057,P017,Stationery,163.26,8,1,0,16
1010,P009,Home,2296.2,4,0,0,5
1173,P018,Accessories,475.09,2,0,0,16
1059,P004,Fitness,2522.32,10,0,0,1
1116,P033,Home,410.99,0,0,0,4
1057,P051,Home,2867.98,0,0,0,16
1073,P003,Home,3130.68,9,2,0,0
1068,P059,Stationery,331.95,5,0,0,16
1107,P020,Books,720.24,0,0,1,3
1014,P017,Stationery,163.26,2,0,0,13
1177,P012,Accessories,265.26,4,0,0,11
1097,P030,Accessories,429.98,8,1,0,17
1108,P028,Fitness,2582.27,2,0,0,14
1180,P010,Fitness,2770.64,3,0,0,2
1070,P023,Stationery,524.92,8,1,0,3
1036,P061,Electronics,1198.66,4,0,0,4
1105,P062,Books,1040.4,9,0,1,2
1093,P067,Electronics,737.99,11,1,0,0
1042,P051,Home,2867.98,1,0,0,18
1058,P059,Stationery,331.95,5,0,0,6
1052,P065,Stationery,582.68,6,0,0,7
1100,P041,Stationery,126.65,4,0,0,14
1019,P050,Books,1014.13,2,0,1,1
1169,P046,Fitness,1839.77,1,0,0,9
1113,P071,Stationery,577.39,2,0,0,4
1160,P009,Home,2296.2,2,0,0,5
1141,P036,Accessories,760.81,1,0,0,14
1179,P056,Books,337.37,4,0,0,13
1074,P050,Books,1014.13,4,0,0,9
1089,P041,Stationery,126.65,1,1,1,17
1018,P056,Books,337.37,13,4,1,14
1039,P065,Stationery,582.68,6,0,0,12
1066,P055,Electronics,1535.83,8,0,0,5
1094,P056,Books,337.37,8,1,1,15
1071,P034,Fitness,2273.57,7,0,0,7
1078,P067,Electronics,737.99,8,1,0,16
1120,P025,Electronics,2901.54,3,0,0,5
1043,P055,Electronics,1535.83,7,0,0,15
1163,P035,Stationery,475.01,1,0,0,12
1153,P024,Accessories,647.01,11,2,1,2
1157,P026,Books,474.39,1,0,0,9
1100,P014,Books,504.47,9,1,1,14
1113,P025,Electronics,2901.54,10,0,1,4
1147,P035,Stationery,475.01,7,1,0,13
1161,P051,Home,2867.98,8,0,0,15
1040,P045,Home,2987.24,4,1,0,1
1044,P024,Accessories,647.01,8,0,0,13
1001,P046,Fitness,1839.77,2,1,0,7
1076,P055,Electronics,1535.83,9,2,0,12
1094,P053,Stationery,637.33,3,0,1,15
1019,P013,Electronics,3550.72,12,0,0,1
1036,P006,Accessories,557.61,3,0,0,4
1126,P030,Accessories,429.98,10,2,1,0
1029,P072,Accessories,1934.92,8,0,0,10
1070,P060,Accessories,1460.29,3,0,0,3
1152,P069,Home,1429.77,4,0,0,11
1043,P066,Accessories,1968.76,1,0,0,15
1101,P029,Stationery,604.58,3,1,0,18
1120,P065,Stationery,582.68,9,0,1,5
1047,P015,Home,2456.51,6,0,0,3
1108,P033,Home,410.99,0,0,0,14
1167,P044,Books,713.75,0,0,0,4
1137,P021,Home,1244.28,3,0,1,2
1114,P055,Electronics,1535.83,6,1,0,3
1125,P052,Fitness,2479.62,12,3,1,13
1152,P012,Accessories,265.26,7,1,1,11
1108,P002,Books,1043.27,8,0,0,14
1094,P033,Home,410.99,7,0,0,15
1117,P009,Home,2296.2,0,0,0,15
1118,P019,Electronics,1029.98,4,1,0,9
1049,P008,Books,848.01,2,0,0,2
1048,P008,Books,848.01,4,0,0,15
1079,P007,Electronics,3609.79,7,0,0,6
1085,P069,Home,1429.77,0,0,0,4
1035,P067,Electronics,737.99,3,0,0,9
1148,P063,Home,3080.28,7,0,0,16
1111,P013,Electronics,3550.72,12,3,0,15
1061,P032,Books,485.18,3,0,0,13
1113,P019,Electronics,1029.98,13,1,1,4
1151,P051,Home,2867.98,9,2,0,16
1144,P024,Accessories,647.01,5,0,0,15
1141,P064,Fitness,2745.27,14,2,0,14
1100,P047,Stationery,171.82,4,0,0,14
1098,P040,Fitness,522.24,5,1,0,4
1064,P067,Electronics,737.99,6,1,0,7
1112,P015,Home,2456.51,3,0,0,11
1069,P031,Electronics,2153.69,5,0,0,12
1130,P011,Stationery,485.47,3,0,0,16
1094,P018,Accessories,475.09,3,0,0,15
1027,P039,Home,1725.83,8,2,0,14
1169,P011,Stationery,485.47,9,2,0,9
1004,P034,Fitness,2273.57,2,0,0,18
1060,P020,Books,720.24,10,2,1,17
1180,P029,Stationery,604.58,7,0,0,2
1122,P037,Electronics,3281.37,9,0,1,1
1145,P055,Electronics,1535.83,15,3,0,17
1090,P069,Home,1429.77,9,1,0,18
1129,P057,Home,2818.36,4,0,0,7
1167,P064,Fitness,2745.27,2,0,0,4
1036,P071,Stationery,577.39,1,0,0,4
1091,P030,Accessories,429.98,2,0,0,14
1171,P030,Accessories,429.98,1,0,0,2
1134,P004,Fitness,2522.32,11,2,0,8
1099,P040,Fitness,522.24,3,0,0,16
1079,P036,Accessories,760.81,3,0,0,6
1074,P016,Fitness,2659.54,11,0,0,9
1069,P045,Home,2987.24,1,0,0,12
1163,P060,Accessories,1460.29,0,0,0,12
1126,P021,Home,1244.28,0,0,0,0
1045,P055,Electronics,1535.83,6,0,1,1
1111,P015,Home,2456.51,8,0,0,15
1138,P026,Books,474.39,0,0,0,18
1113,P030,Accessories,429.98,0,0,0,4
1161,P009,Home,2296.2,9,1,0,15
1076,P020,Books,720.24,5,0,0,12
1173,P020,Books,720.24,1,0,0,16
1016,P015,Home,2456.51,5,0,0,6
1151,P053,Stationery,637.33,4,0,0,16
1158,P032,Books,485.18,12,2,0,6
1130,P058,Fitness,2533.51,3,0,0,16
1179,P022,Fitness,1891.11,7,2,0,13
1127,P041,Stationery,126.65,0,0,0,14
1071,P070,Fitness,2640.88,0,0,0,7
1124,P037,Electronics,3281.37,2,0,0,9
1019,P070,Fitness,2640.88,0,0,0,1
1046,P047,Stationery,171.82,5,2,0,14
1041,P027,Home,1914.45,6,0,0,13
1117,P029,Stationery,604.58,1,0,1,15
1015,P020,Books,720.24,7,1,0,12
1027,P002,Books,1043.27,1,0,0,14
1103,P031,Electronics,2153.69,6,0,0,15
1102,P059,Stationery,331.95,5,1,0,14
1108,P007,Electronics,3609.79,7,1,0,14
1157,P034,Fitness,2273.57,0,0,0,9
1070,P052,Fitness,2479.62,5,0,1,3
1078,P060,Accessories,1460.29,4,0,0,16
1160,P064,Fitness,2745.27,0,0,0,5
1048,P068,Books,876.08,5,0,0,15
1062,P044,Books,713.75,3,0,0,10
1128,P011,Stationery,485.47,6,2,0,6
1010,P070,Fitness,2640.88,0,0,0,5
1165,P023,Stationery,524.92,12,0,0,13
1115,P068,Books,876.08,16,2,0,13
1058,P007,Electronics,3609.79,0,0,0,6
1009,P061,Electronics,1198.66,2,0,0,15
1107,P054,Accessories,659.65,12,1,0,3
1087,P023,Stationery,524.92,1,0,0,14
1042,P015,Home,2456.51,7,0,0,18
1128,P036,Accessories,760.81,0,0,0,6
1011,P045,Home,2987.24,5,1,0,1
1078,P040,Fitness,522.24,3,0,0,16
1024,P033,Home,410.99,5,1,1,8
1091,P045,Home,2987.24,4,0,1,14
1152,P025,Electronics,2901.54,11,0,0,11
1107,P060,Accessories,1460.29,10,1,0,3
1099,P032,Books,485.18,10,0,1,16
1113,P060,Accessories,1460.29,5,0,0,4
1136,P009,Home,2296.2,1,0,1,9
1057,P013,Electronics,3550.72,1,0,0,16
1148,P064,Fitness,2745.27,3,0,0,16
1058,P064,Fitness,2745.27,12,3,1,6
1098,P001,Electronics,1591.46,0,0,0,4
1089,P044,Books,713.75,7,2,0,17
1046,P062,Books,1040.4,8,1,0,14
1116,P011,Stationery,485.47,0,0,1,4
1178,P013,Electronics,3550.72,1,0,0,11
1003,P019,Electronics,1029.98,5,0,0,0
1167,P071,Stationery,577.39,7,1,0,4
1168,P070,Fitness,2640.88,0,0,0,16
1035,P044,Books,713.75,5,0,0,9
1078,P049,Electronics,1744.32,1,0,0,16
1109,P024,Accessories,647.01,0,0,0,17
1063,P063,Home,3080.28,10,0,0,10
1101,P055,Electronics,1535.83,1,0,1,18
1157,P049,Electronics,1744.32,0,0,0,9
1047,P020,Books,720.24,6,0,0,3
1052,P001,Electronics,1591.46,4,0,0,7
1017,P061,Electronics,1198.66,1,0,0,12
1087,P020,Books,720.24,4,0,0,14
1101,P013,Electronics,3550.72,2,0,0,18
1035,P002,Books,1043.27,7,0,0,9
1116,P001,Electronics,1591.46,5,0,1,4
1029,P047,Stationery,171.82,2,0,0,10
1066,P001,Electronics,1591.46,5,1,0,5
1150,P058,Fitness,2533.51,0,0,0,1
1068,P027,Home,1914.45,2,0,0,16
1017,P070,Fitness,2640.88,7,1,0,12
1051,P013,Electronics,3550.72,0,0,0,18
1021,P044,Books,713.75,0,0,0,15
1159,P032,Books,485.18,0,0,0,17
1155,P056,Books,337.37,9,1,0,5
1019,P023,Stationery,524.92,4,0,0,1
1174,P021,Home,1244.28,10,1,0,4
1002,P002,Books,1043.27,5,0,1,4
1066,P016,Fitness,2659.54,0,0,0,5
1051,P064,Fitness,2745.27,6,0,0,18
1049,P030,Accessories,429.98,3,0,0,2
1168,P061,Electronics,1198.66,3,0,0,16
1024,P027,Home,1914.45,3,0,0,8
1018,P024,Accessories,647.01,9,0,0,14
1065,P065,Stationery,582.68,1,0,0,15
1102,P015,Home,2456.51,12,1,0,14
1073,P009,Home,2296.2,14,0,0,0
1123,P038,Books,718.93,6,1,0,4
1023,P038,Books,718.93,4,0,0,14
1058,P004,Fitness,2522.32,9,0,1,6
1180,P030,Accessories,429.98,9,0,1,2
1040,P043,Electronics,3858.95,5,0,1,1
1100,P024,Accessories,647.01,9,2,0,14
1108,P051,Home,2867.98,4,0,0,14
1174,P071,Stationery,577.39,5,1,0,4
1074,P052,Fitness,2479.62,3,0,0,9
1165,P036,Accessories,760.81,8,0,0,13
1074,P066,Accessories,1968.76,0,0,0,9
1096,P044,Books,713.75,2,0,0,7
1022,P043,Electronics,3858.95,4,1,0,8
1044,P055,Electronics,1535.83,5,0,0,13
1153,P062,Books,1040.4,2,0,0,2
1148,P020,Books,720.24,7,0,0,16
1014,P022,Fitness,1891.11,12,4,1,13
1053,P008,Books,848.01,11,1,0,1
1037,P032,Books,485.18,6,1,0,2
1139,P037,Electronics,3281.37,14,1,0,9
1064,P052,Fitness,2479.62,4,0,0,7
1167,P057,Home,2818.36,5,1,0,4
1114,P063,Home,3080.28,3,0,0,3
1147,P021,Home,1244.28,12,2,1,13
1023,P021,Home,1244.28,12,1,1,14
1120,P035,Stationery,475.01,11,2,0,5
1081,P055,Electronics,1535.83,2,0,0,1
1025,P022,Fitness,1891.11,4,0,1,9
1044,P066,Accessories,1968.76,11,1,1,13
1143,P038,Books,718.93,4,0,0,15
1170,P032,Books,485.18,6,0,0,16
1039,P042,Accessories,1972.06,13,2,0,12
1033,P067,Electronics,737.99,6,0,0,0
1056,P052,Fitness,2479.62,6,1,0,7
1015,P059,Stationery,331.95,8,0,0,12
1043,P012,Accessories,265.26,0,0,0,15
1070,P007,Electronics,3609.79,11,1,1,3
1073,P047,Stationery,171.82,4,1,0,0
1027,P036,Accessories,760.81,5,0,0,14
1080,P032,Books,485.18,0,0,0,1
1037,P047,Stationery,171.82,4,0,0,2
1106,P037,Electronics,3281.37,7,1,0,17
1049,P046,Fitness,1839.77,0,0,0,2
1038,P056,Books,337.37,3,0,0,8
1146,P052,Fitness,2479.62,0,0,1,15
1006,P046,Fitness,1839.77,3,1,1,10
1108,P048,Accessories,498.52,4,0,0,14
1178,P043,Electronics,3858.95,8,0,0,11
1054,P036,Accessories,760.81,5,1,0,9
1100,P017,Stationery,163.26,4,0,0,14
1073,P045,Home,2987.24,11,0,0,0
1055,P062,Books,1040.4,2,0,0,4
1145,P001,Electronics,1591.46,9,2,0,17
1158,P021,Home,1244.28,8,0,0,6
1053,P058,Fitness,2533.51,5,0,0,1
1056,P023,Stationery,524.92,8,2,0,7
1067,P056,Books,337.37,2,1,0,6
1061,P038,Books,718.93,0,0,1,13
1083,P048,Accessories,498.52,4,0,0,1
1060,P059,Stationery,331.95,10,1,0,17
1083,P037,Electronics,3281.37,2,1,1,1
1119,P005,Stationery,309.11,16,2,0,3
1003,P034,Fitness,2273.57,0,0,0,0
1138,P060,Accessories,1460.29,9,0,0,18
1051,P030,Accessories,429.98,6,0,0,18
1103,P032,Books,485.18,1,0,0,15
1049,P059,Stationery,331.95,2,0,0,2
1081,P062,Books,1040.4,5,0,0,1
1027,P010,Fitness,2770.64,7,1,0,14
1100,P068,Books,876.08,12,3,1,14
1085,P002,Books,1043.27,3,0,0,4
1073,P052,Fitness,2479.62,12,1,0,0
1086,P021,Home,1244.28,9,0,0,6
1043,P019,Electronics,1029.98,5,0,0,15
1166,P064,Fitness,2745.27,0,0,0,12
1055,P064,Fitness,2745.27,0,0,0,4
1003,P053,Stationery,637.33,6,0,0,0
1053,P018,Accessories,475.09,5,1,0,1
1178,P042,Accessories,1972.06,3,0,0,11
1067,P071,Stationery,577.39,3,1,1,6
1057,P024,Accessories,647.01,6,0,0,16
1152,P051,Home,2867.98,2,0,0,11
1012,P014,Books,504.47,13,5,1,0
1180,P013,Electronics,3550.72,5,0,0,2
1073,P057,Home,2818.36,16,2,0,0
1109,P055,Electronics,1535.83,2,1,1,17
1110,P057,Home,2818.36,0,0,0,11
1001,P005,Stationery,309.11,2,0,0,7
1152,P001,Electronics,1591.46,10,1,1,11
1146,P066,Accessories,1968.76,8,0,0,15
1014,P032,Books,485.18,3,0,0,13
1062,P066,Accessories,1968.76,0,0,0,10
1086,P051,Home,2867.98,8,1,0,6
1014,P037,Electronics,3281.37,5,0,0,13
1161,P013,Electronics,3550.72,3,1,1,15
1018,P061,Electronics,1198.66,0,0,0,14
1087,P070,Fitness,2640.88,10,1,0,14
1110,P040,Fitness,522.24,0,0,0,11
1165,P051,Home,2867.98,0,0,0,13
1132,P054,Accessories,659.65,8,0,0,13
1092,P026,Books,474.39,0,0,0,7
1143,P048,Accessories,498.52,3,0,0,15
1021,P009,Home,2296.2,4,0,0,15
1016,P037,Electronics,3281.37,5,1,0,6
1117,P032,Books,485.18,11,0,0,15
1069,P013,Electronics,3550.72,0,0,0,12
1124,P034,Fitness,2273.57,7,0,0,9
1026,P071,Stationery,577.39,0,0,0,17
1133,P023,Stationery,524.92,6,0,0,0
1022,P028,Fitness,2582.27,0,0,0,8
1151,P060,Accessories,1460.29,0,0,0,16
1049,P052,Fitness,2479.62,4,0,0,2
1022,P055,Electronics,1535.83,5,0,0,8
1104,P003,Home,3130.68,0,0,0,5
1056,P011,Stationery,485.47,9,3,1,7
1001,P067,Electronics,737.99,11,0,0,7
1175,P014,Books,504.47,5,0,0,18
1062,P037,Electronics,3281.37,15,0,0,10
1077,P040,Fitness,522.24,0,0,0,8
1131,P065,Stationery,582.68,3,0,0,16
1155,P070,Fitness,2640.88,2,0,0,5
1163,P069,Home,1429.77,5,1,0,12
1179,P031,Electronics,2153.69,11,0,0,13
1008,P027,Home,1914.45,5,0,0,12
1049,P037,Electronics,3281.37,14,1,0,2
1151,P048,Accessories,498.52,4,0,0,16
1043,P024,Accessories,647.01,10,2,0,15
1134,P042,Accessories,1972.06,2,0,1,8
1038,P041,Stationery,126.65,1,1,1,8
1013,P042,Accessories,1972.06,0,0,0,10
1041,P003,Home,3130.68,1,0,0,13
1137,P045,Home,2987.24,6,0,0,2
1146,P019,Electronics,1029.98,3,0,0,15
1119,P058,Fitness,2533.51,5,2,1,3
1141,P047,Stationery,171.82,5,0,0,14
1142,P001,Electronics,1591.46,6,0,0,11
1038,P035,Stationery,475.01,4,0,0,8
1178,P009,Home,2296.2,6,1,1,11
1074,P041,Stationery,126.65,2,0,1,9
1163,P016,Fitness,2659.54,10,1,0,12
1055,P071,Stationery,577.39,5,1,0,4
1084,P018,Accessories,475.09,8,0,0,5
1054,P013,Electronics,3550.72,0,0,0,9
1012,P022,Fitness,1891.11,7,0,0,0
1039,P041,Stationery,126.65,4,0,1,12
1041,P016,Fitness,2659.54,3,0,0,13
1001,P002,Books,1043.27,8,1,0,7
1014,P003,Home,3130.68,0,0,0,13
1040,P056,Books,337.37,6,0,0,1
1089,P036,Accessories,760.81,3,0,0,17
1029,P059,Stationery,331.95,6,0,0,10
1066,P032,Books,485.18,4,0,0,5
1015,P025,Electronics,2901.54,9,0,0,12
1141,P067,Electronics,737.99,16,2,0,14
1075,P039,Home,1725.83,1,0,0,8
1153,P008,Books,848.01,1,0,0,2
1005,P015,Home,2456.51,3,0,0,18
1033,P062,Books,1040.4,9,0,0,0
1139,P014,Books,504.47,4,0,0,9
1079,P030,Accessories,429.98,0,0,0,6
1009,P023,Stationery,524.92,3,0,1,15
1055,P040,Fitness,522.24,4,0,0,4
1167,P024,Accessories,647.01,0,0,1,4
1099,P066,Accessories,1968.76,6,0,1,16
1061,P029,Stationery,604.58,15,1,0,13
1046,P034,Fitness,2273.57,1,0,0,14
1024,P021,Home,1244.28,4,0,1,8
1081,P011,Stationery,485.47,12,3,0,1
1059,P062,Books,1040.4,5,1,0,1
1120,P024,Accessories,647.01,2,0,0,5
1086,P061,Electronics,1198.66,5,0,0,6
1129,P032,Books,485.18,0,0,0,7
1038,P001,Electronics,1591.46,2,1,0,8
1021,P039,Home,1725.83,2,0,1,15
1097,P071,Stationery,577.39,2,0,0,17
1102,P023,Stationery,524.92,5,0,0,14
1028,P039,Home,1725.83,6,0,0,2
1081,P024,Accessories,647.01,10,1,0,1
1005,P031,Electronics,2153.69,4,0,1,18
1113,P046,Fitness,1839.77,4,1,0,4
1010,P067,Electronics,737.99,4,0,0,5
1048,P004,Fitness,2522.32,9,1,0,15
1096,P055,Electronics,1535.83,5,0,1,7
1060,P014,Books,504.47,16,1,0,17
1138,P022,Fitness,1891.11,4,1,0,18
1157,P003,Home,3130.68,0,0,0,9
1044,P059,Stationery,331.95,1,0,0,13
1172,P023,Stationery,524.92,4,0,0,3
1038,P054,Accessories,659.65,8,2,0,8
1159,P055,Electronics,1535.83,9,1,0,17
1023,P060,Accessories,1460.29,6,0,0,14
1023,P041,Stationery,126.65,3,0,0,14
1102,P012,Accessories,265.26,4,0,0,14
1171,P011,Stationery,485.47,4,0,1,2
1066,P045,Home,2987.24,2,0,0,5
1108,P052,Fitness,2479.62,2,0,1,14
1069,P019,Electronics,1029.98,6,2,1,12
1022,P016,Fitness,2659.54,0,0,0,8
1082,P060,Accessories,1460.29,1,0,0,14
1055,P028,Fitness,2582.27,4,0,0,4
1079,P037,Electronics,3281.37,7,2,0,6
1164,P023,Stationery,524.92,11,4,1,1
1123,P068,Books,876.08,6,1,1,4
1132,P017,Stationery,163.26,12,1,0,13
1034,P029,Stationery,604.58,2,1,0,2
1023,P007,Electronics,3609.79,9,0,1,14
1072,P003,Home,3130.68,5,0,0,4
1084,P044,Books,713.75,15,3,1,5
1125,P068,Books,876.08,4,1,0,13
1122,P053,Stationery,637.33,2,0,0,1
1024,P070,Fitness,2640.88,6,0,1,8
1109,P035,Stationery,475.01,11,1,1,17
1060,P047,Stationery,171.82,1,0,0,17
1110,P036,Accessories,760.81,0,0,0,11
1001,P017,Stationery,163.26,0,0,0,7
1100,P050,Books,1014.13,8,1,1,14
1007,P036,Accessories,760.81,2,1,1,17
1060,P009,Home,2296.2,8,1,0,17
1016,P009,Home,2296.2,0,0,0,6
1112,P046,Fitness,1839.77,2,0,0,11
1120,P063,Home,3080.28,2,0,0,5
1077,P044,Books,713.75,8,2,1,8
1118,P057,Home,2818.36,0,0,1,9
1177,P052,Fitness,2479.62,10,0,0,11
1142,P004,Fitness,2522.32,12,4,0,11
1074,P063,Home,3080.28,5,1,0,9
1045,P065,Stationery,582.68,4,0,0,1
1172,P022,Fitness,1891.11,12,1,0,3
1008,P054,Accessories,659.65,0,0,0,12
1180,P063,Home,3080.28,4,0,0,2
1150,P019,Electronics,1029.98,5,0,0,1
1086,P016,Fitness,2659.54,7,2,0,6
1097,P044,Books,713.75,5,0,0,17
1180,P026,Books,474.39,11,1,0,2
1015,P055,Electronics,1535.83,9,0,0,12
1131,P008,Books,848.01,10,2,1,16
1104,P054,Accessories,659.65,7,0,0,5
1105,P012,Accessories,265.26,7,1,0,2
1112,P067,Electronics,737.99,2,0,0,11
1022,P007,Electronics,3609.79,5,0,0,8
1047,P053,Stationery,637.33,2,0,0,3
1104,P033,Home,410.99,5,1,1,5
1073,P021,Home,1244.28,12,2,1,0
1131,P037,Electronics,3281.37,2,1,0,16
1020,P035,Stationery,475.01,10,1,0,4
1009,P062,Books,1040.4,10,2,1,15
1061,P008,Books,848.01,5,1,0,13
1061,P028,Fitness,2582.27,7,1,0,13
1178,P052,Fitness,2479.62,5,0,1,11
1056,P055,Electronics,1535.83,1,0,0,7
1134,P029,Stationery,604.58,6,0,1,8
1139,P009,Home,2296.2,1,0,0,9
1147,P017,Stationery,163.26,10,0,0,13
1120,P023,Stationery,524.92,9,0,0,5
1029,P066,Accessories,1968.76,8,0,0,10
1105,P007,Electronics,3609.79,4,0,1,2
1145,P026,Books,474.39,8,0,0,17
1174,P011,Stationery,485.47,3,0,0,4
1009,P033,Home,410.99,5,0,0,15
1020,P017,Stationery,163.26,5,0,0,4
1138,P016,Fitness,2659.54,2,0,0,18
1018,P052,Fitness,2479.62,7,1,0,14
1157,P039,Home,1725.83,3,0,1,9
1106,P064,Fitness,2745.27,8,0,0,17
1121,P037,Electronics,3281.37,6,2,0,4
1096,P015,Home,2456.51,7,0,0,7
1066,P015,Home,2456.51,6,0,0,5
1044,P047,Stationery,171.82,4,1,0,13
1177,P056,Books,337.37,4,0,0,11
1113,P067,Electronics,737.99,7,1,0,4
1156,P061,Electronics,1198.66,3,0,1,2
1032,P053,Stationery,637.33,5,0,0,12
1112,P052,Fitness,2479.62,2,0,0,11
1084,P004,Fitness,2522.32,5,0,0,5
1137,P038,Books,718.93,5,0,0,2
1177,P068,Books,876.08,3,0,1,11
1078,P031,Electronics,2153.69,1,0,0,16
1068,P007,Electronics,3609.79,5,1,1,16
1112,P061,Electronics,1198.66,11,0,1,11
1040,P005,Stationery,309.11,11,0,1,1
1039,P069,Home,1429.77,3,0,0,12
1050,P022,Fitness,1891.11,5,1,1,12
1078,P015,Home,2456.51,0,0,0,16
1003,P003,Home,3130.68,6,1,0,0
1046,P017,Stationery,163.26,5,1,0,14
1098,P055,Electronics,1535.83,4,0,0,4
1002,P008,Books,848.01,13,1,0,4
1008,P013,Electronics,3550.72,14,2,1,12
1050,P030,Accessories,429.98,4,0,0,12
1108,P041,Stationery,126.65,3,0,0,14
1077,P026,Books,474.39,5,1,1,8
1122,P016,Fitness,2659.54,6,0,1,1
1009,P039,Home,1725.83,0,0,1,15
1147,P004,Fitness,2522.32,2,0,1,13
1007,P026,Books,474.39,1,0,0,17
1034,P001,Electronics,1591.46,0,0,0,2
1075,P017,Stationery,163.26,1,0,0,8
1036,P014,Books,504.47,13,2,0,4
1056,P021,Home,1244.28,11,1,0,7
1083,P027,Home,1914.45,5,1,0,1
1134,P044,Books,713.75,6,2,1,8
1103,P038,Books,718.93,6,1,1,15
1095,P005,Stationery,309.11,5,1,0,18
1172,P005,Stationery,309.11,7,0,0,3
1141,P005,Stationery,309.11,2,0,0,14
1017,P036,Accessories,760.81,3,0,0,12
1157,P042,Accessories,1972.06,0,0,0,9
1099,P021,Home,1244.28,5,0,1,16
1057,P019,Electronics,1029.98,2,0,0,16
1007,P020,Books,720.24,2,0,0,17
1126,P059,Stationery,331.95,2,1,1,0
1072,P040,Fitness,522.24,0,0,0,4
1047,P012,Accessories,265.26,4,1,1,3
1122,P041,Stationery,126.65,6,1,0,1
1180,P035,Stationery,475.01,4,0,0,2
1158,P048,Accessories,498.52,3,0,0,6
1131,P033,Home,410.99,5,0,0,16
1017,P032,Books,485.18,5,1,0,12
1139,P046,Fitness,1839.77,7,1,0,9
1097,P012,Accessories,265.26,5,0,0,17
1179,P051,Home,2867.98,4,0,0,13
1176,P033,Home,410.99,1,0,0,11
1091,P041,Stationery,126.65,11,2,1,14
1027,P072,Accessories,1934.92,3,0,0,14
1145,P004,Fitness,2522.32,4,0,0,17
1075,P061,Electronics,1198.66,1,0,0,8
1098,P014,Books,504.47,4,0,1,4
1136,P064,Fitness,2745.27,7,0,0,9
1085,P038,Books,718.93,4,0,0,4
1110,P007,Electronics,3609.79,8,1,0,11
1149,P047,Stationery,171.82,0,0,0,9
1139,P045,Home,2987.24,1,0,0,9
1020,P019,Electronics,1029.98,12,5,1,4
1059,P037,Electronics,3281.37,0,0,0,1
1016,P038,Books,718.93,16,0,0,6
1166,P030,Accessories,429.98,10,0,0,12
1153,P010,Fitness,2770.64,4,0,0,2
1075,P032,Books,485.18,8,3,0,8
1179,P065,Stationery,582.68,0,0,0,13
1167,P038,Books,718.93,4,0,0,4
1030,P017,Stationery,163.26,2,0,1,14
1048,P006,Accessories,557.61,2,0,0,15
1099,P055,Electronics,1535.83,3,1,0,16
1020,P010,Fitness,2770.64,2,0,0,4
1108,P054,Accessories,659.65,3,1,0,14
1058,P010,Fitness,2770.64,13,2,1,6
1095,P019,Electronics,1029.98,0,0,1,18
1122,P061,Electronics,1198.66,14,3,1,1
1013,P047,Stationery,171.82,1,0,0,10
1165,P014,Books,504.47,0,0,0,13
1078,P069,Home,1429.77,0,0,0,16
1066,P026,Books,474.39,2,0,0,5
1089,P010,Fitness,2770.64,2,1,1,17
1136,P033,Home,410.99,3,0,0,9
1047,P022,Fitness,1891.11,9,0,0,3
1018,P055,Electronics,1535.83,0,0,0,14
1104,P069,Home,1429.77,4,0,1,5
1073,P062,Books,1040.4,7,0,0,0
1084,P011,Stationery,485.47,4,0,0,5
1114,P069,Home,1429.77,4,0,0,3
1091,P015,Home,2456.51,1,0,1,14
1099,P017,Stationery,163.26,5,0,0,16
1136,P046,Fitness,1839.77,0,0,0,9
1151,P068,Books,876.08,5,0,0,16
1022,P024,Accessories,647.01,7,2,0,8
1161,P043,Electronics,3858.95,14,0,0,15
1115,P013,Electronics,3550.72,9,0,0,13
1138,P051,Home,2867.98,0,0,0,18
1119,P037,Electronics,3281.37,3,0,0,3
1067,P014,Books,504.47,0,0,0,6
1036,P012,Accessories,265.26,4,0,0,4
1012,P026,Books,474.39,4,0,0,0
1076,P042,Accessories,1972.06,2,0,0,12
1091,P003,Home,3130.68,5,1,0,14
1155,P072,Accessories,1934.92,0,0,0,5
1102,P051,Home,2867.98,4,1,0,14
1082,P012,Accessories,265.26,2,0,0,14
1124,P063,Home,3080.28,17,2,0,9
1080,P005,Stationery,309.11,2,0,0,1
1164,P028,Fitness,2582.27,0,0,0,1
1064,P060,Accessories,1460.29,8,2,0,7
1066,P033,Home,410.99,3,0,0,5
1112,P070,Fitness,2640.88,4,0,0,11
1133,P016,Fitness,2659.54,2,0,0,0
1150,P036,Accessories,760.81,13,1,0,1
1175,P061,Electronics,1198.66,4,0,0,18
1145,P017,Stationery,163.26,10,0,0,17
1047,P018,Accessories,475.09,7,2,0,3
1120,P068,Books,876.08,10,1,1,5
1039,P045,Home,2987.24,5,0,0,12
1011,P026,Books,474.39,3,1,1,1
1079,P019,Electronics,1029.98,6,1,0,6
1016,P035,Stationery,475.01,10,1,0,6
1010,P026,Books,474.39,9,2,0,5
1031,P003,Home,3130.68,11,0,1,7
1119,P072,Accessories,1934.92,7,0,0,3
1073,P025,Electronics,2901.54,2,0,1,0
1007,P008,Books,848.01,1,0,0,17
1083,P011,Stationery,485.47,0,0,0,1
1084,P005,Stationery,309.11,2,0,0,5
1102,P062,Books,1040.4,0,0,0,14
1157,P009,Home,2296.2,0,0,0,9
1138,P071,Stationery,577.39,5,0,0,18
1121,P028,Fitness,2582.27,7,0,1,4
1177,P025,Electronics,2901.54,2,0,0,11
1071,P016,Fitness,2659.54,0,0,0,7
1067,P023,Stationery,524.92,9,1,0,6
1023,P067,Electronics,737.99,9,0,0,14
1067,P022,Fitness,1891.11,7,0,0,6
1014,P045,Home,2987.24,3,0,0,13
1111,P018,Accessories,475.09,8,1,1,15
1020,P043,Electronics,3858.95,8,0,1,4
1103,P067,Electronics,737.99,5,0,1,15
1074,P040,Fitness,522.24,10,0,1,9
1111,P072,Accessories,1934.92,17,1,0,15
1045,P057,Home,2818.36,0,0,0,1
1155,P008,Books,848.01,12,3,0,5
1177,P029,Stationery,604.58,4,0,0,11
1068,P053,Stationery,637.33,11,2,0,16
1091,P070,Fitness,2640.88,1,0,0,14
1115,P026,Books,474.39,10,2,0,13
1084,P010,Fitness,2770.64,0,0,0,5
1059,P059,Stationery,331.95,0,0,0,1
1150,P027,Home,1914.45,4,0,0,1
1084,P057,Home,2818.36,4,3,1,5
1159,P001,Electronics,1591.46,1,0,0,17
1149,P040,Fitness,522.24,6,0,0,9
1031,P031,Electronics,2153.69,11,3,1,7
1054,P009,Home,2296.2,8,0,0,9
1088,P023,Stationery,524.92,0,0,0,12
1165,P005,Stationery,309.11,10,1,0,13
1165,P004,Fitness,2522.32,2,0,0,13
1020,P050,Books,1014.13,6,0,0,4
1112,P038,Books,718.93,12,2,0,11
1102,P006,Accessories,557.61,1,1,1,14
1119,P017,Stationery,163.26,15,2,1,3
1056,P063,Home,3080.28,2,1,0,7
1172,P010,Fitness,2770.64,6,0,0,3
1123,P060,Accessories,1460.29,9,1,0,4
1177,P010,Fitness,2770.64,9,2,0,11
1061,P023,Stationery,524.92,11,0,0,13
1083,P044,Books,713.75,16,3,0,1
1037,P009,Home,2296.2,15,1,1,2
1148,P042,Accessories,1972.06,12,0,0,16
1098,P035,Stationery,475.01,10,2,0,4
1160,P068,Books,876.08,13,1,0,5
1141,P059,Stationery,331.95,9,0,0,14
1010,P032,Books,485.18,4,0,0,5
1111,P008,Books,848.01,6,1,0,15
1052,P049,Electronics,1744.32,5,0,1,7
1168,P006,Accessories,557.61,7,1,0,16
1067,P052,Fitness,2479.62,11,0,0,6
1004,P020,Books,720.24,12,2,0,18
1064,P065,Stationery,582.68,0,0,0,7
1020,P001,Electronics,1591.46,13,2,0,4
1096,P038,Books,718.93,7,0,0,7
1081,P001,Electronics,1591.46,6,1,1,1
1085,P025,Electronics,2901.54,3,1,0,4
1132,P013,Electronics,3550.72,7,0,0,13
1148,P016,Fitness,2659.54,2,0,0,16
1024,P015,Home,2456.51,4,0,0,8
1042,P030,Accessories,429.98,6,0,0,18
1042,P014,Books,504.47,13,2,1,18
1020,P028,Fitness,2582.27,5,0,0,4
1042,P045,Home,2987.24,6,0,0,18
1031,P044,Books,713.75,0,0,0,7
1043,P013,Electronics,3550.72,6,0,0,15
1123,P026,Books,474.39,10,0,0,4
1043,P006,Accessories,557.61,4,1,1,15
1005,P062,Books,1040.4,7,0,0,18
1039,P071,Stationery,577.39,4,0,0,12
1062,P062,Books,1040.4,10,1,0,10
1119,P028,Fitness,2582.27,8,2,0,3
1074,P072,Accessories,1934.92,2,0,0,9
1013,P063,Home,3080.28,1,0,0,10
1001,P023,Stationery,524.92,2,0,0,7
1164,P064,Fitness,2745.27,2,1,1,1
1123,P024,Accessories,647.01,12,1,1,4
1044,P037,Electronics,3281.37,1,0,1,13
1076,P067,Electronics,737.99,8,2,1,12
1086,P038,Books,718.93,0,0,0,6
1180,P008,Books,848.01,9,2,0,2
1062,P033,Home,410.99,9,1,0,10
1018,P013,Electronics,3550.72,4,0,0,14
1079,P044,Books,713.75,4,0,0,6
1052,P003,Home,3130.68,0,0,0,7
1036,P025,Electronics,2901.54,0,0,0,4
1176,P044,Books,713.75,6,0,0,11
1146,P060,Accessories,1460.29,1,0,0,15
1101,P036,Accessories,760.81,7,1,1,18
1079,P024,Accessories,647.01,4,0,0,6
1171,P055,Electronics,1535.83,0,0,0,2
1088,P024,Accessories,647.01,1,0,0,12
1077,P064,Fitness,2745.27,0,0,1,8
1108,P050,Books,1014.13,9,0,1,14
1129,P050,Books,1014.13,2,0,0,7
1065,P048,Accessories,498.52,7,0,0,15
1156,P003,Home,3130.68,4,0,0,2
1024,P016,Fitness,2659.54,9,2,0,8
1025,P028,Fitness,2582.27,2,1,1,9
1001,P055,Electronics,1535.83,10,2,0,7
1154,P050,Books,1014.13,1,0,0,6
1122,P026,Books,474.39,8,0,0,1
1175,P030,Accessories,429.98,7,0,0,18
1175,P059,Stationery,331.95,0,0,0,18
1152,P055,Electronics,1535.83,11,1,0,11
1129,P055,Electronics,1535.83,5,0,0,7
1061,P009,Home,2296.2,6,1,0,13
1096,P036,Accessories,760.81,4,0,0,7
1096,P071,Stationery,577.39,12,2,1,7
1133,P057,Home,2818.36,5,0,0,0
1024,P046,Fitness,1839.77,11,1,0,8
1123,P032,Books,485.18,2,0,0,4
1143,P027,Home,1914.45,5,0,1,15
1119,P062,Books,1040.4,3,1,1,3
1040,P011,Stationery,485.47,11,0,0,1
1097,P027,Home,1914.45,12,0,0,17
1086,P007,Electronics,3609.79,7,0,0,6
1011,P061,Electronics,1198.66,12,1,0,1
1177,P062,Books,1040.4,4,0,0,11
1123,P040,Fitness,522.24,5,0,0,4
1022,P029,Stationery,604.58,2,0,0,8
1172,P058,Fitness,2533.51,7,0,1,3
1060,P039,Home,1725.83,10,2,0,17
1176,P055,Electronics,1535.83,13,2,0,11
1128,P053,Stationery,637.33,5,0,0,6
1130,P045,Home,2987.24,5,0,0,16
1150,P024,Accessories,647.01,0,0,0,1
1073,P007,Electronics,3609.79,6,2,1,0
1026,P046,Fitness,1839.77,12,0,0,17
1134,P035,Stationery,475.01,0,0,0,8
1156,P052,Fitness,2479.62,9,2,0,2
1006,P014,Books,504.47,1,0,0,10
1038,P046,Fitness,1839.77,6,0,0,8
1020,P030,Accessories,429.98,1,0,0,4
1051,P027,Home,1914.45,3,0,1,18
1165,P008,Books,848.01,0,0,0,13
1012,P061,Electronics,1198.66,3,1,0,0
1083,P022,Fitness,1891.11,5,0,0,1
1004,P041,Stationery,126.65,2,0,0,18
1024,P060,Accessories,1460.29,13,0,1,8
1014,P028,Fitness,2582.27,12,1,0,13
1175,P022,Fitness,1891.11,14,0,0,18
1159,P068,Books,876.08,3,1,0,17
1043,P010,Fitness,2770.64,9,0,0,15
1137,P014,Books,504.47,3,1,0,2
1151,P020,Books,720.24,2,0,0,16
1005,P001,Electronics,1591.46,1,0,0,18
1104,P057,Home,2818.36,5,0,0,5
1157,P056,Books,337.37,3,0,0,9
1038,P008,Books,848.01,6,0,1,8
1113,P043,Electronics,3858.95,8,1,0,4
1169,P010,Fitness,2770.64,0,0,0,9
1144,P044,Books,713.75,11,0,0,15
1020,P038,Books,718.93,4,0,0,4
1138,P025,Electronics,2901.54,16,7,1,18
1079,P051,Home,2867.98,3,1,1,6
1069,P028,Fitness,2582.27,5,0,0,12
1032,P051,Home,2867.98,15,3,0,12
1034,P019,Electronics,1029.98,3,0,0,2
1103,P061,Electronics,1198.66,1,0,0,15
1134,P023,Stationery,524.92,6,0,0,8
1013,P032,Books,485.18,7,0,1,10
1014,P007,Electronics,3609.79,0,0,0,13
1060,P026,Books,474.39,13,1,0,17
1114,P012,Accessories,265.26,10,2,0,3
1101,P059,Stationery,331.95,2,0,1,18
1098,P030,Accessories,429.98,2,0,0,4
1172,P053,Stationery,637.33,2,0,0,3
1093,P016,Fitness,2659.54,2,1,1,0
1050,P060,Accessories,1460.29,0,0,0,12
1090,P039,Home,1725.83,9,1,1,18
1170,P070,Fitness,2640.88,12,0,0,16
1127,P050,Books,1014.13,7,0,0,14
1085,P021,Home,1244.28,3,0,0,4
1064,P055,Electronics,1535.83,1,0,0,7
1166,P060,Accessories,1460.29,7,0,0,12
1133,P052,Fitness,2479.62,0,0,0,0
1084,P031,Electronics,2153.69,5,0,0,5
1141,P057,Home,2818.36,3,0,1,14
1060,P045,Home,2987.24,5,0,1,17
1069,P052,Fitness,2479.62,5,0,0,12
1101,P061,Electronics,1198.66,3,0,0,18
1160,P060,Accessories,1460.29,4,0,0,5
1050,P041,Stationery,126.65,11,2,0,12
1006,P039,Home,1725.83,1,1,1,10
1007,P069,Home,1429.77,4,1,0,17
1024,P065,Stationery,582.68,8,1,0,8
1085,P065,Stationery,582.68,14,2,1,4
1065,P070,Fitness,2640.88,11,1,1,15
1041,P032,Books,485.18,6,1,0,13
1090,P004,Fitness,2522.32,3,0,0,18
1120,P057,Home,2818.36,4,0,0,5
1040,P002,Books,1043.27,7,1,1,1
1049,P010,Fitness,2770.64,3,0,0,2
1137,P010,Fitness,2770.64,0,0,0,2
1069,P071,Stationery,577.39,8,0,0,12
1034,P069,Home,1429.77,1,0,0,2
1131,P052,Fitness,2479.62,0,0,0,16
1162,P003,Home,3130.68,0,0,0,2
1138,P041,Stationery,126.65,0,0,1,18
1049,P055,Electronics,1535.83,13,2,0,2
1052,P058,Fitness,2533.51,13,2,0,7
1064,P023,Stationery,524.92,1,0,0,7
1061,P018,Accessories,475.09,0,0,0,13
1160,P041,Stationery,126.65,2,0,1,5
1168,P010,Fitness,2770.64,2,0,1,16
1138,P002,Books,1043.27,2,0,0,18
1145,P048,Accessories,498.52,0,0,0,17
1172,P026,Books,474.39,12,1,1,3
1044,P039,Home,1725.83,2,1,0,13
1039,P028,Fitness,2582.27,2,0,0,12
1127,P059,Stationery,331.95,1,0,0,14
1123,P072,Accessories,1934.92,10,2,0,4
1017,P005,Stationery,309.11,5,2,1,12
1039,P052,Fitness,2479.62,2,0,0,12
1106,P002,Books,1043.27,5,1,0,17
1017,P013,Electronics,3550.72,3,0,0,12
1025,P072,Accessories,1934.92,0,0,0,9
1097,P039,Home,1725.83,6,0,1,17
1078,P065,Stationery,582.68,13,2,0,16
1058,P068,Books,876.08,2,0,0,6
1076,P005,Stationery,309.11,1,0,0,12
1152,P040,Fitness,522.24,2,0,0,11
1158,P012,Accessories,265.26,4,0,0,6
1013,P028,Fitness,2582.27,10,0,0,10
1011,P016,Fitness,2659.54,2,0,0,1
1091,P053,Stationery,637.33,9,3,0,14
1124,P058,Fitness,2533.51,5,0,1,9
1126,P012,Accessories,265.26,11,1,0,0
1017,P031,Electronics,2153.69,5,1,0,12
1124,P008,Books,848.01,2,1,0,9
1090,P047,Stationery,171.82,0,0,0,18
1013,P004,Fitness,2522.32,11,0,0,10
1162,P056,Books,337.37,3,0,0,2
1170,P050,Books,1014.13,3,1,0,16
1049,P003,Home,3130.68,6,0,0,2
1100,P061,Electronics,1198.66,8,0,0,14
1166,P006,Accessories,557.61,10,2,0,12
1086,P027,Home,1914.45,7,0,0,6
1071,P026,Books,474.39,4,0,0,7
1036,P007,Electronics,3609.79,5,1,0,4
1161,P002,Books,1043.27,3,1,1,15
1019,P031,Electronics,2153.69,6,0,0,1
1174,P046,Fitness,1839.77,4,2,0,4
1106,P054,Accessories,659.65,5,0,0,17
1025,P014,Books,504.47,7,0,0,9
1066,P057,Home,2818.36,2,1,0,5
1134,P056,Books,337.37,11,0,0,8
1073,P004,Fitness,2522.32,8,2,0,0
1003,P032,Books,485.18,15,0,0,0
1083,P020,Books,720.24,12,1,0,1
1147,P009,Home,2296.2,12,1,0,13
1164,P068,Books,876.08,6,1,1,1
1119,P027,Home,1914.45,0,0,0,3
1058,P065,Stationery,582.68,1,0,0,6
1106,P039,Home,1725.83,2,0,0,17
1017,P037,Electronics,3281.37,2,0,0,12
1054,P008,Books,848.01,12,2,0,9
1053,P038,Books,718.93,11,0,0,1
1018,P006,Accessories,557.61,1,0,0,14
1141,P052,Fitness,2479.62,8,1,1,14
1044,P012,Accessories,265.26,13,0,1,13
1044,P053,Stationery,637.33,8,1,1,13
1104,P018,Accessories,475.09,0,0,0,5
1051,P021,Home,1244.28,3,0,0,18
1096,P056,Books,337.37,7,1,0,7
1113,P006,Accessories,557.61,1,0,0,4
1117,P054,Accessories,659.65,5,0,0,15
1034,P040,Fitness,522.24,10,2,1,2
1060,P042,Accessories,1972.06,4,0,0,17
1102,P032,Books,485.18,0,0,0,14
1084,P032,Books,485.18,12,1,1,5
1096,P017,Stationery,163.26,9,1,0,7
1161,P062,Books,1040.4,0,0,0,15
1008,P016,Fitness,2659.54,4,0,0,12
1065,P026,Books,474.39,5,0,0,15
1172,P028,Fitness,2582.27,6,1,1,3
1082,P054,Accessories,659.65,2,0,0,14
1133,P048,Accessories,498.52,4,0,0,0
1130,P038,Books,718.93,7,1,0,16
1061,P060,Accessories,1460.29,3,0,0,13
1130,P005,Stationery,309.11,1,0,0,16
1065,P054,Accessories,659.65,10,2,0,15
1161,P036,Accessories,760.81,6,0,0,15
1109,P025,Electronics,2901.54,6,0,0,17
1076,P061,Electronics,1198.66,6,0,0,12
1120,P005,Stationery,309.11,10,1,0,5
1056,P067,Electronics,737.99,5,0,0,7
1166,P046,Fitness,1839.77,6,0,0,12
1138,P070,Fitness,2640.88,6,2,0,18
1039,P043,Electronics,3858.95,2,0,0,12
1094,P003,Home,3130.68,11,1,0,15
1119,P046,Fitness,1839.77,11,2,0,3
1026,P043,Electronics,3858.95,6,0,0,17
1102,P010,Fitness,2770.64,10,1,0,14
1088,P047,Stationery,171.82,6,1,0,12
1032,P005,Stationery,309.11,4,0,1,12
1057,P072,Accessories,1934.92,13,1,0,16
1077,P021,Home,1244.28,5,1,1,8
1161,P052,Fitness,2479.62,1,0,0,15
1070,P054,Accessories,659.65,3,1,0,3
1046,P071,Stationery,577.39,4,0,0,14
1005,P005,Stationery,309.11,6,0,0,18
1079,P060,Accessories,1460.29,1,0,1,6
1001,P051,Home,2867.98,4,1,0,7
1098,P004,Fitness,2522.32,5,0,0,4
1129,P031,Electronics,2153.69,0,0,0,7
1057,P063,Home,3080.28,0,0,0,16
1084,P016,Fitness,2659.54,1,0,0,5
1152,P031,Electronics,2153.69,13,2,0,11
1125,P054,Accessories,659.65,3,0,0,13
1062,P014,Books,504.47,5,0,0,10
1004,P023,Stationery,524.92,10,2,1,18
1139,P019,Electronics,1029.98,9,0,0,9
1085,P032,Books,485.18,3,1,1,4
1146,P013,Electronics,3550.72,5,0,0,15
1158,P024,Accessories,647.01,1,0,0,6
1030,P043,Electronics,3858.95,7,1,1,14
1055,P005,Stationery,309.11,5,0,0,4
1067,P004,Fitness,2522.32,9,4,1,6
1175,P066,Accessories,1968.76,2,0,0,18
1023,P059,Stationery,331.95,3,1,1,14
1122,P067,Electronics,737.99,13,0,0,1
1104,P016,Fitness,2659.54,13,1,1,5
1076,P022,Fitness,1891.11,10,1,1,12
1081,P020,Books,720.24,4,0,0,1
1105,P003,Home,3130.68,3,0,0,2
1166,P042,Accessories,1972.06,6,0,0,12
1179,P060,Accessories,1460.29,5,0,1,13
1127,P068,Books,876.08,3,0,0,14
1041,P002,Books,1043.27,12,0,0,13
1102,P026,Books,474.39,1,0,0,14
1109,P050,Books,1014.13,5,0,0,17
1036,P004,Fitness,2522.32,7,1,0,4
1118,P005,Stationery,309.11,4,0,0,9
1143,P042,Accessories,1972.06,4,0,0,15
1077,P054,Accessories,659.65,15,1,0,8
1091,P035,Stationery,475.01,12,3,0,14
1107,P027,Home,1914.45,0,0,0,3
1038,P069,Home,1429.77,9,0,1,8
1095,P013,Electronics,3550.72,1,0,0,18
1099,P016,Fitness,2659.54,5,1,0,16
1022,P042,Accessories,1972.06,7,1,1,8
1165,P043,Electronics,3858.95,5,1,1,13
1168,P007,Electronics,3609.79,6,1,0,16
1072,P014,Books,504.47,0,0,1,4
1045,P038,Books,718.93,7,1,1,1
1013,P037,Electronics,3281.37,3,0,1,10
1018,P044,Books,713.75,9,2,0,14
1152,P054,Accessories,659.65,8,0,0,11
1050,P001,Electronics,1591.46,7,1,0,12
1091,P063,Home,3080.28,4,0,0,14
1132,P071,Stationery,577.39,11,1,1,13
1157,P062,Books,1040.4,7,0,1,9
1112,P031,Electronics,2153.69,4,0,1,11
1041,P029,Stationery,604.58,12,4,0,13
1045,P070,Fitness,2640.88,5,1,0,1
1092,P069,Home,1429.77,6,0,0,7
1034,P036,Accessories,760.81,2,0,0,2
1099,P057,Home,2818.36,3,0,0,16
1176,P020,Books,720.24,6,0,0,11
1099,P022,Fitness,1891.11,3,0,0,16
1103,P058,Fitness,2533.51,14,2,1,15
1084,P048,Accessories,498.52,9,1,0,5
1154,P030,Accessories,429.98,6,0,1,6
1140,P053,Stationery,637.33,2,0,0,13
1142,P008,Books,848.01,10,1,0,11
1116,P044,Books,713.75,7,0,0,4
1177,P013,Electronics,3550.72,5,0,0,11
1090,P070,Fitness,2640.88,3,1,0,18
1034,P057,Home,2818.36,9,0,1,2
1153,P029,Stationery,604.58,7,1,0,2
1038,P032,Books,485.18,3,1,0,8
1114,P041,Stationery,126.65,4,0,0,3
1043,P003,Home,3130.68,9,0,0,15
1062,P041,Stationery,126.65,4,0,0,10
1142,P062,Books,1040.4,10,0,0,11
1165,P053,Stationery,637.33,12,0,0,13
1019,P038,Books,718.93,1,0,0,1
1035,P062,Books,1040.4,0,0,0,9
1143,P037,Electronics,3281.37,10,1,0,15
1072,P013,Electronics,3550.72,7,0,1,4
1057,P015,Home,2456.51,3,0,0,16
1033,P016,Fitness,2659.54,2,0,0,0
1177,P024,Accessories,647.01,7,2,1,11
1047,P005,Stationery,309.11,3,0,1,3
1131,P066,Accessories,1968.76,3,1,1,16
1103,P063,Home,3080.28,4,1,0,15
1080,P003,Home,3130.68,5,0,0,1
1100,P031,Electronics,2153.69,3,0,1,14
1140,P004,Fitness,2522.32,7,0,1,13
1080,P053,Stationery,637.33,3,0,0,1
1061,P012,Accessories,265.26,5,0,1,13
1028,P066,Accessories,1968.76,8,1,1,2
1085,P046,Fitness,1839.77,1,0,1,4
1133,P030,Accessories,429.98,4,0,0,0
1022,P046,Fitness,1839.77,3,0,0,8
1171,P058,Fitness,2533.51,3,0,0,2
1034,P011,Stationery,485.47,2,0,0,2
1049,P036,Accessories,760.81,0,0,0,2
1035,P060,Accessories,1460.29,5,0,1,9
1082,P052,Fitness,2479.62,1,0,0,14
1042,P016,Fitness,2659.54,4,0,0,18
1030,P023,Stationery,524.92,2,0,0,14
1075,P066,Accessories,1968.76,0,0,0,8
1139,P058,Fitness,2533.51,5,0,0,9
1068,P016,Fitness,2659.54,6,1,1,16
1165,P040,Fitness,522.24,6,0,0,13
1106,P034,Fitness,2273.57,13,1,0,17
1058,P047,Stationery,171.82,4,0,1,6
1066,P022,Fitness,1891.11,6,0,0,5
1069,P056,Books,337.37,2,1,1,12
1109,P011,Stationery,485.47,15,3,0,17
1128,P004,Fitness,2522.32,7,0,0,6
1154,P043,Electronics,3858.95,15,1,1,6
1012,P058,Fitness,2533.51,0,0,0,0
1172,P052,Fitness,2479.62,5,1,0,3
1129,P034,Fitness,2273.57,5,1,0,7
1134,P012,Accessories,265.26,2,0,0,8
1032,P020,Books,720.24,4,2,1,12
1180,P012,Accessories,265.26,6,0,0,2
1133,P021,Home,1244.28,4,0,0,0
1091,P032,Books,485.18,5,0,0,14
1020,P042,Accessories,1972.06,4,0,0,4
1175,P065,Stationery,582.68,3,0,0,18
1060,P017,Stationery,163.26,5,0,0,17
1072,P021,Home,1244.28,1,1,1,4
1106,P027,Home,1914.45,0,0,1,17
1178,P003,Home,3130.68,8,2,1,11
1139,P028,Fitness,2582.27,3,0,0,9
1036,P013,Electronics,3550.72,4,0,0,4
1129,P006,Accessories,557.61,12,2,0,7
1163,P056,Books,337.37,0,0,0,12
1053,P041,Stationery,126.65,0,0,0,1
1148,P008,Books,848.01,1,0,1,16
1133,P066,Accessories,1968.76,6,2,0,0
1013,P018,Accessories,475.09,2,0,0,10
1117,P057,Home,2818.36,3,0,0,15
1058,P054,Accessories,659.65,8,0,1,6
1166,P065,Stationery,582.68,6,0,0,12
1130,P028,Fitness,2582.27,0,0,1,16
1079,P043,Electronics,3858.95,3,0,0,6
1019,P061,Electronics,1198.66,10,0,0,1
1080,P007,Electronics,3609.79,5,0,0,1
1047,P067,Electronics,737.99,11,1,1,3
1060,P003,Home,3130.68,5,0,0,17
1160,P011,Stationery,485.47,7,0,1,5
1175,P005,Stationery,309.11,0,0,0,18
1072,P035,Stationery,475.01,3,0,0,4
1044,P051,Home,2867.98,4,0,0,13
1140,P007,Electronics,3609.79,4,1,0,13
1175,P019,Electronics,1029.98,1,0,0,18
1025,P012,Accessories,265.26,0,0,0,9
1143,P021,Home,1244.28,4,0,1,15
1110,P063,Home,3080.28,2,1,0,11
1058,P018,Accessories,475.09,7,2,0,6
1122,P046,Fitness,1839.77,0,0,0,1
1019,P008,Books,848.01,3,0,0,1
1173,P005,Stationery,309.11,2,0,0,16
1001,P043,Electronics,3858.95,7,1,0,7
1007,P068,Books,876.08,2,0,0,17
1141,P011,Stationery,485.47,6,1,1,14
1035,P003,Home,3130.68,10,2,0,9
1178,P035,Stationery,475.01,11,3,1,11
1015,P037,Electronics,3281.37,5,1,0,12
1087,P038,Books,718.93,7,1,0,14
1010,P014,Books,504.47,2,1,0,5
1142,P046,Fitness,1839.77,11,1,0,11
1104,P035,Stationery,475.01,2,0,0,5
1055,P050,Books,1014.13,3,0,1,4
1134,P027,Home,1914.45,0,0,0,8
1070,P004,Fitness,2522.32,6,0,0,3
1114,P036,Accessories,760.81,6,1,0,3
1047,P007,Electronics,3609.79,15,0,0,3
1071,P047,Stationery,171.82,7,0,0,7
1170,P026,Books,474.39,1,0,0,16
1149,P031,Electronics,2153.69,4,0,0,9
1163,P003,Home,3130.68,8,1,0,12
1001,P021,Home,1244.28,7,0,1,7
1169,P035,Stationery,475.01,6,1,1,9
1092,P005,Stationery,309.11,9,1,0,7
1164,P027,Home,1914.45,6,0,1,1
1086,P034,Fitness,2273.57,6,1,0,6
1092,P007,Electronics,3609.79,12,2,0,7
1093,P061,Electronics,1198.66,7,0,0,0
1076,P019,Electronics,1029.98,9,1,1,12
1173,P010,Fitness,2770.64,11,1,0,16
1064,P025,Electronics,2901.54,3,1,0,7
1106,P056,Books,337.37,4,1,1,17
1145,P071,Stationery,577.39,10,1,1,17
1055,P004,Fitness,2522.32,1,0,0,4
1167,P059,Stationery,331.95,4,0,0,4
1038,P004,Fitness,2522.32,1,0,0,8
1030,P066,Accessories,1968.76,4,1,0,14
1170,P029,Stationery,604.58,0,0,0,16
1115,P003,Home,3130.68,1,0,0,13
1104,P068,Books,876.08,6,0,0,5
1065,P004,Fitness,2522.32,8,0,0,15
1072,P054,Accessories,659.65,15,4,0,4
1158,P022,Fitness,1891.11,4,0,0,6
1090,P028,Fitness,2582.27,0,0,0,18
1071,P033,Home,410.99,0,0,0,7
1130,P065,Stationery,582.68,0,0,0,16
1101,P006,Accessories,557.61,14,1,0,18
1136,P005,Stationery,309.11,7,1,0,9
1009,P070,Fitness,2640.88,3,0,0,15
1018,P065,Stationery,582.68,2,0,0,14
1125,P027,Home,1914.45,4,0,0,13
1032,P042,Accessories,1972.06,2,0,0,12
1132,P027,Home,1914.45,6,0,0,13
1088,P062,Books,1040.4,6,1,0,12
1050,P020,Books,720.24,0,0,0,12
1149,P032,Books,485.18,0,0,0,9
1100,P036,Accessories,760.81,9,2,0,14
1092,P063,Home,3080.28,2,0,0,7
1022,P012,Accessories,265.26,11,2,0,8
1142,P042,Accessories,1972.06,2,0,0,11
1028,P035,Stationery,475.01,9,2,0,2
1020,P002,Books,1043.27,0,0,0,4
1116,P056,Books,337.37,2,0,0,4
1076,P036,Accessories,760.81,3,1,0,12
1123,P013,Electronics,3550.72,4,0,0,4
1133,P050,Books,1014.13,12,1,0,0
1067,P050,Books,1014.13,4,0,0,6
1028,P003,Home,3130.68,3,0,0,2
1047,P026,Books,474.39,4,0,1,3
1116,P061,Electronics,1198.66,2,0,0,4
1124,P021,Home,1244.28,9,1,0,9
1007,P059,Stationery,331.95,0,0,1,17
1034,P051,Home,2867.98,5,0,0,2
1005,P064,Fitness,2745.27,0,0,0,18
1142,P009,Home,2296.2,7,1,0,11
1139,P004,Fitness,2522.32,3,0,0,9
1088,P067,Electronics,737.99,12,0,0,12
1150,P032,Books,485.18,9,1,1,1
1159,P056,Books,337.37,6,0,0,17
1025,P068,Books,876.08,0,0,0,9
1043,P064,Fitness,2745.27,13,1,0,15
1024,P061,Electronics,1198.66,4,0,0,8
1154,P018,Accessories,475.09,7,0,0,6
1158,P045,Home,2987.24,1,0,0,6
1052,P053,Stationery,637.33,6,1,1,7
1166,P058,Fitness,2533.51,3,1,0,12
1008,P057,Home,2818.36,0,0,0,12
1126,P060,Accessories,1460.29,8,3,0,0
1163,P038,Books,718.93,0,0,0,12
1065,P024,Accessories,647.01,9,1,1,15
1091,P024,Accessories,647.01,6,0,0,14
1034,P068,Books,876.08,2,0,0,2
1145,P040,Fitness,522.24,0,0,0,17
1088,P072,Accessories,1934.92,6,0,0,12
1019,P051,Home,2867.98,12,2,1,1
1176,P026,Books,474.39,8,0,0,11
1173,P053,Stationery,637.33,5,0,0,16
1079,P063,Home,3080.28,3,1,0,6
1112,P057,Home,2818.36,3,1,0,11
1046,P063,Home,3080.28,4,0,0,14
1083,P051,Home,2867.98,2,0,0,1
1071,P004,Fitness,2522.32,0,0,0,7
1104,P014,Books,504.47,2,0,0,5
1064,P015,Home,2456.51,1,0,0,7
1065,P034,Fitness,2273.57,5,1,0,15
1135,P046,Fitness,1839.77,9,1,1,7
1120,P016,Fitness,2659.54,2,0,0,5
1174,P040,Fitness,522.24,1,0,0,4
1028,P005,Stationery,309.11,6,0,0,2
1027,P051,Home,2867.98,4,0,0,14
1041,P051,Home,2867.98,3,1,1,13
1053,P052,Fitness,2479.62,8,2,0,1
1097,P069,Home,1429.77,7,2,0,17
1072,P069,Home,1429.77,0,0,0,4
1149,P066,Accessories,1968.76,12,0,0,9
1070,P069,Home,1429.77,7,0,0,3
1084,P026,Books,474.39,9,3,1,5
1071,P008,Books,848.01,0,0,0,7
1076,P012,Accessories,265.26,0,0,1,12
1061,P033,Home,410.99,4,1,0,13
1001,P006,Accessories,557.61,15,2,1,7
1029,P048,Accessories,498.52,13,2,0,10
1113,P056,Books,337.37,0,0,0,4
1124,P031,Electronics,2153.69,6,0,0,9
1017,P062,Books,1040.4,5,0,1,12
1159,P030,Accessories,429.98,4,0,1,17
1063,P017,Stationery,163.26,3,0,0,10
1047,P069,Home,1429.77,2,1,1,3
1095,P003,Home,3130.68,4,0,1,18
1013,P058,Fitness,2533.51,9,2,1,10
1069,P047,Stationery,171.82,11,2,1,12
1135,P040,Fitness,522.24,13,1,0,7
1030,P028,Fitness,2582.27,4,0,0,14
1092,P001,Electronics,1591.46,11,1,1,7
1178,P006,Accessories,557.61,9,0,0,11
1176,P058,Fitness,2533.51,1,0,0,11
1041,P020,Books,720.24,7,2,0,13
1085,P020,Books,720.24,2,0,0,4
1088,P030,Accessories,429.98,5,1,0,12
1175,P027,Home,1914.45,13,0,0,18
1052,P027,Home,1914.45,2,0,0,7
1126,P063,Home,3080.28,1,0,0,0
1133,P037,Electronics,3281.37,4,0,0,0
1022,P037,Electronics,3281.37,6,0,0,8
1139,P067,Electronics,737.99,7,1,1,9
1006,P029,Stationery,604.58,1,0,0,10
1137,P063,Home,3080.28,2,1,0,2
1079,P038,Books,718.93,3,1,0,6
1125,P010,Fitness,2770.64,9,0,0,13
1120,P032,Books,485.18,15,3,0,5
1038,P057,Home,2818.36,10,0,0,8
1037,P014,Books,504.47,11,1,0,2
1080,P049,Electronics,1744.32,2,0,0,1
1174,P051,Home,2867.98,7,0,0,4
1169,P067,Electronics,737.99,0,0,0,9
1087,P072,Accessories,1934.92,0,0,1,14
1025,P067,Electronics,737.99,3,0,0,9
1086,P070,Fitness,2640.88,5,0,0,6
1010,P015,Home,2456.51,2,0,0,5
1081,P039,Home,1725.83,0,0,0,1
1115,P016,Fitness,2659.54,0,0,0,13
1015,P034,Fitness,2273.57,5,0,0,12
1017,P018,Accessories,475.09,2,1,0,12
1104,P012,Accessories,265.26,6,0,1,5
1126,P027,Home,1914.45,6,0,0,0
1035,P022,Fitness,1891.11,12,2,0,9
1097,P036,Accessories,760.81,6,0,0,17
1145,P047,Stationery,171.82,6,0,1,17
1167,P054,Accessories,659.65,5,0,0,4
1093,P052,Fitness,2479.62,7,1,0,0
1149,P042,Accessories,1972.06,11,3,1,9
1173,P011,Stationery,485.47,8,0,0,16
1091,P044,Books,713.75,4,0,0,14
1047,P009,Home,2296.2,4,0,0,3
1003,P025,Electronics,2901.54,4,0,0,0
1130,P037,Electronics,3281.37,11,0,0,16
1061,P025,Electronics,2901.54,1,1,1,13
1112,P022,Fitness,1891.11,7,0,0,11
1046,P057,Home,2818.36,9,0,0,14
1109,P026,Books,474.39,6,1,0,17
1124,P027,Home,1914.45,18,0,0,9
1175,P049,Electronics,1744.32,7,0,0,18
1049,P045,Home,2987.24,4,0,1,2
1162,P067,Electronics,737.99,7,2,0,2
1115,P024,Accessories,647.01,6,2,0,13
1090,P054,Accessories,659.65,5,1,0,18
1071,P054,Accessories,659.65,12,2,0,7
1139,P068,Books,876.08,7,1,0,9
1031,P055,Electronics,1535.83,10,1,0,7
1097,P068,Books,876.08,7,0,0,17
1107,P030,Accessories,429.98,3,0,0,3
1115,P071,Stationery,577.39,8,0,0,13
1071,P062,Books,1040.4,6,0,0,7
1093,P002,Books,1043.27,0,0,0,0
1167,P017,Stationery,163.26,3,0,0,4
1061,P063,Home,3080.28,1,0,0,13
1036,P045,Home,2987.24,5,0,1,4
1036,P011,Stationery,485.47,1,0,0,4
1132,P034,Fitness,2273.57,3,1,1,13
1176,P045,Home,2987.24,3,0,0,11
1027,P057,Home,2818.36,12,2,0,14
1163,P063,Home,3080.28,1,0,0,12
1139,P029,Stationery,604.58,4,0,0,9
1125,P043,Electronics,3858.95,0,0,0,13
1064,P004,Fitness,2522.32,1,0,1,7
1025,P008,Books,848.01,4,0,0,9
1166,P007,Electronics,3609.79,17,3,1,12
1159,P038,Books,718.93,9,1,0,17
1049,P013,Electronics,3550.72,9,0,0,2
1151,P040,Fitness,522.24,6,0,0,16
1057,P003,Home,3130.68,4,1,0,16
1055,P012,Accessories,265.26,11,1,0,4
1115,P032,Books,485.18,16,3,0,13
1004,P009,Home,2296.2,9,0,1,18
1172,P059,Stationery,331.95,2,1,0,3
1140,P036,Accessories,760.81,2,0,0,13
1131,P010,Fitness,2770.64,3,0,0,16
1117,P065,Stationery,582.68,4,0,1,15
1018,P060,Accessories,1460.29,0,0,0,14
1068,P028,Fitness,2582.27,4,1,0,16
1064,P037,Electronics,3281.37,2,0,0,7
1146,P048,Accessories,498.52,1,0,0,15
1069,P024,Accessories,647.01,0,0,0,12
1107,P033,Home,410.99,0,0,0,3
1009,P025,Electronics,2901.54,6,1,0,15
1162,P022,Fitness,1891.11,7,0,1,2
1013,P003,Home,3130.68,5,0,1,10
1018,P050,Books,1014.13,7,0,0,14
1076,P048,Accessories,498.52,1,0,0,12
1133,P029,Stationery,604.58,10,2,0,0
1017,P011,Stationery,485.47,4,0,0,12
1152,P049,Electronics,1744.32,14,2,0,11
1008,P008,Books,848.01,4,0,0,12
1083,P046,Fitness,1839.77,10,1,1,1
1134,P067,Electronics,737.99,1,0,0,8
1080,P013,Electronics,3550.72,0,0,0,1
1058,P070,Fitness,2640.88,10,0,0,6
1176,P038,Books,718.93,4,1,0,11
1134,P036,Accessories,760.81,1,0,0,8
1026,P058,Fitness,2533.51,16,3,0,17
1015,P062,Books,1040.4,4,1,0,12
1105,P047,Stationery,171.82,7,0,0,2
1054,P046,Fitness,1839.77,8,0,0,9
1179,P050,Books,1014.13,4,1,0,13
1165,P042,Accessories,1972.06,5,0,1,13
1103,P011,Stationery,485.47,2,1,1,15
1007,P033,Home,410.99,7,0,0,17
1032,P046,Fitness,1839.77,2,0,0,12
1041,P019,Electronics,1029.98,0,0,0,13
1151,P043,Electronics,3858.95,3,0,0,16
1061,P026,Books,474.39,5,0,0,13
1107,P052,Fitness,2479.62,1,0,0,3
1084,P056,Books,337.37,16,3,1,5
1101,P039,Home,1725.83,10,0,0,18
1177,P063,Home,3080.28,6,0,0,11
1074,P014,Books,504.47,4,1,0,9
1044,P010,Fitness,2770.64,2,0,0,13
1161,P044,Books,713.75,7,0,0,15
1020,P016,Fitness,2659.54,3,0,0,4
1006,P025,Electronics,2901.54,14,0,0,10
1131,P012,Accessories,265.26,8,1,0,16
1056,P015,Home,2456.51,7,0,0,7
1093,P042,Accessories,1972.06,3,1,0,0
1176,P064,Fitness,2745.27,1,0,0,11
1148,P070,Fitness,2640.88,10,0,0,16
1051,P042,Accessories,1972.06,1,0,0,18
1056,P033,Home,410.99,7,0,0,7
1161,P054,Accessories,659.65,9,0,0,15
1080,P043,Electronics,3858.95,3,0,0,1
1042,P038,Books,718.93,11,2,1,18
1111,P031,Electronics,2153.69,0,0,0,15
1084,P069,Home,1429.77,3,0,0,5
1141,P054,Accessories,659.65,5,0,0,14
1166,P023,Stationery,524.92,5,1,1,12
1171,P041,Stationery,126.65,4,1,0,2
1177,P023,Stationery,524.92,4,0,0,11
1005,P036,Accessories,760.81,12,1,0,18
1003,P022,Fitness,1891.11,4,0,0,0
1122,P049,Electronics,1744.32,9,2,1,1
1155,P051,Home,2867.98,1,1,1,5
1015,P005,Stationery,309.11,1,0,0,12
1084,P065,Stationery,582.68,4,1,0,5
1026,P072,Accessories,1934.92,2,0,0,17
1169,P060,Accessories,1460.29,12,2,1,9
1088,P002,Books,1043.27,3,0,0,12
1102,P060,Accessories,1460.29,0,0,0,14
1160,P022,Fitness,1891.11,7,2,1,5
1011,P049,Electronics,1744.32,13,1,1,1
1056,P068,Books,876.08,6,0,0,7
1169,P004,Fitness,2522.32,0,0,0,9
1013,P053,Stationery,637.33,2,0,0,10
1141,P050,Books,1014.13,6,0,0,14
1102,P070,Fitness,2640.88,6,1,0,14
1157,P050,Books,1014.13,2,0,0,9
1160,P021,Home,1244.28,3,0,0,5
1166,P047,Stationery,171.82,1,0,1,12
1088,P014,Books,504.47,1,0,0,12
1165,P021,Home,1244.28,5,0,0,13
1078,P029,Stationery,604.58,13,1,1,16
1042,P037,Electronics,3281.37,4,0,0,18
1142,P033,Home,410.99,5,0,0,11
1125,P028,Fitness,2582.27,11,3,1,13
1041,P067,Electronics,737.99,4,0,0,13
1151,P002,Books,1043.27,7,1,0,16
1129,P058,Fitness,2533.51,4,0,0,7
1145,P018,Accessories,475.09,6,0,0,17
1106,P030,Accessories,429.98,3,0,1,17
1094,P022,Fitness,1891.11,9,0,0,15
1035,P056,Books,337.37,7,0,0,9
1029,P045,Home,2987.24,16,2,0,10
1177,P043,Electronics,3858.95,3,0,0,11
1074,P025,Electronics,2901.54,14,4,0,9
1034,P005,Stationery,309.11,0,0,0,2
1066,P028,Fitness,2582.27,10,1,0,5
1178,P038,Books,718.93,0,0,0,11
1071,P030,Accessories,429.98,12,2,0,7
1094,P036,Accessories,760.81,1,0,0,15
1119,P047,Stationery,171.82,13,2,0,3
1067,P039,Home,1725.83,0,0,0,6
1157,P008,Books,848.01,0,0,1,9
1136,P039,Home,1725.83,3,0,1,9
1147,P032,Books,485.18,5,3,0,13
1179,P053,Stationery,637.33,3,1,0,13
1102,P013,Electronics,3550.72,5,0,0,14
1004,P038,Books,718.93,13,1,1,18
1144,P051,Home,2867.98,2,0,0,15
1166,P027,Home,1914.45,3,0,0,12
1069,P067,Electronics,737.99,2,0,0,12
1055,P001,Electronics,1591.46,2,0,0,4
1087,P030,Accessories,429.98,4,1,1,14
1160,P046,Fitness,1839.77,0,0,0,5
1086,P064,Fitness,2745.27,3,0,0,6
1044,P005,Stationery,309.11,5,0,1,13
1167,P034,Fitness,2273.57,7,0,0,4
1103,P059,Stationery,331.95,5,0,0,15
1122,P050,Books,1014.13,7,0,0,1
1112,P045,Home,2987.24,5,0,0,11
1042,P056,Books,337.37,8,2,1,18
1165,P010,Fitness,2770.64,3,0,0,13
1100,P044,Books,713.75,7,1,0,14
1096,P005,Stationery,309.11,3,0,1,7
1101,P070,Fitness,2640.88,5,1,1,18
1082,P055,Electronics,1535.83,4,0,0,14
1098,P042,Accessories,1972.06,2,0,0,4
1050,P068,Books,876.08,5,0,0,12
1093,P010,Fitness,2770.64,3,0,0,0
1171,P046,Fitness,1839.77,6,0,0,2
1151,P003,Home,3130.68,10,1,1,16
1069,P048,Accessories,498.52,0,0,0,12
1138,P068,Books,876.08,2,0,0,18
1011,P021,Home,1244.28,7,0,0,1
1068,P061,Electronics,1198.66,4,0,0,16
1154,P019,Electronics,1029.98,13,1,0,6
1142,P057,Home,2818.36,2,0,0,11
1062,P040,Fitness,522.24,1,0,0,10
1173,P035,Stationery,475.01,3,0,0,16
1031,P061,Electronics,1198.66,12,0,0,7
1030,P051,Home,2867.98,2,0,0,14
1035,P047,Stationery,171.82,7,0,0,9
1169,P002,Books,1043.27,3,0,0,9
1116,P027,Home,1914.45,3,0,0,4
1126,P057,Home,2818.36,0,0,0,0
1140,P010,Fitness,2770.64,0,0,0,13
1007,P061,Electronics,1198.66,8,1,0,17
1058,P023,Stationery,524.92,9,0,0,6
1091,P007,Electronics,3609.79,3,1,1,14
1063,P034,Fitness,2273.57,3,0,0,10
1028,P028,Fitness,2582.27,7,0,0,2
1161,P070,Fitness,2640.88,0,0,0,15
1172,P021,Home,1244.28,8,0,0,3
1053,P028,Fitness,2582.27,6,0,0,1
1143,P061,Electronics,1198.66,4,1,0,15
1072,P005,Stationery,309.11,8,0,0,4
1148,P065,Stationery,582.68,3,0,1,16
1146,P040,Fitness,522.24,0,0,0,15
1066,P012,Accessories,265.26,4,0,0,5
1088,P034,Fitness,2273.57,10,1,0,12
1035,P071,Stationery,577.39,3,0,0,9
1091,P061,Electronics,1198.66,7,1,0,14
1057,P007,Electronics,3609.79,4,0,0,16
1041,P021,Home,1244.28,5,0,0,13
1030,P054,Accessories,659.65,7,0,0,14
1168,P039,Home,1725.83,5,1,0,16
1096,P007,Electronics,3609.79,4,0,0,7
1101,P008,Books,848.01,8,0,0,18
1140,P033,Home,410.99,5,0,0,13
1039,P019,Electronics,1029.98,9,1,0,12
1152,P063,Home,3080.28,5,1,0,11
1069,P023,Stationery,524.92,14,0,0,12
1063,P056,Books,337.37,2,1,1,10
1035,P042,Accessories,1972.06,6,0,0,9
1018,P049,Electronics,1744.32,7,0,0,14
1067,P034,Fitness,2273.57,11,2,0,6
1001,P001,Electronics,1591.46,6,0,0,7
1061,P070,Fitness,2640.88,10,1,1,13
1119,P066,Accessories,1968.76,0,0,0,3
1176,P060,Accessories,1460.29,6,1,0,11
1032,P069,Home,1429.77,14,0,0,12
1159,P017,Stationery,163.26,12,2,0,17
1167,P041,Stationery,126.65,7,0,0,4
1110,P032,Books,485.18,5,1,1,11
1140,P054,Accessories,659.65,0,0,0,13
1133,P024,Accessories,647.01,4,0,0,0
1106,P036,Accessories,760.81,6,0,0,17
1113,P031,Electronics,2153.69,15,0,0,4
1063,P030,Accessories,429.98,5,0,1,10
1098,P005,Stationery,309.11,12,1,0,4
1117,P020,Books,720.24,10,3,1,15
1011,P037,Electronics,3281.37,14,1,0,1
1097,P049,Electronics,1744.32,6,0,0,17
1058,P061,Electronics,1198.66,3,1,1,6
1144,P022,Fitness,1891.11,3,0,1,15
1092,P053,Stationery,637.33,4,0,0,7
1048,P041,Stationery,126.65,0,0,0,15
1011,P042,Accessories,1972.06,7,1,0,1
1025,P032,Books,485.18,3,0,0,9
1099,P039,Home,1725.83,0,0,1,16
1111,P033,Home,410.99,4,2,1,15
1140,P070,Fitness,2640.88,4,0,0,13
1143,P006,Accessories,557.61,4,0,1,15
1158,P026,Books,474.39,8,1,1,6
1164,P053,Stationery,637.33,10,2,1,1
1032,P027,Home,1914.45,13,2,0,12
1179,P002,Books,1043.27,1,0,0,13
1155,P067,Electronics,737.99,12,0,0,5
1160,P037,Electronics,3281.37,4,0,0,5
1092,P033,Home,410.99,0,0,0,7
1027,P023,Stationery,524.92,12,0,0,14
1032,P003,Home,3130.68,11,2,0,12
1150,P065,Stationery,582.68,4,1,1,1
1143,P050,Books,1014.13,0,0,0,15
1137,P007,Electronics,3609.79,7,1,0,2
1029,P002,Books,1043.27,2,0,0,10
1028,P048,Accessories,498.52,13,5,0,2
1067,P046,Fitness,1839.77,8,2,0,6
1164,P038,Books,718.93,9,1,0,1
1076,P015,Home,2456.51,3,0,0,12
1134,P059,Stationery,331.95,3,0,0,8
1153,P056,Books,337.37,9,0,0,2
1039,P036,Accessories,760.81,4,1,1,12
1008,P051,Home,2867.98,1,0,0,12
1078,P013,Electronics,3550.72,5,2,1,16
1072,P023,Stationery,524.92,4,0,0,4
1046,P002,Books,1043.27,3,1,0,14
1126,P062,Books,1040.4,0,0,0,0
1050,P040,Fitness,522.24,1,0,0,12
1018,P067,Electronics,737.99,4,0,1,14
1007,P031,Electronics,2153.69,9,2,0,17
1049,P056,Books,337.37,0,0,0,2
1089,P051,Home,2867.98,11,0,0,17
1151,P025,Electronics,2901.54,6,1,0,16
1094,P006,Accessories,557.61,6,1,1,15
1032,P016,Fitness,2659.54,2,0,0,12
1122,P047,Stationery,171.82,4,1,0,1
1042,P031,Electronics,2153.69,1,0,1,18
1011,P031,Electronics,2153.69,10,1,0,1
1180,P011,Stationery,485.47,9,2,0,2
1071,P069,Home,1429.77,3,0,0,7
1134,P037,Electronics,3281.37,2,1,1,8
1027,P004,Fitness,2522.32,7,0,0,14
1163,P057,Home,2818.36,2,0,0,12
1006,P061,Electronics,1198.66,12,2,0,10
1002,P019,Electronics,1029.98,7,0,0,4
1100,P021,Home,1244.28,5,0,1,14
1147,P003,Home,3130.68,14,1,0,13
1062,P056,Books,337.37,7,3,1,10
1050,P037,Electronics,3281.37,6,0,0,12
1094,P026,Books,474.39,6,0,0,15
1035,P026,Books,474.39,4,0,0,9
1095,P018,Accessories,475.09,13,2,0,18
1144,P012,Accessories,265.26,3,0,0,15
1009,P029,Stationery,604.58,0,0,0,15
1085,P051,Home,2867.98,7,0,0,4
1112,P042,Accessories,1972.06,5,0,0,11
1072,P002,Books,1043.27,4,0,0,4
1081,P045,Home,2987.24,4,0,0,1
1009,P038,Books,718.93,14,1,1,15
1163,P027,Home,1914.45,0,0,0,12
1174,P020,Books,720.24,5,0,0,4
1004,P049,Electronics,1744.32,8,0,0,18
1092,P061,Electronics,1198.66,9,0,1,7
1151,P017,Stationery,163.26,1,0,0,16
1121,P034,Fitness,2273.57,9,2,0,4
1171,P034,Fitness,2273.57,4,0,0,2
1050,P072,Accessories,1934.92,3,0,0,12
1014,P030,Accessories,429.98,14,2,0,13
1116,P009,Home,2296.2,3,1,1,4
1089,P026,Books,474.39,14,3,0,17
1158,P042,Accessories,1972.06,0,0,0,6
1157,P063,Home,3080.28,7,0,1,9
1162,P016,Fitness,2659.54,12,2,0,2
1119,P026,Books,474.39,1,0,0,3
1096,P061,Electronics,1198.66,3,1,1,7
1089,P045,Home,2987.24,6,1,1,17
1169,P040,Fitness,522.24,3,0,0,9
1039,P066,Accessories,1968.76,8,0,0,12
1100,P057,Home,2818.36,4,0,0,14
1107,P034,Fitness,2273.57,2,0,0,3
1096,P032,Books,485.18,5,1,0,7
1050,P031,Electronics,2153.69,2,0,0,12
1040,P016,Fitness,2659.54,2,0,0,1
1019,P022,Fitness,1891.11,2,0,0,1
1023,P036,Accessories,760.81,6,0,0,14
1080,P054,Accessories,659.65,12,1,0,1
1141,P042,Accessories,1972.06,5,1,1,14
1080,P002,Books,1043.27,0,0,0,1
1024,P014,Books,504.47,0,0,0,8
1092,P039,Home,1725.83,2,0,0,7
1135,P011,Stationery,485.47,3,0,0,7
1154,P059,Stationery,331.95,0,0,0,6
1089,P066,Accessories,1968.76,0,0,0,17
1020,P007,Electronics,3609.79,7,0,0,4
1088,P038,Books,718.93,4,0,0,12
1042,P021,Home,1244.28,0,0,0,18
1058,P022,Fitness,1891.11,15,4,0,6
1028,P017,Stationery,163.26,10,0,0,2
1113,P001,Electronics,1591.46,5,0,0,4
1062,P047,Stationery,171.82,1,0,1,10
1140,P002,Books,1043.27,9,0,1,13
1051,P058,Fitness,2533.51,6,0,0,18
1111,P063,Home,3080.28,1,0,0,15
1025,P058,Fitness,2533.51,7,1,0,9
1076,P060,Accessories,1460.29,2,1,0,12
1119,P020,Books,720.24,6,0,0,3
1119,P006,Accessories,557.61,5,2,0,3
1091,P042,Accessories,1972.06,3,0,1,14
1160,P005,Stationery,309.11,3,0,0,5
1058,P042,Accessories,1972.06,7,1,0,6
1140,P057,Home,2818.36,8,1,0,13
1147,P022,Fitness,1891.11,4,0,0,13
1135,P033,Home,410.99,4,0,0,7
1165,P013,Electronics,3550.72,7,0,0,13
1031,P064,Fitness,2745.27,7,1,0,7
1024,P032,Books,485.18,4,0,0,8
1004,P050,Books,1014.13,14,2,0,18
1132,P004,Fitness,2522.32,7,0,0,13
1068,P039,Home,1725.83,6,0,0,16
1136,P056,Books,337.37,1,0,0,9
1166,P028,Fitness,2582.27,6,1,1,12
1057,P050,Books,1014.13,6,1,0,16
1108,P027,Home,1914.45,1,0,0,14
1149,P014,Books,504.47,4,0,0,9
1179,P021,Home,1244.28,0,0,0,13
1130,P052,Fitness,2479.62,4,1,0,16
1129,P008,Books,848.01,2,0,0,7
1015,P015,Home,2456.51,18,2,1,12
1139,P043,Electronics,3858.95,18,1,0,9
1096,P010,Fitness,2770.64,0,0,0,7
1081,P056,Books,337.37,5,0,0,1
1066,P068,Books,876.08,8,0,0,5
1173,P043,Electronics,3858.95,3,1,0,16
1140,P043,Electronics,3858.95,5,0,0,13
1112,P044,Books,713.75,10,1,0,11
1007,P017,Stationery,163.26,0,0,0,17
1126,P016,Fitness,2659.54,8,1,0,0
1005,P060,Accessories,1460.29,12,2,1,18
1021,P047,Stationery,171.82,4,0,0,15
1137,P044,Books,713.75,6,1,0,2
1114,P021,Home,1244.28,0,0,0,3
1020,P069,Home,1429.77,3,0,1,4
1037,P030,Accessories,429.98,3,1,0,2
1175,P023,Stationery,524.92,2,0,1,18
1014,P036,Accessories,760.81,4,1,1,13
1006,P063,Home,3080.28,3,0,1,10
1136,P023,Stationery,524.92,4,0,1,9
1161,P027,Home,1914.45,2,0,0,15
1047,P051,Home,2867.98,7,1,0,3
1063,P068,Books,876.08,0,0,0,10
1072,P001,Electronics,1591.46,1,0,0,4
1117,P026,Books,474.39,8,0,0,15
1016,P066,Accessories,1968.76,4,0,0,6
1136,P016,Fitness,2659.54,6,1,0,9
1146,P020,Books,720.24,5,0,0,15
1084,P037,Electronics,3281.37,5,0,1,5
1067,P025,Electronics,2901.54,2,0,0,6
1173,P040,Fitness,522.24,11,0,0,16
1065,P045,Home,2987.24,5,0,1,15
1009,P021,Home,1244.28,9,0,0,15
1070,P028,Fitness,2582.27,1,0,1,3
1025,P038,Books,718.93,7,0,0,9
1098,P050,Books,1014.13,0,0,0,4
1123,P061,Electronics,1198.66,0,0,0,4
1102,P020,Books,720.24,2,1,1,14
1086,P041,Stationery,126.65,12,3,0,6
1002,P050,Books,1014.13,4,0,0,4
1135,P036,Accessories,760.81,3,1,0,7
1161,P001,Electronics,1591.46,10,0,0,15
1018,P032,Books,485.18,11,2,1,14
1053,P019,Electronics,1029.98,5,1,0,1
1135,P068,Books,876.08,5,0,0,7
1056,P065,Stationery,582.68,15,2,1,7
1020,P004,Fitness,2522.32,3,0,0,4
1063,P022,Fitness,1891.11,3,0,0,10
1122,P036,Accessories,760.81,5,0,0,1
1154,P065,Stationery,582.68,2,1,1,6
1030,P044,Books,713.75,13,0,0,14
1152,P062,Books,1040.4,3,0,0,11
1113,P055,Electronics,1535.83,12,2,0,4
1039,P024,Accessories,647.01,10,2,0,12
1050,P015,Home,2456.51,9,0,1,12
1038,P005,Stationery,309.11,0,0,0,8
1123,P052,Fitness,2479.62,7,2,0,4
1101,P045,Home,2987.24,5,1,1,18
1150,P057,Home,2818.36,0,0,0,1
1158,P039,Home,1725.83,2,0,0,6
1158,P005,Stationery,309.11,4,1,0,6
1100,P032,Books,485.18,4,0,0,14
1093,P064,Fitness,2745.27,6,2,1,0
1066,P038,Books,718.93,1,0,0,5
1158,P020,Books,720.24,10,0,0,6
1139,P064,Fitness,2745.27,0,0,0,9
1154,P035,Stationery,475.01,4,0,0,6
1028,P043,Electronics,3858.95,3,0,0,2
1053,P010,Fitness,2770.64,4,0,0,1
1119,P014,Books,504.47,2,0,0,3
1151,P007,Electronics,3609.79,1,0,0,16
1019,P062,Books,1040.4,4,0,1,1
1073,P058,Fitness,2533.51,6,1,0,0
1159,P015,Home,2456.51,4,0,0,17
1180,P052,Fitness,2479.62,0,0,0,2
1036,P053,Stationery,637.33,4,0,0,4
1009,P015,Home,2456.51,0,0,0,15
1096,P054,Accessories,659.65,1,0,0,7
1132,P011,Stationery,485.47,12,2,0,13
1117,P048,Accessories,498.52,3,0,1,15
1133,P034,Fitness,2273.57,1,0,0,0
1036,P034,Fitness,2273.57,8,0,1,4
1058,P012,Accessories,265.26,6,2,1,6
1080,P060,Accessories,1460.29,14,1,0,1
1166,P016,Fitness,2659.54,4,0,0,12
1078,P002,Books,1043.27,11,3,1,16
1028,P059,Stationery,331.95,8,1,0,2
1116,P003,Home,3130.68,2,0,0,4
1110,P006,Accessories,557.61,3,0,1,11
1065,P019,Electronics,1029.98,0,0,0,15
1034,P045,Home,2987.24,10,0,0,2
1091,P023,Stationery,524.92,12,2,0,14
1117,P053,Stationery,637.33,1,0,0,15
1121,P011,Stationery,485.47,2,0,0,4
1083,P040,Fitness,522.24,6,1,0,1
1107,P025,Electronics,2901.54,11,2,0,3
1006,P015,Home,2456.51,2,0,0,10
1016,P045,Home,2987.24,2,0,0,6
1022,P010,Fitness,2770.64,0,0,0,8
1056,P049,Electronics,1744.32,2,1,1,7
1019,P015,Home,2456.51,12,2,1,1
1131,P072,Accessories,1934.92,3,0,0,16
1124,P025,Electronics,2901.54,7,0,0,9
1162,P037,Electronics,3281.37,6,0,0,2
1167,P052,Fitness,2479.62,2,0,0,4
1127,P036,Accessories,760.81,7,4,1,14
1054,P072,Accessories,1934.92,0,0,0,9
1070,P030,Accessories,429.98,8,1,0,3
1009,P056,Books,337.37,14,0,0,15
1136,P060,Accessories,1460.29,8,2,0,9
1168,P028,Fitness,2582.27,8,1,0,16
1029,P060,Accessories,1460.29,6,0,0,10
1014,P050,Books,1014.13,6,0,1,13
1043,P020,Books,720.24,5,0,0,15
1169,P068,Books,876.08,1,0,0,9
1144,P054,Accessories,659.65,6,0,0,15
1126,P047,Stationery,171.82,9,1,0,0
1017,P046,Fitness,1839.77,4,0,1,12
1055,P041,Stationery,126.65,3,0,0,4
1067,P065,Stationery,582.68,7,1,0,6
1081,P066,Accessories,1968.76,11,2,1,1
1145,P049,Electronics,1744.32,14,1,0,17
1148,P005,Stationery,309.11,8,0,1,16
1039,P047,Stationery,171.82,2,0,0,12
1159,P006,Accessories,557.61,1,0,0,17
1101,P049,Electronics,1744.32,3,0,0,18
1128,P019,Electronics,1029.98,13,2,0,6
1142,P053,Stationery,637.33,6,1,0,11
1119,P004,Fitness,2522.32,4,0,0,3
1064,P059,Stationery,331.95,5,0,0,7
1048,P055,Electronics,1535.83,0,0,0,15
1125,P061,Electronics,1198.66,6,2,0,13
1058,P058,Fitness,2533.51,10,0,0,6
1056,P039,Home,1725.83,4,0,0,7
1177,P059,Stationery,331.95,1,0,0,11
1054,P014,Books,504.47,10,1,0,9
1110,P068,Books,876.08,5,0,1,11
1007,P012,Accessories,265.26,5,0,1,17
1166,P063,Home,3080.28,3,0,0,12
1136,P024,Accessories,647.01,0,0,0,9
1095,P009,Home,2296.2,0,0,0,18
1137,P051,Home,2867.98,9,0,0,2
1044,P046,Fitness,1839.77,1,0,0,13
1123,P012,Accessories,265.26,9,2,0,4
1114,P058,Fitness,2533.51,0,0,0,3
1126,P040,Fitness,522.24,3,0,0,0
1011,P064,Fitness,2745.27,0,0,0,1
1053,P051,Home,2867.98,3,0,1,1
1065,P005,Stationery,309.11,3,0,0,15
1040,P031,Electronics,2153.69,0,0,0,1
1110,P030,Accessories,429.98,4,0,0,11
1050,P003,Home,3130.68,9,0,0,12
1161,P010,Fitness,2770.64,4,0,1,15
1127,P061,Electronics,1198.66,7,1,1,14
1118,P069,Home,1429.77,4,0,0,9
1175,P044,Books,713.75,0,0,0,18
1177,P067,Electronics,737.99,1,0,0,11
1131,P042,Accessories,1972.06,3,0,1,16
1081,P004,Fitness,2522.32,4,1,0,1
1040,P017,Stationery,163.26,15,4,0,1
1175,P033,Home,410.99,3,0,0,18
1079,P015,Home,2456.51,0,0,0,6
1014,P025,Electronics,2901.54,3,0,1,13
1134,P011,Stationery,485.47,3,0,0,8
1099,P062,Books,1040.4,8,0,1,16
1170,P004,Fitness,2522.32,5,2,1,16
1076,P064,Fitness,2745.27,14,1,0,12
1077,P009,Home,2296.2,9,1,0,8
1126,P056,Books,337.37,3,0,0,0
1139,P035,Stationery,475.01,4,1,1,9
1175,P057,Home,2818.36,8,0,1,18
1168,P068,Books,876.08,0,0,0,16
1154,P045,Home,2987.24,1,0,0,6
1006,P004,Fitness,2522.32,0,0,0,10
1173,P047,Stationery,171.82,0,0,1,16
1023,P057,Home,2818.36,13,3,1,14
1084,P043,Electronics,3858.95,7,1,0,5
1117,P068,Books,876.08,6,1,1,15
1056,P037,Electronics,3281.37,10,2,0,7
1163,P041,Stationery,126.65,2,0,0,12
1009,P048,Accessories,498.52,4,0,0,15
1021,P005,Stationery,309.11,2,0,0,15
1080,P055,Electronics,1535.83,7,0,0,1
1048,P012,Accessories,265.26,3,0,0,15
1173,P051,Home,2867.98,3,1,1,16
1071,P001,Electronics,1591.46,10,0,0,7
1126,P006,Accessories,557.61,12,1,0,0
1011,P050,Books,1014.13,11,0,0,1
1129,P042,Accessories,1972.06,9,1,0,7
1069,P008,Books,848.01,4,1,0,12
1001,P047,Stationery,171.82,0,0,0,7
1086,P009,Home,2296.2,7,0,0,6
1011,P056,Books,337.37,4,0,0,1
1028,P014,Books,504.47,3,0,0,2
1167,P003,Home,3130.68,0,0,0,4
1048,P060,Accessories,1460.29,2,0,0,15
1111,P020,Books,720.24,4,0,0,15
1123,P017,Stationery,163.26,4,0,0,4
1053,P021,Home,1244.28,1,0,0,1
1055,P042,Accessories,1972.06,13,2,0,4
1174,P025,Electronics,2901.54,5,1,0,4
1110,P046,Fitness,1839.77,6,0,1,11
1030,P034,Fitness,2273.57,0,0,0,14
1133,P054,Accessories,659.65,4,1,0,0
1016,P002,Books,1043.27,11,1,0,6
1127,P070,Fitness,2640.88,11,0,0,14
1014,P020,Books,720.24,3,0,0,13
1046,P011,Stationery,485.47,0,0,0,14
1153,P014,Books,504.47,3,0,0,2
1100,P004,Fitness,2522.32,4,0,0,14
1042,P060,Accessories,1460.29,5,0,1,18
1063,P065,Stationery,582.68,0,0,0,10
1094,P057,Home,2818.36,7,0,0,15
1109,P030,Accessories,429.98,0,0,0,17
1113,P045,Home,2987.24,3,1,1,4
1036,P047,Stationery,171.82,7,0,0,4
1080,P050,Books,1014.13,4,0,0,1
1054,P018,Accessories,475.09,1,1,1,9
1092,P027,Home,1914.45,2,0,0,7
1055,P021,Home,1244.28,0,0,1,4
1027,P071,Stationery,577.39,13,1,1,14
1002,P023,Stationery,524.92,4,0,0,4
1128,P026,Books,474.39,0,0,0,6
1069,P020,Books,720.24,1,0,1,12
1053,P060,Accessories,1460.29,5,1,1,1
1095,P033,Home,410.99,0,0,1,18
1002,P003,Home,3130.68,4,2,1,4
1038,P030,Accessories,429.98,12,1,0,8
1157,P041,Stationery,126.65,8,0,0,9
1090,P001,Electronics,1591.46,9,1,0,18
1095,P027,Home,1914.45,3,0,0,18
1013,P041,Stationery,126.65,1,0,0,10
1050,P062,Books,1040.4,2,0,0,12
1021,P054,Accessories,659.65,5,0,0,15
1043,P047,Stationery,171.82,4,0,0,15
1096,P067,Electronics,737.99,2,0,0,7
1005,P022,Fitness,1891.11,6,1,1,18
1016,P039,Home,1725.83,4,0,0,6
1155,P054,Accessories,659.65,2,1,1,5
1003,P035,Stationery,475.01,9,0,1,0
1046,P020,Books,720.24,0,0,0,14
1141,P060,Accessories,1460.29,3,0,0,14
1057,P045,Home,2987.24,2,0,0,16
1086,P026,Books,474.39,5,1,0,6
1075,P022,Fitness,1891.11,13,0,0,8
1041,P059,Stationery,331.95,8,1,0,13
1167,P039,Home,1725.83,4,1,0,4
1107,P056,Books,337.37,6,0,0,3
1134,P055,Electronics,1535.83,6,1,0,8
1043,P015,Home,2456.51,6,1,0,15
1173,P049,Electronics,1744.32,0,0,0,16
1133,P062,Books,1040.4,13,2,0,0
1019,P042,Accessories,1972.06,2,0,0,1
1150,P038,Books,718.93,18,3,0,1
1115,P035,Stationery,475.01,3,0,0,13
1167,P009,Home,2296.2,0,0,0,4
1159,P041,Stationery,126.65,10,1,0,17
1065,P069,Home,1429.77,0,0,0,15
1145,P062,Books,1040.4,1,0,0,17
1040,P032,Books,485.18,3,0,1,1
1136,P034,Fitness,2273.57,7,0,1,9
1054,P054,Accessories,659.65,0,0,0,9
1137,P057,Home,2818.36,1,0,0,2
1078,P022,Fitness,1891.11,3,0,0,16
1151,P050,Books,1014.13,3,0,0,16
1161,P022,Fitness,1891.11,0,0,0,15
1148,P023,Stationery,524.92,11,2,1,16
1088,P009,Home,2296.2,6,1,0,12
1147,P025,Electronics,2901.54,5,0,1,13
1169,P057,Home,2818.36,8,3,0,9
1123,P041,Stationery,126.65,0,0,0,4
1087,P051,Home,2867.98,7,2,1,14
1070,P016,Fitness,2659.54,1,0,0,3
1015,P067,Electronics,737.99,8,1,0,12
1029,P034,Fitness,2273.57,9,0,0,10
1065,P055,Electronics,1535.83,0,0,0,15
1083,P072,Accessories,1934.92,0,0,1,1
1097,P057,Home,2818.36,12,3,1,17
1036,P057,Home,2818.36,4,1,0,4
1002,P058,Fitness,2533.51,6,1,0,4
1019,P039,Home,1725.83,12,1,0,1
1022,P049,Electronics,1744.32,3,0,0,8
1057,P044,Books,713.75,8,0,0,16
1165,P066,Accessories,1968.76,11,1,0,13
1009,P020,Books,720.24,10,3,1,15
1052,P043,Electronics,3858.95,5,0,0,7
1119,P055,Electronics,1535.83,4,0,0,3
1034,P060,Accessories,1460.29,8,2,0,2
1029,P035,Stationery,475.01,1,0,0,10
1091,P058,Fitness,2533.51,1,0,0,14
1116,P066,Accessories,1968.76,11,1,0,4
1114,P007,Electronics,3609.79,12,0,0,3
1033,P028,Fitness,2582.27,4,1,0,0
1030,P005,Stationery,309.11,3,1,1,14
1135,P061,Electronics,1198.66,4,0,0,7
1006,P032,Books,485.18,0,0,0,10
1155,P049,Electronics,1744.32,15,0,0,5
1107,P005,Stationery,309.11,4,0,0,3
1016,P032,Books,485.18,11,2,0,6
1057,P011,Stationery,485.47,12,2,0,16
1005,P013,Electronics,3550.72,0,0,0,18
1140,P012,Accessories,265.26,10,1,0,13
1148,P047,Stationery,171.82,3,0,0,16
1143,P022,Fitness,1891.11,6,0,0,15
1165,P064,Fitness,2745.27,1,0,0,13
1016,P017,Stationery,163.26,2,0,1,6
1037,P067,Electronics,737.99,0,0,0,2
1134,P072,Accessories,1934.92,5,0,0,8
1166,P068,Books,876.08,1,0,1,12
1148,P031,Electronics,2153.69,3,2,0,16
1004,P070,Fitness,2640.88,8,0,0,18
1048,P029,Stationery,604.58,6,1,0,15
1113,P047,Stationery,171.82,5,1,0,4
1168,P025,Electronics,2901.54,3,0,0,16
1129,P010,Fitness,2770.64,4,0,0,7
1002,P039,Home,1725.83,3,0,0,4
1112,P006,Accessories,557.61,2,0,0,11
1017,P027,Home,1914.45,7,0,0,12
1164,P018,Accessories,475.09,2,0,1,1
1045,P032,Books,485.18,11,2,1,1
1059,P066,Accessories,1968.76,6,0,0,1
1124,P017,Stationery,163.26,5,0,0,9
1144,P004,Fitness,2522.32,5,0,0,15
1035,P069,Home,1429.77,6,0,0,9
1150,P053,Stationery,637.33,6,1,0,1
1142,P045,Home,2987.24,0,0,0,11
1087,P019,Electronics,1029.98,11,1,1,14
1095,P054,Accessories,659.65,11,4,1,18
1018,P043,Electronics,3858.95,1,0,0,14
1145,P059,Stationery,331.95,10,1,0,17
1024,P054,Accessories,659.65,12,1,0,8
1082,P016,Fitness,2659.54,1,0,0,14
1093,P053,Stationery,637.33,7,0,0,0
1161,P047,Stationery,171.82,8,1,0,15
1156,P006,Accessories,557.61,3,0,0,2
1179,P055,Electronics,1535.83,13,1,1,13
1078,P046,Fitness,1839.77,1,0,0,16
1042,P023,Stationery,524.92,10,2,0,18
1034,P039,Home,1725.83,6,1,0,2
1002,P010,Fitness,2770.64,2,1,1,4
1139,P061,Electronics,1198.66,14,3,0,9
1068,P018,Accessories,475.09,5,0,0,16
1017,P020,Books,720.24,3,0,1,12
1163,P006,Accessories,557.61,5,0,0,12
1028,P040,Fitness,522.24,1,0,0,2
1168,P009,Home,2296.2,0,0,0,16
1113,P050,Books,1014.13,7,0,0,4
1156,P024,Accessories,647.01,0,0,0,2
1063,P066,Accessories,1968.76,4,0,0,10
1108,P018,Accessories,475.09,7,0,0,14
1179,P003,Home,3130.68,2,0,0,13
1053,P063,Home,3080.28,0,0,0,1
1118,P014,Books,504.47,13,0,1,9
1124,P053,Stationery,637.33,7,1,0,9
1147,P019,Electronics,1029.98,1,0,0,13
1155,P006,Accessories,557.61,1,0,0,5
1031,P033,Home,410.99,10,0,0,7
1169,P024,Accessories,647.01,8,0,0,9
1067,P051,Home,2867.98,3,1,1,6
1057,P067,Electronics,737.99,5,0,0,16
1037,P057,Home,2818.36,17,3,0,2
1045,P017,Stationery,163.26,2,0,0,1
1017,P028,Fitness,2582.27,8,0,1,12
1122,P068,Books,876.08,1,0,0,1
1080,P027,Home,1914.45,8,0,0,1
1132,P033,Home,410.99,2,0,0,13
1028,P049,Electronics,1744.32,0,0,0,2
1113,P020,Books,720.24,7,0,0,4
1148,P007,Electronics,3609.79,6,1,0,16
1066,P018,Accessories,475.09,6,1,0,5
1094,P059,Stationery,331.95,1,0,0,15
1146,P006,Accessories,557.61,2,0,0,15
1139,P007,Electronics,3609.79,9,1,1,9
1051,P010,Fitness,2770.64,4,0,0,18
1017,P006,Accessories,557.61,3,0,0,12
1046,P014,Books,504.47,2,0,0,14
1102,P040,Fitness,522.24,8,1,1,14
1113,P054,Accessories,659.65,2,0,1,4
1112,P036,Accessories,760.81,6,0,1,11
1072,P041,Stationery,126.65,3,1,0,4
1142,P056,Books,337.37,9,0,0,11
1041,P057,Home,2818.36,2,0,0,13
1097,P005,Stationery,309.11,0,0,0,17
1110,P004,Fitness,2522.32,1,0,0,11
1163,P029,Stationery,604.58,2,0,0,12
1098,P018,Accessories,475.09,5,0,0,4
1016,P041,Stationery,126.65,10,0,1,6
1149,P028,Fitness,2582.27,4,0,0,9
1034,P046,Fitness,1839.77,15,1,0,2
1119,P023,Stationery,524.92,12,1,0,3
1061,P006,Accessories,557.61,5,0,0,13
1154,P013,Electronics,3550.72,9,0,0,6
1136,P057,Home,2818.36,3,0,0,9
1148,P045,Home,2987.24,3,1,1,16
1100,P009,Home,2296.2,1,0,0,14
1048,P040,Fitness,522.24,10,0,0,15
1154,P001,Electronics,1591.46,13,1,0,6
1123,P066,Accessories,1968.76,8,2,0,4
1133,P040,Fitness,522.24,7,1,0,0
1039,P061,Electronics,1198.66,2,0,0,12
1045,P042,Accessories,1972.06,7,1,0,1
1095,P011,Stationery,485.47,4,1,1,18
1053,P005,Stationery,309.11,0,0,0,1
1110,P031,Electronics,2153.69,16,4,0,11
1093,P019,Electronics,1029.98,14,2,0,0
1011,P055,Electronics,1535.83,11,0,0,1
1083,P056,Books,337.37,13,0,1,1
1128,P061,Electronics,1198.66,9,0,1,6
1140,P068,Books,876.08,9,0,0,13
1060,P022,Fitness,1891.11,7,1,0,17
1008,P003,Home,3130.68,3,0,0,12
1118,P008,Books,848.01,13,2,0,9
1007,P011,Stationery,485.47,4,1,1,17
1106,P015,Home,2456.51,0,0,0,17
1159,P022,Fitness,1891.11,1,0,1,17
1055,P046,Fitness,1839.77,1,0,0,4
1021,P046,Fitness,1839.77,8,0,0,15
1094,P008,Books,848.01,11,1,0,15
1059,P056,Books,337.37,2,0,0,1
1128,P005,Stationery,309.11,11,2,1,6
1177,P027,Home,1914.45,5,0,0,11
1068,P062,Books,1040.4,7,0,0,16
1170,P038,Books,718.93,3,0,0,16
1005,P050,Books,1014.13,8,0,1,18
1091,P004,Fitness,2522.32,5,1,0,14
1094,P048,Accessories,498.52,6,1,1,15
1136,P066,Accessories,1968.76,8,1,0,9
1180,P009,Home,2296.2,0,0,0,2
1133,P070,Fitness,2640.88,0,0,0,0
1180,P067,Electronics,737.99,3,0,0,2
1049,P007,Electronics,3609.79,6,0,1,2
1061,P022,Fitness,1891.11,2,1,0,13
1152,P009,Home,2296.2,0,0,0,11
1173,P039,Home,1725.83,0,0,0,16
1082,P072,Accessories,1934.92,9,1,0,14
1036,P063,Home,3080.28,5,0,0,4
1101,P035,Stationery,475.01,0,0,0,18
1156,P017,Stationery,163.26,3,0,0,2
1030,P007,Electronics,3609.79,7,0,0,14
1175,P012,Accessories,265.26,7,0,0,18
1064,P022,Fitness,1891.11,1,0,0,7
1055,P014,Books,504.47,4,0,0,4
1065,P007,Electronics,3609.79,0,0,0,15
1097,P064,Fitness,2745.27,5,0,1,17
1085,P059,Stationery,331.95,14,1,0,4
1105,P028,Fitness,2582.27,0,0,0,2
1175,P039,Home,1725.83,8,1,0,18
1043,P034,Fitness,2273.57,15,2,0,15
1176,P071,Stationery,577.39,0,0,1,11
1114,P065,Stationery,582.68,4,0,0,3
1095,P068,Books,876.08,0,0,0,18
1026,P044,Books,713.75,1,0,0,17
1100,P001,Electronics,1591.46,10,0,1,14
1006,P062,Books,1040.4,5,0,1,10
1059,P071,Stationery,577.39,2,0,0,1
1105,P043,Electronics,3858.95,4,0,0,2
1074,P065,Stationery,582.68,0,0,0,9
1105,P024,Accessories,647.01,4,0,0,2
1147,P067,Electronics,737.99,0,0,1,13
1029,P040,Fitness,522.24,5,0,0,10
1151,P052,Fitness,2479.62,10,0,0,16
1082,P002,Books,1043.27,7,0,0,14
1064,P050,Books,1014.13,4,0,0,7
1025,P023,Stationery,524.92,9,0,0,9
1135,P054,Accessories,659.65,3,0,0,7
1123,P016,Fitness,2659.54,6,1,1,4
1014,P051,Home,2867.98,5,1,0,13
1126,P028,Fitness,2582.27,4,0,0,0
1038,P042,Accessories,1972.06,8,0,1,8
1101,P016,Fitness,2659.54,5,0,0,18
1024,P071,Stationery,577.39,0,0,0,8
1071,P021,Home,1244.28,5,0,0,7
1156,P069,Home,1429.77,1,1,1,2
1075,P034,Fitness,2273.57,12,1,1,8
1037,P051,Home,2867.98,10,1,0,2
1102,P071,Stationery,577.39,5,0,0,14
1087,P054,Accessories,659.65,4,0,0,14
1106,P016,Fitness,2659.54,5,0,0,17
1012,P041,Stationery,126.65,2,0,0,0
1142,P069,Home,1429.77,4,0,0,11
1008,P061,Electronics,1198.66,10,3,0,12
1029,P050,Books,1014.13,4,0,0,10
1030,P048,Accessories,498.52,5,1,1,14
1122,P017,Stationery,163.26,8,0,0,1
1153,P070,Fitness,2640.88,1,0,0,2
1041,P005,Stationery,309.11,13,3,1,13
1165,P001,Electronics,1591.46,3,0,0,13
1046,P001,Electronics,1591.46,12,1,0,14
1059,P057,Home,2818.36,3,0,0,1
1162,P069,Home,1429.77,7,0,0,2
1113,P003,Home,3130.68,7,0,0,4
1124,P044,Books,713.75,6,0,0,9
1101,P030,Accessories,429.98,11,2,0,18
1030,P022,Fitness,1891.11,3,1,0,14
1033,P054,Accessories,659.65,5,1,0,0
1170,P028,Fitness,2582.27,5,0,0,16
1116,P019,Electronics,1029.98,8,0,0,4
1080,P063,Home,3080.28,5,1,0,1
1158,P034,Fitness,2273.57,10,1,0,6
1032,P059,Stationery,331.95,5,0,0,12
1069,P055,Electronics,1535.83,8,0,0,12
1104,P061,Electronics,1198.66,9,1,0,5
1044,P064,Fitness,2745.27,1,0,0,13
1021,P035,Stationery,475.01,2,0,0,15
1149,P051,Home,2867.98,0,0,0,9
1062,P031,Electronics,2153.69,7,1,0,10
1165,P062,Books,1040.4,6,1,0,13
1176,P003,Home,3130.68,2,0,0,11
1024,P001,Electronics,1591.46,1,0,0,8
1122,P058,Fitness,2533.51,1,0,0,1
1156,P042,Accessories,1972.06,2,0,0,2
1056,P072,Accessories,1934.92,1,0,0,7
1025,P042,Accessories,1972.06,2,0,0,9
1163,P071,Stationery,577.39,7,1,0,12
1086,P015,Home,2456.51,12,1,0,6
1163,P039,Home,1725.83,3,0,0,12
1152,P065,Stationery,582.68,6,0,0,11
1013,P064,Fitness,2745.27,12,3,0,10
1045,P005,Stationery,309.11,5,1,0,1
1103,P005,Stationery,309.11,1,0,0,15
1014,P065,Stationery,582.68,2,0,0,13
1017,P001,Electronics,1591.46,8,2,0,12
1107,P058,Fitness,2533.51,1,0,0,3
1126,P055,Electronics,1535.83,7,0,0,0
1020,P071,Stationery,577.39,5,1,0,4
1036,P033,Home,410.99,6,0,0,4
1123,P005,Stationery,309.11,3,0,0,4
1055,P033,Home,410.99,2,0,0,4
1045,P051,Home,2867.98,0,0,0,1
1015,P041,Stationery,126.65,7,1,0,12
1133,P004,Fitness,2522.32,6,0,0,0
1065,P060,Accessories,1460.29,13,3,0,15
1015,P048,Accessories,498.52,4,0,0,12
1172,P013,Electronics,3550.72,0,0,0,3
1116,P046,Fitness,1839.77,6,1,0,4
1019,P024,Accessories,647.01,2,0,0,1
1079,P072,Accessories,1934.92,3,0,0,6
1084,P055,Electronics,1535.83,0,0,0,5
1061,P052,Fitness,2479.62,9,0,0,13
1091,P027,Home,1914.45,6,0,0,14
1117,P006,Accessories,557.61,9,1,1,15
1033,P002,Books,1043.27,10,0,1,0
1147,P060,Accessories,1460.29,7,0,1,13
1149,P068,Books,876.08,5,1,0,9
1162,P009,Home,2296.2,6,0,0,2
1066,P046,Fitness,1839.77,2,0,1,5
1015,P006,Accessories,557.61,5,0,0,12
1119,P025,Electronics,2901.54,0,0,0,3
1176,P008,Books,848.01,8,1,0,11
1116,P005,Stationery,309.11,3,0,0,4
1093,P071,Stationery,577.39,0,0,0,0
1170,P003,Home,3130.68,13,0,1,16
1163,P021,Home,1244.28,7,2,1,12
1124,P013,Electronics,3550.72,8,1,0,9
1165,P027,Home,1914.45,0,0,0,13
1178,P018,Accessories,475.09,0,0,0,11
1007,P006,Accessories,557.61,2,0,0,17
1135,P019,Electronics,1029.98,5,0,0,7
1076,P059,Stationery,331.95,0,0,0,12
1086,P052,Fitness,2479.62,3,0,1,6
1175,P058,Fitness,2533.51,14,1,1,18
1106,P048,Accessories,498.52,9,0,0,17
1079,P028,Fitness,2582.27,0,0,0,6
1033,P012,Accessories,265.26,3,0,0,0
1039,P012,Accessories,265.26,10,1,0,12
1006,P031,Electronics,2153.69,14,3,0,10
1112,P072,Accessories,1934.92,2,1,1,11
1145,P056,Books,337.37,4,1,0,17
1144,P029,Stationery,604.58,11,1,0,15
1144,P040,Fitness,522.24,4,0,0,15
1018,P019,Electronics,1029.98,1,0,0,14
1171,P038,Books,718.93,11,0,0,2
1112,P025,Electronics,2901.54,13,2,1,11
1150,P025,Electronics,2901.54,0,0,0,1
1086,P006,Accessories,557.61,5,0,0,6
1125,P057,Home,2818.36,0,0,0,13
1109,P066,Accessories,1968.76,0,0,0,17
1151,P042,Accessories,1972.06,4,0,0,16
1035,P012,Accessories,265.26,0,0,0,9
1068,P071,Stationery,577.39,10,2,1,16
1132,P069,Home,1429.77,5,2,0,13
1005,P035,Stationery,475.01,8,2,1,18
1142,P063,Home,3080.28,2,1,0,11
1147,P038,Books,718.93,4,0,0,13
1124,P056,Books,337.37,3,0,0,9
1150,P022,Fitness,1891.11,3,0,0,1
1156,P029,Stationery,604.58,11,1,0,2
1176,P017,Stationery,163.26,7,2,0,11
1177,P054,Accessories,659.65,8,0,1,11
1026,P053,Stationery,637.33,5,1,0,17
1122,P003,Home,3130.68,0,0,0,1
1005,P068,Books,876.08,5,0,0,18
1126,P025,Electronics,2901.54,7,0,0,0
1175,P026,Books,474.39,2,0,1,18
1068,P045,Home,2987.24,1,0,0,16
1011,P024,Accessories,647.01,4,0,1,1
1049,P017,Stationery,163.26,6,0,0,2
1078,P019,Electronics,1029.98,4,0,0,16
1161,P020,Books,720.24,3,0,0,15
1039,P004,Fitness,2522.32,5,1,0,12
1053,P054,Accessories,659.65,0,0,0,1
1150,P012,Accessories,265.26,6,1,0,1
1134,P020,Books,720.24,13,3,0,8
1112,P012,Accessories,265.26,0,0,0,11
1156,P043,Electronics,3858.95,8,0,0,2
1046,P027,Home,1914.45,3,0,0,14
1162,P051,Home,2867.98,3,1,1,2
1109,P016,Fitness,2659.54,5,0,0,17
1054,P007,Electronics,3609.79,4,1,0,9
1166,P029,Stationery,604.58,1,0,0,12
1151,P014,Books,504.47,8,3,1,16
1013,P039,Home,1725.83,8,0,0,10
1178,P001,Electronics,1591.46,2,0,0,11
1051,P072,Accessories,1934.92,3,0,1,18
1148,P071,Stationery,577.39,7,0,0,16
1144,P001,Electronics,1591.46,5,0,0,15
1005,P059,Stationery,331.95,2,0,0,18
1005,P026,Books,474.39,5,1,0,18
1021,P012,Accessories,265.26,8,0,0,15
1036,P027,Home,1914.45,6,0,0,4
1050,P038,Books,718.93,0,0,0,12
1131,P031,Electronics,2153.69,3,0,0,16
1045,P058,Fitness,2533.51,9,0,0,1
1115,P067,Electronics,737.99,5,1,1,13
1123,P055,Electronics,1535.83,1,0,0,4
1157,P058,Fitness,2533.51,0,0,0,9
1123,P025,Electronics,2901.54,0,0,0,4
1170,P035,Stationery,475.01,5,0,0,16
1064,P003,Home,3130.68,7,0,0,7
1086,P020,Books,720.24,3,0,1,6
1145,P058,Fitness,2533.51,6,1,0,17
1011,P006,Accessories,557.61,6,0,1,1
1021,P010,Fitness,2770.64,8,1,0,15
1144,P045,Home,2987.24,5,0,0,15
1133,P046,Fitness,1839.77,7,0,0,0
1003,P062,Books,1040.4,12,2,0,0
1083,P021,Home,1244.28,1,0,0,1
1081,P015,Home,2456.51,6,0,0,1
1070,P055,Electronics,1535.83,5,0,0,3
1078,P027,Home,1914.45,4,0,0,16
1073,P044,Books,713.75,4,0,0,0
1150,P045,Home,2987.24,7,0,0,1
1118,P013,Electronics,3550.72,7,1,0,9
1008,P018,Accessories,475.09,4,2,0,12
1030,P056,Books,337.37,10,3,1,14
1071,P023,Stationery,524.92,6,0,0,7
1163,P051,Home,2867.98,4,0,0,12
1019,P035,Stationery,475.01,0,0,0,1
1158,P031,Electronics,2153.69,3,0,1,6
1145,P064,Fitness,2745.27,3,0,0,17
1108,P009,Home,2296.2,4,0,0,14
1045,P053,Stationery,637.33,5,1,0,1
1073,P029,Stationery,604.58,2,0,0,0
1130,P044,Books,713.75,2,0,0,16
1131,P049,Electronics,1744.32,3,1,0,16
1153,P022,Fitness,1891.11,1,0,0,2
1029,P020,Books,720.24,3,0,0,10
1085,P040,Fitness,522.24,3,0,0,4
1141,P009,Home,2296.2,0,0,0,14
1132,P052,Fitness,2479.62,4,2,1,13
1025,P060,Accessories,1460.29,5,2,1,9
1047,P066,Accessories,1968.76,0,0,0,3
1157,P044,Books,713.75,7,1,0,9
1049,P012,Accessories,265.26,2,0,0,2
1174,P030,Accessories,429.98,9,1,1,4
1150,P003,Home,3130.68,9,0,0,1
1176,P019,Electronics,1029.98,14,0,0,11
1052,P018,Accessories,475.09,7,0,0,7
1050,P063,Home,3080.28,4,1,0,12
1075,P035,Stationery,475.01,5,1,0,8
1090,P058,Fitness,2533.51,1,1,1,18
1059,P024,Accessories,647.01,4,0,0,1
1142,P019,Electronics,1029.98,3,0,0,11
1060,P036,Accessories,760.81,1,0,0,17
1140,P014,Books,504.47,12,0,0,13
1025,P002,Books,1043.27,0,0,0,9
1083,P047,Stationery,171.82,3,0,0,1
1044,P032,Books,485.18,0,0,0,13
1010,P044,Books,713.75,3,1,0,5
1118,P036,Accessories,760.81,8,1,0,9
1025,P052,Fitness,2479.62,3,1,0,9
1106,P017,Stationery,163.26,3,0,0,17
1015,P066,Accessories,1968.76,0,0,0,12
1049,P061,Electronics,1198.66,12,1,0,2
1045,P006,Accessories,557.61,3,0,0,1
1167,P069,Home,1429.77,8,1,0,4
1022,P036,Accessories,760.81,4,1,1,8
1117,P041,Stationery,126.65,3,0,0,15
1058,P020,Books,720.24,2,0,0,6
1137,P066,Accessories,1968.76,4,0,0,2
1100,P054,Accessories,659.65,9,0,0,14
1168,P058,Fitness,2533.51,6,0,0,16
1035,P045,Home,2987.24,7,1,0,9
1039,P032,Books,485.18,0,0,1,12
1166,P067,Electronics,737.99,11,2,0,12
1064,P010,Fitness,2770.64,4,0,0,7
1176,P034,Fitness,2273.57,0,0,0,11
1168,P021,Home,1244.28,5,0,0,16
1097,P061,Electronics,1198.66,6,1,0,17
1041,P015,Home,2456.51,6,0,0,13
1168,P053,Stationery,637.33,4,0,1,16
1138,P069,Home,1429.77,3,0,0,18
1025,P009,Home,2296.2,2,0,1,9
1164,P060,Accessories,1460.29,5,0,0,1
1110,P065,Stationery,582.68,0,0,0,11
1086,P067,Electronics,737.99,2,0,1,6
1085,P045,Home,2987.24,5,0,0,4
1001,P009,Home,2296.2,1,0,0,7
1047,P004,Fitness,2522.32,7,2,0,3
1024,P047,Stationery,171.82,3,2,0,8
1158,P017,Stationery,163.26,1,0,1,6
1179,P026,Books,474.39,4,0,0,13
1088,P027,Home,1914.45,6,0,0,12
1083,P024,Accessories,647.01,6,0,0,1
1032,P024,Accessories,647.01,4,1,0,12
1138,P038,Books,718.93,3,0,1,18
1152,P030,Accessories,429.98,9,0,0,11
1041,P064,Fitness,2745.27,5,0,0,13
1060,P032,Books,485.18,12,2,1,17
1061,P066,Accessories,1968.76,1,0,0,13
1136,P037,Electronics,3281.37,9,1,1,9
1024,P068,Books,876.08,4,0,0,8
1157,P045,Home,2987.24,5,1,0,9
1089,P056,Books,337.37,6,1,0,17
1163,P065,Stationery,582.68,1,0,0,12
1114,P057,Home,2818.36,1,0,0,3
1024,P017,Stationery,163.26,3,2,1,8
1156,P056,Books,337.37,0,0,0,2
1030,P071,Stationery,577.39,7,0,0,14
1144,P021,Home,1244.28,8,0,0,15
1033,P049,Electronics,1744.32,9,0,0,0
1114,P011,Stationery,485.47,7,0,0,3
1039,P037,Electronics,3281.37,7,1,0,12
1060,P010,Fitness,2770.64,7,1,0,17
1178,P063,Home,3080.28,0,0,0,11
1117,P056,Books,337.37,12,0,0,15
1052,P005,Stationery,309.11,10,2,1,7
1089,P008,Books,848.01,9,0,0,17
1122,P056,Books,337.37,3,0,0,1
1139,P036,Accessories,760.81,2,1,0,9
1001,P026,Books,474.39,4,1,0,7
1147,P034,Fitness,2273.57,4,0,0,13
1009,P072,Accessories,1934.92,3,0,1,15
1097,P024,Accessories,647.01,1,0,0,17
1154,P041,Stationery,126.65,0,0,0,6
1005,P023,Stationery,524.92,6,0,0,18
1100,P028,Fitness,2582.27,6,1,0,14
1162,P072,Accessories,1934.92,11,0,0,2
1125,P012,Accessories,265.26,2,0,0,13
1132,P070,Fitness,2640.88,12,2,1,13
1044,P013,Electronics,3550.72,2,0,0,13
1046,P064,Fitness,2745.27,6,1,0,14
1050,P011,Stationery,485.47,13,1,0,12
1167,P020,Books,720.24,0,0,0,4
1167,P058,Fitness,2533.51,4,0,1,4
1015,P012,Accessories,265.26,5,0,0,12
1027,P012,Accessories,265.26,3,1,0,14
1114,P016,Fitness,2659.54,0,0,0,3
1047,P021,Home,1244.28,2,1,0,3
1046,P061,Electronics,1198.66,14,2,0,14
1076,P056,Books,337.37,1,0,0,12
1041,P071,Stationery,577.39,13,1,0,13
1104,P044,Books,713.75,3,0,0,5
1023,P027,Home,1914.45,13,2,0,14
1053,P004,Fitness,2522.32,7,0,0,1
1044,P061,Electronics,1198.66,4,0,0,13
1026,P061,Electronics,1198.66,7,1,0,17
1155,P038,Books,718.93,9,0,0,5
1172,P007,Electronics,3609.79,4,0,0,3
1055,P016,Fitness,2659.54,5,0,0,4
1077,P005,Stationery,309.11,0,0,0,8
1022,P023,Stationery,524.92,7,0,0,8
1093,P041,Stationery,126.65,1,0,0,0
1011,P010,Fitness,2770.64,0,0,0,1
1088,P071,Stationery,577.39,0,0,0,12
1071,P052,Fitness,2479.62,7,0,0,7
1019,P030,Accessories,429.98,4,0,0,1
1076,P054,Accessories,659.65,0,0,0,12
1136,P020,Books,720.24,1,0,0,9
1172,P072,Accessories,1934.92,0,0,0,3
1163,P034,Fitness,2273.57,12,1,1,12
1033,P069,Home,1429.77,4,0,0,0
1105,P023,Stationery,524.92,6,0,0,2
1015,P008,Books,848.01,0,0,0,12
1157,P043,Electronics,3858.95,2,0,1,9
1046,P016,Fitness,2659.54,2,0,1,14
1130,P014,Books,504.47,5,0,1,16
1084,P053,Stationery,637.33,5,1,0,5
1027,P003,Home,3130.68,6,1,0,14
1177,P042,Accessories,1972.06,6,0,1,11
1005,P024,Accessories,647.01,10,2,1,18
1178,P029,Stationery,604.58,15,0,0,11
1095,P059,Stationery,331.95,4,0,1,18
1141,P004,Fitness,2522.32,13,2,0,14
1085,P024,Accessories,647.01,2,0,0,4
1005,P040,Fitness,522.24,0,0,0,18
1108,P030,Accessories,429.98,7,0,0,14
1169,P020,Books,720.24,1,0,0,9
1132,P005,Stationery,309.11,11,0,0,13
1179,P058,Fitness,2533.51,6,0,0,13
1130,P003,Home,3130.68,5,0,1,16
1107,P010,Fitness,2770.64,3,1,0,3
1087,P018,Accessories,475.09,0,0,0,14
1062,P011,Stationery,485.47,8,0,0,10
1010,P061,Electronics,1198.66,3,0,0,5
1096,P052,Fitness,2479.62,7,1,0,7
1004,P013,Electronics,3550.72,8,1,0,18
1063,P040,Fitness,522.24,3,1,0,10
1018,P072,Accessories,1934.92,0,0,1,14
1147,P027,Home,1914.45,11,1,0,13
1135,P025,Electronics,2901.54,3,1,0,7
1062,P072,Accessories,1934.92,1,0,0,10
1170,P057,Home,2818.36,11,0,0,16
1172,P018,Accessories,475.09,1,0,0,3
1039,P017,Stationery,163.26,0,0,0,12
1155,P043,Electronics,3858.95,12,3,0,5
1023,P020,Books,720.24,6,1,1,14
1001,P015,Home,2456.51,7,0,0,7
1097,P059,Stationery,331.95,6,1,0,17
1143,P036,Accessories,760.81,5,0,0,15
1107,P070,Fitness,2640.88,5,1,0,3
1008,P063,Home,3080.28,4,0,0,12
1046,P065,Stationery,582.68,4,0,0,14
1076,P011,Stationery,485.47,1,0,0,12
1168,P014,Books,504.47,3,1,0,16
1115,P005,Stationery,309.11,0,0,0,13
1054,P039,Home,1725.83,10,0,1,9
1154,P057,Home,2818.36,2,0,0,6
1154,P011,Stationery,485.47,7,1,1,6
1104,P013,Electronics,3550.72,9,1,0,5
1155,P020,Books,720.24,6,0,0,5
1036,P005,Stationery,309.11,1,0,0,4
1084,P072,Accessories,1934.92,9,1,0,5
1018,P014,Books,504.47,11,2,0,14
1023,P065,Stationery,582.68,3,0,1,14
1013,P013,Electronics,3550.72,0,0,0,10
1074,P006,Accessories,557.61,0,0,1,9
1180,P003,Home,3130.68,5,1,0,2
1155,P036,Accessories,760.81,4,0,0,5
1055,P015,Home,2456.51,5,1,0,4
1169,P021,Home,1244.28,5,0,0,9
1122,P055,Electronics,1535.83,9,2,0,1
1044,P026,Books,474.39,5,1,0,13
1050,P034,Fitness,2273.57,5,1,0,12
1110,P012,Accessories,265.26,1,0,0,11
1027,P047,Stationery,171.82,16,1,1,14
1098,P067,Electronics,737.99,2,0,0,4
1166,P011,Stationery,485.47,10,1,1,12
1053,P067,Electronics,737.99,3,0,0,1
1178,P072,Accessories,1934.92,4,0,0,11
1050,P027,Home,1914.45,4,0,0,12
1018,P045,Home,2987.24,7,1,0,14
1021,P020,Books,720.24,4,1,1,15
1088,P040,Fitness,522.24,8,0,0,12
1053,P062,Books,1040.4,10,3,0,1
1132,P032,Books,485.18,4,0,0,13
1103,P066,Accessories,1968.76,7,0,0,15
1145,P037,Electronics,3281.37,10,2,0,17
1056,P064,Fitness,2745.27,0,0,0,7
1001,P004,Fitness,2522.32,8,0,0,7
1026,P030,Accessories,429.98,3,0,0,17
1054,P001,Electronics,1591.46,2,1,0,9
1051,P066,Accessories,1968.76,5,0,0,18
1016,P036,Accessories,760.81,5,1,0,6
1047,P001,Electronics,1591.46,9,1,0,3
1007,P065,Stationery,582.68,0,0,0,17
1040,P033,Home,410.99,1,0,0,1
1168,P033,Home,410.99,3,0,1,16
1026,P048,Accessories,498.52,5,1,0,17
1111,P035,Stationery,475.01,10,0,0,15
1112,P049,Electronics,1744.32,4,1,0,11
1037,P010,Fitness,2770.64,6,0,0,2
1128,P048,Accessories,498.52,7,0,0,6
1141,P019,Electronics,1029.98,4,1,0,14
1135,P003,Home,3130.68,3,0,1,7
1090,P057,Home,2818.36,7,0,0,18
1034,P004,Fitness,2522.32,9,0,0,2
1101,P065,Stationery,582.68,5,0,0,18
1048,P020,Books,720.24,8,1,0,15
1124,P015,Home,2456.51,5,3,0,9
1096,P053,Stationery,637.33,11,0,0,7
1029,P030,Accessories,429.98,7,0,0,10
1177,P033,Home,410.99,3,0,0,11
1058,P008,Books,848.01,1,0,0,6
1128,P014,Books,504.47,0,0,0,6
1134,P009,Home,2296.2,1,0,0,8
1151,P019,Electronics,1029.98,4,1,0,16
1099,P036,Accessories,760.81,7,0,0,16
1034,P026,Books,474.39,2,0,0,2
1147,P049,Electronics,1744.32,4,0,0,13
1018,P041,Stationery,126.65,5,0,0,14
1148,P035,Stationery,475.01,6,1,0,16
1061,P035,Stationery,475.01,12,3,0,13
1153,P054,Accessories,659.65,10,0,0,2
1161,P018,Accessories,475.09,8,0,0,15
1152,P026,Books,474.39,1,0,0,11
1062,P021,Home,1244.28,4,0,0,10
1111,P007,Electronics,3609.79,7,1,0,15
1135,P039,Home,1725.83,4,0,0,7
1082,P051,Home,2867.98,1,0,0,14
1054,P035,Stationery,475.01,6,0,1,9
1042,P061,Electronics,1198.66,4,1,0,18
1111,P060,Accessories,1460.29,11,0,0,15
1115,P019,Electronics,1029.98,0,0,1,13
1056,P022,Fitness,1891.11,8,0,0,7
1150,P042,Accessories,1972.06,7,0,0,1
1138,P033,Home,410.99,5,0,0,18
1018,P027,Home,1914.45,5,0,0,14
1087,P064,Fitness,2745.27,10,2,1,14
1149,P044,Books,713.75,0,0,0,9
1166,P066,Accessories,1968.76,8,3,0,12
1031,P022,Fitness,1891.11,4,0,0,7
1160,P057,Home,2818.36,4,0,0,5
1162,P030,Accessories,429.98,9,0,0,2
1084,P071,Stationery,577.39,3,0,0,5
1058,P025,Electronics,2901.54,6,1,0,6
1134,P071,Stationery,577.39,0,0,0,8
1174,P024,Accessories,647.01,13,1,0,4
1064,P056,Books,337.37,11,0,0,7
1087,P035,Stationery,475.01,3,0,0,14
1043,P045,Home,2987.24,4,0,0,15
1146,P024,Accessories,647.01,2,0,1,15
1156,P070,Fitness,2640.88,8,1,1,2
1152,P048,Accessories,498.52,9,2,1,11
1045,P046,Fitness,1839.77,5,0,0,1
1119,P008,Books,848.01,5,0,0,3
1028,P054,Accessories,659.65,14,3,1,2
1119,P069,Home,1429.77,4,0,0,3
1035,P001,Electronics,1591.46,4,1,0,9
1153,P025,Electronics,2901.54,0,0,0,2
1031,P052,Fitness,2479.62,0,0,1,7
1139,P011,Stationery,485.47,1,0,0,9
1053,P047,Stationery,171.82,0,0,1,1
1162,P024,Accessories,647.01,7,2,0,2
1095,P070,Fitness,2640.88,3,0,1,18
1162,P013,Electronics,3550.72,0,0,0,2
1070,P056,Books,337.37,0,0,0,3
1143,P013,Electronics,3550.72,11,2,1,15
1123,P034,Fitness,2273.57,8,1,0,4
1146,P030,Accessories,429.98,3,0,1,15
1150,P046,Fitness,1839.77,4,0,0,1
1167,P036,Accessories,760.81,0,0,0,4
1015,P045,Home,2987.24,13,1,0,12
1145,P065,Stationery,582.68,6,1,1,17
1049,P034,Fitness,2273.57,3,1,0,2
1104,P006,Accessories,557.61,2,0,0,5
1095,P052,Fitness,2479.62,11,1,1,18
1143,P064,Fitness,2745.27,16,0,0,15
1141,P034,Fitness,2273.57,14,2,1,14
1090,P053,Stationery,637.33,3,1,1,18
1129,P053,Stationery,637.33,6,0,0,7
1049,P035,Stationery,475.01,6,1,0,2
1174,P062,Books,1040.4,3,1,0,4
1062,P010,Fitness,2770.64,0,0,1,10
1163,P054,Accessories,659.65,9,0,0,12
1048,P044,Books,713.75,1,0,0,15
1073,P064,Fitness,2745.27,8,0,0,0
1012,P003,Home,3130.68,4,1,1,0
1088,P066,Accessories,1968.76,0,0,0,12
1051,P060,Accessories,1460.29,3,0,1,18
1170,P002,Books,1043.27,3,0,0,16
1129,P021,Home,1244.28,10,0,0,7
1035,P072,Accessories,1934.92,5,0,0,9
1148,P027,Home,1914.45,2,0,1,16
1087,P046,Fitness,1839.77,13,1,0,14
1023,P013,Electronics,3550.72,12,1,0,14
1170,P023,Stationery,524.92,1,0,0,16
1038,P016,Fitness,2659.54,1,0,1,8
1062,P032,Books,485.18,9,0,0,10
1089,P017,Stationery,163.26,1,0,1,17
1001,P070,Fitness,2640.88,5,0,0,7
1115,P038,Books,718.93,6,1,0,13
1006,P045,Home,2987.24,0,0,0,10
1030,P004,Fitness,2522.32,0,0,0,14
1112,P024,Accessories,647.01,3,0,0,11
1100,P058,Fitness,2533.51,4,0,0,14
1149,P045,Home,2987.24,6,1,0,9
1024,P045,Home,2987.24,6,1,0,8
1180,P047,Stationery,171.82,2,0,0,2
1167,P056,Books,337.37,1,0,0,4
1052,P060,Accessories,1460.29,7,1,0,7
1142,P048,Accessories,498.52,1,0,0,11
1097,P028,Fitness,2582.27,0,0,0,17
1154,P064,Fitness,2745.27,7,0,0,6
1046,P029,Stationery,604.58,7,1,0,14
1137,P002,Books,1043.27,4,0,0,2
1013,P009,Home,2296.2,2,0,0,10
1147,P012,Accessories,265.26,2,0,0,13
1083,P049,Electronics,1744.32,3,0,0,1
1074,P068,Books,876.08,0,0,0,9
1021,P066,Accessories,1968.76,0,0,0,15
1010,P051,Home,2867.98,2,1,0,5
1108,P055,Electronics,1535.83,3,1,0,14
1105,P013,Electronics,3550.72,3,0,0,2
1034,P048,Accessories,498.52,0,0,1,2
1043,P007,Electronics,3609.79,3,0,0,15
1175,P036,Accessories,760.81,0,0,0,18
1047,P033,Home,410.99,4,0,0,3
1114,P043,Electronics,3858.95,15,2,0,3
1116,P008,Books,848.01,5,0,1,4
1136,P025,Electronics,2901.54,12,2,1,9
1063,P004,Fitness,2522.32,1,0,0,10
1032,P050,Books,1014.13,0,0,0,12
1009,P051,Home,2867.98,9,1,0,15
1083,P010,Fitness,2770.64,9,1,0,1
1133,P042,Accessories,1972.06,9,1,0,0
1039,P007,Electronics,3609.79,5,0,0,12
1027,P064,Fitness,2745.27,1,0,0,14
1040,P028,Fitness,2582.27,4,1,0,1
1046,P013,Electronics,3550.72,15,2,0,14
1139,P041,Stationery,126.65,6,1,0,9
1018,P059,Stationery,331.95,3,0,1,14
1113,P021,Home,1244.28,4,0,0,4
1103,P027,Home,1914.45,2,0,0,15
1009,P058,Fitness,2533.51,2,1,0,15
1051,P024,Accessories,647.01,7,0,0,18
1094,P045,Home,2987.24,11,3,1,15
1029,P007,Electronics,3609.79,0,0,0,10
1062,P006,Accessories,557.61,4,0,0,10
1059,P023,Stationery,524.92,0,0,0,1
1026,P038,Books,718.93,1,0,0,17
1002,P038,Books,718.93,2,0,1,4
1078,P018,Accessories,475.09,3,1,1,16
1109,P046,Fitness,1839.77,1,0,0,17
1111,P043,Electronics,3858.95,8,1,0,15
1076,P024,Accessories,647.01,5,0,0,12
1157,P051,Home,2867.98,2,0,0,9
1173,P004,Fitness,2522.32,11,1,1,16
1147,P005,Stationery,309.11,6,0,0,13
1032,P018,Accessories,475.09,0,0,0,12
1142,P014,Books,504.47,6,2,0,11
1046,P025,Electronics,2901.54,13,2,0,14
1076,P041,Stationery,126.65,0,0,1,12
1096,P018,Accessories,475.09,3,1,0,7
1077,P069,Home,1429.77,10,2,0,8
1021,P069,Home,1429.77,3,0,0,15
1152,P066,Accessories,1968.76,5,1,1,11
1114,P071,Stationery,577.39,0,0,0,3
1131,P046,Fitness,1839.77,1,0,0,16
1072,P009,Home,2296.2,2,0,0,4
1004,P018,Accessories,475.09,7,0,0,18
1103,P045,Home,2987.24,6,0,0,15
1057,P059,Stationery,331.95,5,0,1,16
1176,P037,Electronics,3281.37,14,2,1,11
1143,P015,Home,2456.51,1,0,0,15
1009,P040,Fitness,522.24,5,0,0,15
1090,P050,Books,1014.13,1,1,1,18
1097,P040,Fitness,522.24,3,0,1,17
1023,P012,Accessories,265.26,0,0,0,14
1099,P063,Home,3080.28,5,1,0,16
1052,P071,Stationery,577.39,7,0,0,7
1036,P019,Electronics,1029.98,1,0,0,4
1025,P048,Accessories,498.52,8,1,0,9
1002,P015,Home,2456.51,5,0,0,4
1060,P007,Electronics,3609.79,0,0,0,17
1078,P010,Fitness,2770.64,6,1,1,16
1043,P072,Accessories,1934.92,0,0,0,15
1010,P023,Stationery,524.92,6,1,1,5
1048,P070,Fitness,2640.88,13,1,0,15
1098,P024,Accessories,647.01,1,0,1,4
1031,P016,Fitness,2659.54,0,0,0,7
1116,P064,Fitness,2745.27,12,2,0,4
1018,P062,Books,1040.4,9,1,0,14
1149,P027,Home,1914.45,7,0,0,9
1036,P032,Books,485.18,12,2,0,4
1129,P041,Stationery,126.65,2,0,1,7
1142,P036,Accessories,760.81,3,0,1,11
1155,P037,Electronics,3281.37,7,2,0,5
1142,P030,Accessories,429.98,3,0,0,11
1164,P046,Fitness,1839.77,7,3,0,1
1096,P030,Accessories,429.98,3,0,0,7
1122,P071,Stationery,577.39,5,0,0,1
1162,P010,Fitness,2770.64,2,1,0,2
1123,P033,Home,410.99,0,0,0,4
1115,P045,Home,2987.24,3,0,1,13
1100,P060,Accessories,1460.29,12,3,0,14
1164,P057,Home,2818.36,2,0,0,1
1060,P031,Electronics,2153.69,4,0,0,17
1063,P039,Home,1725.83,7,0,0,10
1165,P048,Accessories,498.52,7,0,0,13
1098,P033,Home,410.99,0,0,0,4
1078,P034,Fitness,2273.57,7,0,1,16
1126,P046,Fitness,1839.77,2,0,0,0
1163,P045,Home,2987.24,5,1,0,12
1072,P053,Stationery,637.33,3,1,0,4
1135,P056,Books,337.37,11,1,0,7
1092,P030,Accessories,429.98,3,0,0,7
1056,P059,Stationery,331.95,13,2,0,7
1149,P061,Electronics,1198.66,0,0,0,9
1140,P064,Fitness,2745.27,0,0,1,13
1097,P017,Stationery,163.26,6,0,1,17
1115,P008,Books,848.01,13,3,1,13
1179,P054,Accessories,659.65,5,0,0,13
1065,P039,Home,1725.83,3,0,0,15
1124,P046,Fitness,1839.77,5,0,1,9
1006,P026,Books,474.39,3,0,1,10
1170,P001,Electronics,1591.46,3,0,0,16
1088,P017,Stationery,163.26,2,0,1,12
1022,P011,Stationery,485.47,6,0,0,8
1050,P071,Stationery,577.39,11,1,1,12
1010,P016,Fitness,2659.54,5,0,0,5
1026,P008,Books,848.01,3,0,0,17
1057,P023,Stationery,524.92,6,1,0,16
1017,P004,Fitness,2522.32,8,1,0,12
1032,P043,Electronics,3858.95,4,0,0,12
1112,P034,Fitness,2273.57,6,0,0,11
1154,P014,Books,504.47,5,1,0,6
1139,P055,Electronics,1535.83,12,1,0,9
1018,P007,Electronics,3609.79,8,0,0,14
1142,P055,Electronics,1535.83,4,1,0,11
1054,P023,Stationery,524.92,0,0,0,9
1180,P017,Stationery,163.26,5,0,0,2
1171,P065,Stationery,582.68,0,0,0,2
1001,P016,Fitness,2659.54,3,0,0,7
1102,P048,Accessories,498.52,7,0,0,14
1114,P006,Accessories,557.61,9,1,0,3
1144,P007,Electronics,3609.79,8,0,0,15
1139,P027,Home,1914.45,3,1,0,9
1049,P054,Accessories,659.65,7,0,0,2
1042,P050,Books,1014.13,7,0,0,18
1027,P011,Stationery,485.47,10,1,0,14
1163,P032,Books,485.18,1,0,0,12
1110,P054,Accessories,659.65,3,0,1,11
1169,P037,Electronics,3281.37,1,0,0,9
1056,P005,Stationery,309.11,15,1,0,7
1004,P011,Stationery,485.47,1,0,0,18
1153,P026,Books,474.39,9,1,0,2
1127,P069,Home,1429.77,3,1,0,14
1047,P060,Accessories,1460.29,6,0,0,3
1023,P028,Fitness,2582.27,2,0,0,14
1047,P063,Home,3080.28,6,0,0,3
1004,P033,Home,410.99,2,1,1,18
1020,P041,Stationery,126.65,7,1,1,4
1044,P033,Home,410.99,0,0,0,13
1120,P009,Home,2296.2,5,0,0,5
1038,P048,Accessories,498.52,10,1,0,8
1127,P038,Books,718.93,4,0,0,14
1143,P025,Electronics,2901.54,3,1,0,15
1159,P029,Stationery,604.58,17,2,0,17
1017,P042,Accessories,1972.06,6,0,0,12
1091,P048,Accessories,498.52,0,0,0,14
1100,P064,Fitness,2745.27,4,0,0,14
1156,P012,Accessories,265.26,10,1,0,2
1173,P057,Home,2818.36,0,0,0,16
1027,P007,Electronics,3609.79,1,0,0,14
1171,P069,Home,1429.77,7,2,0,2
1169,P045,Home,2987.24,4,0,0,9
1103,P013,Electronics,3550.72,1,0,0,15
1126,P007,Electronics,3609.79,6,1,0,0
1021,P067,Electronics,737.99,13,1,0,15
1134,P039,Home,1725.83,5,0,0,8
1012,P037,Electronics,3281.37,3,0,0,0
1071,P010,Fitness,2770.64,3,0,0,7
1027,P017,Stationery,163.26,15,0,0,14
1025,P015,Home,2456.51,4,1,1,9
1117,P036,Accessories,760.81,10,0,0,15
1010,P018,Accessories,475.09,8,0,1,5
1033,P042,Accessories,1972.06,7,1,0,0
1077,P066,Accessories,1968.76,12,1,0,8
1124,P071,Stationery,577.39,4,0,0,9
1009,P027,Home,1914.45,6,1,0,15
1102,P042,Accessories,1972.06,5,1,1,14
1117,P059,Stationery,331.95,3,0,0,15
1048,P030,Accessories,429.98,6,0,0,15
1168,P072,Accessories,1934.92,9,2,0,16
1155,P045,Home,2987.24,6,1,0,5
1109,P071,Stationery,577.39,12,0,0,17
1006,P053,Stationery,637.33,2,0,0,10
1089,P052,Fitness,2479.62,1,0,0,17
1018,P042,Accessories,1972.06,7,0,0,14
1164,P007,Electronics,3609.79,2,0,0,1
1156,P010,Fitness,2770.64,6,0,0,2
1127,P037,Electronics,3281.37,3,0,0,14
1178,P050,Books,1014.13,0,0,0,11
1004,P032,Books,485.18,13,0,0,18
1143,P016,Fitness,2659.54,12,1,0,15
1165,P034,Fitness,2273.57,1,0,1,13
1135,P058,Fitness,2533.51,9,0,0,7
1099,P028,Fitness,2582.27,0,0,0,16
1142,P023,Stationery,524.92,2,0,0,11
1021,P071,Stationery,577.39,5,0,0,15
1034,P049,Electronics,1744.32,4,0,0,2
1002,P013,Electronics,3550.72,11,1,0,4
1005,P044,Books,713.75,3,0,0,18
1122,P040,Fitness,522.24,6,0,0,1
1149,P011,Stationery,485.47,8,0,0,9
1077,P071,Stationery,577.39,2,0,0,8
1166,P040,Fitness,522.24,3,0,1,12
1175,P068,Books,876.08,2,0,0,18
1161,P025,Electronics,2901.54,6,0,0,15
1121,P042,Accessories,1972.06,0,0,0,4
1043,P018,Accessories,475.09,0,0,0,15
1096,P025,Electronics,2901.54,8,2,0,7
1025,P062,Books,1040.4,3,0,1,9
1111,P005,Stationery,309.11,7,0,0,15
1178,P068,Books,876.08,0,0,0,11
1065,P029,Stationery,604.58,3,1,1,15
1042,P049,Electronics,1744.32,0,0,0,18
1049,P038,Books,718.93,5,0,0,2
1002,P064,Fitness,2745.27,8,1,0,4
1116,P053,Stationery,637.33,5,0,0,4
1109,P018,Accessories,475.09,4,0,1,17
1121,P003,Home,3130.68,6,0,0,4
1005,P006,Accessories,557.61,15,2,0,18
1141,P010,Fitness,2770.64,10,0,0,14
1102,P064,Fitness,2745.27,11,4,0,14
1036,P020,Books,720.24,8,0,0,4
1083,P066,Accessories,1968.76,2,0,0,1
1056,P035,Stationery,475.01,7,1,0,7
1028,P008,Books,848.01,2,1,0,2
1059,P020,Books,720.24,4,0,1,1
1145,P022,Fitness,1891.11,0,0,0,17
1017,P045,Home,2987.24,10,1,1,12
1087,P067,Electronics,737.99,0,0,1,14
1022,P068,Books,876.08,7,0,0,8
1016,P027,Home,1914.45,8,0,0,6
1105,P054,Accessories,659.65,0,0,0,2
1045,P011,Stationery,485.47,4,0,0,1
1113,P016,Fitness,2659.54,3,0,0,4
1169,P003,Home,3130.68,7,1,0,9
1148,P018,Accessories,475.09,12,1,0,16
1114,P034,Fitness,2273.57,4,0,0,3
1147,P058,Fitness,2533.51,1,0,0,13
1069,P015,Home,2456.51,13,1,1,12
1144,P035,Stationery,475.01,6,1,0,15
1016,P021,Home,1244.28,8,0,0,6
1096,P014,Books,504.47,11,1,0,7
1099,P041,Stationery,126.65,7,0,0,16
1033,P005,Stationery,309.11,2,0,0,0
1164,P021,Home,1244.28,2,0,0,1
1110,P067,Electronics,737.99,14,0,0,11
1058,P046,Fitness,1839.77,9,2,1,6
1168,P026,Books,474.39,5,0,1,16
1172,P039,Home,1725.83,7,0,0,3
1096,P027,Home,1914.45,0,0,0,7
1085,P049,Electronics,1744.32,3,0,0,4
1037,P040,Fitness,522.24,7,0,0,2
1147,P062,Books,1040.4,3,0,0,13
1067,P069,Home,1429.77,1,0,0,6
1037,P019,Electronics,1029.98,5,0,0,2
1131,P017,Stationery,163.26,0,0,0,16
1117,P033,Home,410.99,0,0,0,15
1054,P033,Home,410.99,8,1,0,9
1155,P002,Books,1043.27,5,0,0,5
1034,P013,Electronics,3550.72,0,0,0,2
1178,P045,Home,2987.24,5,0,0,11
1173,P029,Stationery,604.58,7,0,0,16
1013,P044,Books,713.75,9,1,1,10
1147,P071,Stationery,577.39,10,1,0,13
1030,P003,Home,3130.68,4,0,0,14
1148,P028,Fitness,2582.27,6,1,1,16
1140,P018,Accessories,475.09,4,0,0,13
1116,P025,Electronics,2901.54,3,0,0,4
1126,P001,Electronics,1591.46,5,1,0,0
1013,P070,Fitness,2640.88,10,1,1,10
1125,P019,Electronics,1029.98,7,0,1,13
1141,P025,Electronics,2901.54,2,1,0,14
1117,P050,Books,1014.13,10,2,0,15
1110,P017,Stationery,163.26,1,0,0,11
1029,P017,Stationery,163.26,2,0,0,10
1057,P020,Books,720.24,4,0,0,16
1094,P017,Stationery,163.26,0,0,0,15
1048,P054,Accessories,659.65,0,0,0,15
1030,P050,Books,1014.13,7,0,0,14
1110,P042,Accessories,1972.06,0,0,0,11
1175,P009,Home,2296.2,7,1,1,18
1153,P017,Stationery,163.26,10,0,1,2
1138,P072,Accessories,1934.92,5,0,0,18
1180,P049,Electronics,1744.32,4,0,0,2
1046,P006,Accessories,557.61,1,0,1,14
1032,P009,Home,2296.2,11,2,1,12
1172,P020,Books,720.24,12,1,0,3
1090,P061,Electronics,1198.66,8,1,1,18
1140,P066,Accessories,1968.76,3,2,1,13
1027,P048,Accessories,498.52,2,0,0,14
1050,P055,Electronics,1535.83,6,0,0,12
1153,P023,Stationery,524.92,10,0,0,2
1114,P013,Electronics,3550.72,13,2,0,3
1002,P037,Electronics,3281.37,7,1,1,4
1075,P025,Electronics,2901.54,5,0,0,8
1004,P015,Home,2456.51,2,0,0,18
1025,P049,Electronics,1744.32,7,0,0,9
1174,P070,Fitness,2640.88,4,0,0,4
1062,P049,Electronics,1744.32,12,1,1,10
1008,P058,Fitness,2533.51,2,0,0,12
1083,P013,Electronics,3550.72,0,0,0,1
1111,P032,Books,485.18,6,0,0,15
1104,P036,Accessories,760.81,2,0,0,5
1179,P045,Home,2987.24,2,0,1,13
1158,P027,Home,1914.45,6,0,1,6
1168,P047,Stationery,171.82,10,2,0,16
1025,P054,Accessories,659.65,2,0,1,9
1076,P021,Home,1244.28,5,0,0,12
1127,P003,Home,3130.68,2,0,0,14
1109,P062,Books,1040.4,6,1,1,17
1002,P007,Electronics,3609.79,8,2,0,4
1001,P034,Fitness,2273.57,4,0,0,7
1088,P055,Electronics,1535.83,10,0,0,12
1165,P072,Accessories,1934.92,4,0,0,13
1132,P003,Home,3130.68,4,0,0,13
1026,P067,Electronics,737.99,6,0,1,17
1059,P047,Stationery,171.82,3,0,1,1
1162,P063,Home,3080.28,4,1,0,2
1038,P040,Fitness,522.24,1,0,0,8
1180,P048,Accessories,498.52,6,0,0,2
1049,P023,Stationery,524.92,7,0,0,2
1038,P039,Home,1725.83,7,2,1,8
1121,P070,Fitness,2640.88,11,2,0,4
1027,P038,Books,718.93,2,0,1,14
1176,P006,Accessories,557.61,2,0,0,11
1015,P049,Electronics,1744.32,8,0,0,12
1171,P031,Electronics,2153.69,6,1,0,2
1170,P008,Books,848.01,4,1,0,16
1038,P017,Stationery,163.26,8,1,0,8
1027,P056,Books,337.37,7,0,1,14
1119,P059,Stationery,331.95,10,1,0,3
1170,P011,Stationery,485.47,1,0,0,16
1119,P051,Home,2867.98,0,0,0,3
1033,P050,Books,1014.13,12,2,1,0
1160,P047,Stationery,171.82,7,0,0,5
1156,P027,Home,1914.45,6,0,0,2
1031,P071,Stationery,577.39,0,0,0,7
1144,P027,Home,1914.45,4,0,0,15
1083,P018,Accessories,475.09,0,0,0,1
1171,P006,Accessories,557.61,2,0,0,2
1013,P051,Home,2867.98,2,0,0,10
1049,P068,Books,876.08,2,0,0,2
1089,P068,Books,876.08,10,1,0,17
1124,P060,Accessories,1460.29,1,0,0,9
1180,P034,Fitness,2273.57,2,0,0,2
1130,P018,Accessories,475.09,0,0,0,16
1053,P033,Home,410.99,3,0,1,1
1026,P069,Home,1429.77,0,0,0,17
1166,P031,Electronics,2153.69,12,0,0,12
1022,P014,Books,504.47,1,0,0,8
1018,P048,Accessories,498.52,0,0,0,14
1179,P040,Fitness,522.24,2,0,0,13
1087,P008,Books,848.01,0,0,0,14
1163,P008,Books,848.01,1,0,0,12
1034,P030,Accessories,429.98,5,0,1,2
1070,P047,Stationery,171.82,7,3,1,3
1134,P001,Electronics,1591.46,8,1,1,8
1100,P071,Stationery,577.39,0,0,0,14
1006,P028,Fitness,2582.27,8,1,0,10
1018,P037,Electronics,3281.37,0,0,0,14
1172,P066,Accessories,1968.76,5,0,0,3
1067,P068,Books,876.08,8,1,0,6
1128,P040,Fitness,522.24,7,0,0,6
1051,P039,Home,1725.83,2,0,0,18
1170,P052,Fitness,2479.62,13,2,0,16
1120,P001,Electronics,1591.46,3,1,0,5
1101,P038,Books,718.93,6,0,0,18
1146,P045,Home,2987.24,19,1,0,15
1002,P006,Accessories,557.61,7,0,0,4
1052,P010,Fitness,2770.64,11,1,0,7
1134,P031,Electronics,2153.69,1,0,0,8
1057,P046,Fitness,1839.77,0,0,0,16
1099,P026,Books,474.39,9,1,1,16
1075,P013,Electronics,3550.72,7,0,0,8
1008,P038,Books,718.93,8,0,1,12
1077,P030,Accessories,429.98,9,0,1,8
1075,P038,Books,718.93,8,0,0,8
1122,P069,Home,1429.77,1,0,0,1
1179,P018,Accessories,475.09,10,0,0,13
1116,P039,Home,1725.83,2,0,0,4
1030,P055,Electronics,1535.83,10,0,0,14
1016,P006,Accessories,557.61,0,0,0,6
1123,P037,Electronics,3281.37,2,0,0,4
1177,P015,Home,2456.51,0,0,0,11
1153,P001,Electronics,1591.46,3,0,0,2
1098,P061,Electronics,1198.66,0,0,0,4
1126,P064,Fitness,2745.27,4,0,0,0
1141,P065,Stationery,582.68,5,1,0,14
1046,P041,Stationery,126.65,1,0,0,14
1128,P003,Home,3130.68,3,0,1,6
1051,P062,Books,1040.4,15,1,0,18
1133,P033,Home,410.99,2,0,0,0
1143,P062,Books,1040.4,3,1,0,15
1104,P037,Electronics,3281.37,4,0,1,5
1093,P026,Books,474.39,2,0,0,0
1173,P025,Electronics,2901.54,4,1,1,16
1139,P044,Books,713.75,9,0,0,9
1163,P026,Books,474.39,0,0,0,12
1164,P022,Fitness,1891.11,6,0,0,1
1104,P064,Fitness,2745.27,12,2,0,5
1112,P039,Home,1725.83,2,0,0,11
1148,P061,Electronics,1198.66,4,0,0,16
1020,P008,Books,848.01,0,0,0,4
1137,P046,Fitness,1839.77,4,1,0,2
1028,P012,Accessories,265.26,12,1,0,2
1173,P072,Accessories,1934.92,8,1,1,16
1156,P021,Home,1244.28,4,0,0,2
1141,P066,Accessories,1968.76,0,0,0,14
1166,P039,Home,1725.83,6,0,1,12
1057,P029,Stationery,604.58,4,0,1,16
1155,P062,Books,1040.4,7,0,0,5
1108,P046,Fitness,1839.77,3,0,0,14
1095,P002,Books,1043.27,5,0,0,18
1101,P014,Books,504.47,0,0,1,18
1148,P038,Books,718.93,8,0,0,16
1108,P064,Fitness,2745.27,5,1,0,14
1152,P044,Books,713.75,1,0,0,11
1155,P018,Accessories,475.09,5,0,0,5
1085,P061,Electronics,1198.66,5,0,0,4
1003,P021,Home,1244.28,8,0,0,0
1162,P055,Electronics,1535.83,6,0,0,2
1047,P065,Stationery,582.68,3,0,0,3
1094,P042,Accessories,1972.06,0,0,0,15
1117,P061,Electronics,1198.66,0,0,1,15
1048,P007,Electronics,3609.79,7,0,0,15
1094,P010,Fitness,2770.64,6,1,1,15
1011,P027,Home,1914.45,0,0,0,1
1070,P043,Electronics,3858.95,10,0,0,3
1087,P026,Books,474.39,2,0,0,14
1050,P035,Stationery,475.01,15,2,1,12
1033,P026,Books,474.39,11,4,1,0
1089,P055,Electronics,1535.83,3,0,0,17
1073,P039,Home,1725.83,6,2,0,0
1031,P046,Fitness,1839.77,0,0,0,7
1178,P044,Books,713.75,4,0,0,11
1100,P043,Electronics,3858.95,3,0,1,14
1020,P060,Accessories,1460.29,6,1,0,4
1017,P069,Home,1429.77,11,1,0,12
1178,P017,Stationery,163.26,10,2,1,11
1033,P013,Electronics,3550.72,4,0,0,0
1177,P022,Fitness,1891.11,13,2,0,11
1153,P046,Fitness,1839.77,6,0,1,2
1145,P041,Stationery,126.65,10,1,0,17
1089,P022,Fitness,1891.11,1,0,0,17
1050,P065,Stationery,582.68,14,0,0,12
1009,P041,Stationery,126.65,5,0,0,15
1064,P064,Fitness,2745.27,1,0,0,7
1107,P036,Accessories,760.81,7,0,0,3
1082,P037,Electronics,3281.37,6,0,0,14
1108,P068,Books,876.08,3,0,0,14
1106,P008,Books,848.01,3,0,0,17
1013,P016,Fitness,2659.54,7,0,0,10
1105,P064,Fitness,2745.27,1,0,0,2
1020,P054,Accessories,659.65,0,0,0,4
1179,P039,Home,1725.83,7,1,0,13
1019,P033,Home,410.99,16,3,0,1
1048,P039,Home,1725.83,5,1,1,15
1133,P022,Fitness,1891.11,5,0,1,0
1084,P047,Stationery,171.82,0,0,0,5
1088,P028,Fitness,2582.27,2,0,1,12
1132,P065,Stationery,582.68,9,2,1,13
1104,P022,Fitness,1891.11,12,2,0,5
1083,P015,Home,2456.51,5,0,0,1
1176,P061,Electronics,1198.66,11,2,1,11
1030,P011,Stationery,485.47,1,0,0,14
1073,P024,Accessories,647.01,2,0,0,0
1106,P010,Fitness,2770.64,9,2,0,17
1078,P020,Books,720.24,9,0,0,16
1046,P046,Fitness,1839.77,3,0,0,14
1043,P057,Home,2818.36,8,0,0,15
1043,P069,Home,1429.77,11,1,0,15
1141,P058,Fitness,2533.51,7,2,1,14
1109,P021,Home,1244.28,0,0,0,17
1011,P051,Home,2867.98,4,0,0,1
1076,P026,Books,474.39,0,0,0,12
1037,P042,Accessories,1972.06,4,0,0,2
1130,P048,Accessories,498.52,7,1,1,16
1118,P062,Books,1040.4,12,1,0,9
1179,P025,Electronics,2901.54,12,2,0,13
1167,P040,Fitness,522.24,3,0,0,4
1089,P031,Electronics,2153.69,1,0,0,17
1118,P004,Fitness,2522.32,1,0,0,9
1124,P022,Fitness,1891.11,0,0,0,9
1010,P019,Electronics,1029.98,6,1,0,5
1054,P003,Home,3130.68,6,0,0,9
1038,P043,Electronics,3858.95,3,1,0,8
1160,P038,Books,718.93,6,1,0,5
1091,P025,Electronics,2901.54,7,0,0,14
1092,P011,Stationery,485.47,4,0,1,7
1069,P049,Electronics,1744.32,6,0,0,12
1074,P060,Accessories,1460.29,2,0,0,9
1042,P064,Fitness,2745.27,1,0,1,18
1112,P040,Fitness,522.24,4,0,0,11
1114,P072,Accessories,1934.92,4,0,0,3
1142,P015,Home,2456.51,5,1,0,11
1113,P036,Accessories,760.81,1,0,0,4
1041,P001,Electronics,1591.46,6,0,0,13
1054,P022,Fitness,1891.11,1,0,0,9
1020,P036,Accessories,760.81,6,1,0,4
1157,P059,Stationery,331.95,12,0,0,9
1002,P040,Fitness,522.24,0,0,0,4
1051,P001,Electronics,1591.46,5,0,1,18
1084,P003,Home,3130.68,6,0,0,5
1164,P002,Books,1043.27,11,2,0,1
1048,P016,Fitness,2659.54,15,1,0,15
1040,P020,Books,720.24,1,0,0,1
1165,P052,Fitness,2479.62,6,1,0,13
1166,P034,Fitness,2273.57,0,0,0,12
1171,P040,Fitness,522.24,6,1,0,2
1088,P020,Books,720.24,3,1,0,12
1155,P001,Electronics,1591.46,8,0,1,5
1042,P012,Accessories,265.26,4,0,0,18
1043,P008,Books,848.01,2,0,0,15
1086,P003,Home,3130.68,2,0,0,6
1086,P032,Books,485.18,4,0,0,6
1065,P014,Books,504.47,0,0,0,15
1140,P063,Home,3080.28,12,2,0,13
1114,P008,Books,848.01,2,0,0,3
1025,P037,Electronics,3281.37,7,0,0,9
1069,P058,Fitness,2533.51,1,0,0,12
1031,P053,Stationery,637.33,6,0,1,7
1117,P027,Home,1914.45,3,0,0,15
1172,P037,Electronics,3281.37,2,0,1,3
1119,P064,Fitness,2745.27,6,0,0,3
1005,P028,Fitness,2582.27,7,0,1,18
1017,P048,Accessories,498.52,4,0,0,12
1131,P023,Stationery,524.92,3,0,0,16
1100,P065,Stationery,582.68,6,1,1,14
1167,P048,Accessories,498.52,0,0,0,4
1018,P068,Books,876.08,13,2,0,14
1121,P045,Home,2987.24,3,0,1,4
1126,P029,Stationery,604.58,6,1,0,0
1040,P061,Electronics,1198.66,4,0,0,1
1158,P001,Electronics,1591.46,5,0,0,6
1109,P005,Stationery,309.11,13,1,0,17
1088,P059,Stationery,331.95,4,0,0,12
1092,P059,Stationery,331.95,7,1,0,7
1053,P059,Stationery,331.95,1,0,0,1
1051,P014,Books,504.47,15,1,0,18
1064,P071,Stationery,577.39,0,0,0,7
1052,P062,Books,1040.4,6,0,0,7
1079,P018,Accessories,475.09,3,0,1,6
1156,P059,Stationery,331.95,10,0,0,2
1100,P002,Books,1043.27,13,0,0,14
1157,P061,Electronics,1198.66,0,0,0,9
1028,P053,Stationery,637.33,6,1,0,2
1079,P041,Stationery,126.65,7,0,0,6
1160,P013,Electronics,3550.72,4,0,0,5
1060,P050,Books,1014.13,13,1,0,17
1035,P023,Stationery,524.92,3,0,0,9
1135,P021,Home,1244.28,8,0,1,7
1081,P006,Accessories,557.61,8,1,0,1
1068,P005,Stationery,309.11,14,1,1,16
1133,P063,Home,3080.28,7,1,0,0
1061,P050,Books,1014.13,4,0,1,13
1099,P070,Fitness,2640.88,3,0,0,16
1160,P049,Electronics,1744.32,8,0,0,5
1059,P044,Books,713.75,1,0,0,1
1016,P028,Fitness,2582.27,3,0,0,6
1117,P060,Accessories,1460.29,0,0,0,15
1106,P045,Home,2987.24,2,0,0,17
1091,P051,Home,2867.98,4,0,0,14
1014,P002,Books,1043.27,3,0,0,13
1081,P009,Home,2296.2,0,0,0,1
1123,P021,Home,1244.28,0,0,0,4
1059,P017,Stationery,163.26,3,0,0,1
1078,P048,Accessories,498.52,1,0,0,16
1128,P059,Stationery,331.95,7,0,0,6
1164,P029,Stationery,604.58,13,2,1,1
1062,P017,Stationery,163.26,6,1,0,10
1107,P039,Home,1725.83,7,2,0,3
1154,P020,Books,720.24,2,0,0,6
1116,P065,Stationery,582.68,2,0,0,4
1135,P057,Home,2818.36,7,1,1,7
1122,P007,Electronics,3609.79,13,2,0,1
1066,P010,Fitness,2770.64,1,0,0,5
1057,P066,Accessories,1968.76,16,3,0,16
1031,P013,Electronics,3550.72,10,0,0,7
1128,P037,Electronics,3281.37,8,0,0,6
1172,P061,Electronics,1198.66,5,1,0,3
1162,P065,Stationery,582.68,2,0,0,2
1163,P064,Fitness,2745.27,9,0,0,12
1147,P013,Electronics,3550.72,4,0,0,13
1030,P040,Fitness,522.24,2,0,0,14
1054,P058,Fitness,2533.51,3,1,0,9
1061,P057,Home,2818.36,2,0,0,13
1066,P043,Electronics,3858.95,10,2,0,5
1094,P037,Electronics,3281.37,1,0,0,15
1175,P020,Books,720.24,1,0,1,18
1015,P039,Home,1725.83,7,2,1,12
1090,P063,Home,3080.28,3,0,0,18
1150,P002,Books,1043.27,14,2,1,1
1063,P041,Stationery,126.65,8,0,0,10
1046,P024,Accessories,647.01,9,0,0,14
1133,P065,Stationery,582.68,6,0,0,0
1117,P025,Electronics,2901.54,7,0,0,15
1115,P020,Books,720.24,11,0,0,13
1134,P061,Electronics,1198.66,7,0,0,8
1081,P002,Books,1043.27,0,0,0,1
1070,P035,Stationery,475.01,11,1,0,3
1003,P013,Electronics,3550.72,2,0,0,0
1151,P054,Accessories,659.65,6,0,0,16
1179,P064,Fitness,2745.27,1,0,0,13
1127,P006,Accessories,557.61,12,1,0,14
1101,P034,Fitness,2273.57,4,0,0,18
1074,P024,Accessories,647.01,2,0,0,9
1150,P051,Home,2867.98,13,2,0,1
1001,P069,Home,1429.77,3,0,0,7
1021,P040,Fitness,522.24,4,1,1,15
1116,P062,Books,1040.4,3,0,0,4
1011,P011,Stationery,485.47,4,0,0,1
1090,P027,Home,1914.45,6,0,0,18
1076,P006,Accessories,557.61,1,0,0,12
1034,P042,Accessories,1972.06,0,0,1,2
1089,P028,Fitness,2582.27,8,0,0,17
1148,P015,Home,2456.51,2,0,0,16
1076,P051,Home,2867.98,2,1,0,12
1123,P031,Electronics,2153.69,7,0,1,4
1082,P050,Books,1014.13,10,0,0,14
1091,P029,Stationery,604.58,10,0,0,14
1159,P040,Fitness,522.24,2,0,0,17
1094,P066,Accessories,1968.76,1,0,0,15
1081,P044,Books,713.75,6,0,0,1
1043,P030,Accessories,429.98,4,0,0,15
1097,P066,Accessories,1968.76,8,0,1,17
1034,P033,Home,410.99,8,0,0,2
1104,P071,Stationery,577.39,4,0,1,5
1170,P046,Fitness,1839.77,10,0,0,16
1096,P051,Home,2867.98,1,0,0,7
1100,P016,Fitness,2659.54,7,0,0,14
1072,P044,Books,713.75,0,0,0,4
1055,P031,Electronics,2153.69,0,0,0,4
1052,P057,Home,2818.36,6,0,0,7
1082,P024,Accessories,647.01,7,0,0,14
1068,P064,Fitness,2745.27,8,1,0,16
1009,P063,Home,3080.28,4,0,0,15
1052,P066,Accessories,1968.76,6,2,0,7
1080,P057,Home,2818.36,14,2,0,1
1152,P027,Home,1914.45,2,0,0,11
1051,P004,Fitness,2522.32,2,0,0,18
1020,P027,Home,1914.45,0,0,0,4
1059,P014,Books,504.47,2,0,0,1
1145,P014,Books,504.47,0,0,0,17
1001,P028,Fitness,2582.27,0,0,0,7
1113,P069,Home,1429.77,4,1,1,4
1082,P065,Stationery,582.68,8,0,1,14
1026,P025,Electronics,2901.54,3,2,1,17
1064,P026,Books,474.39,2,0,0,7
1150,P023,Stationery,524.92,8,1,0,1
1026,P045,Home,2987.24,0,0,1,17
1104,P029,Stationery,604.58,8,1,0,5
1060,P049,Electronics,1744.32,4,0,0,17
1121,P005,Stationery,309.11,4,0,0,4
1139,P050,Books,1014.13,5,0,1,9
1102,P050,Books,1014.13,6,1,0,14
1084,P012,Accessories,265.26,2,0,0,5
1052,P031,Electronics,2153.69,1,0,0,7
1062,P002,Books,1043.27,5,1,0,10
1178,P007,Electronics,3609.79,6,0,0,11
1035,P040,Fitness,522.24,14,0,0,9
1057,P022,Fitness,1891.11,3,1,0,16
1077,P006,Accessories,557.61,10,4,1,8
1057,P069,Home,1429.77,2,0,0,16
1175,P046,Fitness,1839.77,11,2,1,18
1126,P067,Electronics,737.99,7,2,0,0
1142,P005,Stationery,309.11,6,0,0,11
1065,P031,Electronics,2153.69,3,1,0,15
1014,P016,Fitness,2659.54,12,0,0,13
1091,P055,Electronics,1535.83,6,0,0,14
1091,P039,Home,1725.83,3,1,0,14
1089,P002,Books,1043.27,2,0,0,17
1060,P037,Electronics,3281.37,4,0,1,17
1097,P072,Accessories,1934.92,11,1,0,17
1053,P070,Fitness,2640.88,10,3,0,1
1039,P018,Accessories,475.09,11,2,1,12
1154,P010,Fitness,2770.64,9,0,0,6
1040,P007,Electronics,3609.79,2,0,0,1
1061,P003,Home,3130.68,6,0,0,13
1020,P061,Electronics,1198.66,11,2,1,4
1102,P054,Accessories,659.65,0,0,1,14
1128,P001,Electronics,1591.46,12,1,0,6
1127,P013,Electronics,3550.72,7,0,1,14
1084,P060,Accessories,1460.29,5,0,0,5
1084,P028,Fitness,2582.27,0,0,0,5
1053,P036,Accessories,760.81,5,0,0,1
1158,P059,Stationery,331.95,1,0,0,6
1152,P061,Electronics,1198.66,12,0,1,11
1122,P057,Home,2818.36,6,0,1,1
1007,P049,Electronics,1744.32,8,0,1,17
1049,P026,Books,474.39,4,0,0,2
1151,P039,Home,1725.83,14,2,1,16
1166,P053,Stationery,637.33,2,0,0,12
1145,P066,Accessories,1968.76,3,0,0,17
1092,P019,Electronics,1029.98,10,3,1,7
1028,P020,Books,720.24,3,0,0,2
1035,P004,Fitness,2522.32,11,0,0,9
1176,P031,Electronics,2153.69,9,1,0,11
1110,P011,Stationery,485.47,1,0,0,11
1127,P022,Fitness,1891.11,6,0,0,14
1111,P048,Accessories,498.52,9,2,1,15
1072,P045,Home,2987.24,0,0,0,4
1075,P015,Home,2456.51,3,0,0,8
1128,P025,Electronics,2901.54,11,1,0,6
1031,P058,Fitness,2533.51,1,0,1,7
1063,P042,Accessories,1972.06,5,0,1,10
1161,P064,Fitness,2745.27,0,0,0,15
1027,P024,Accessories,647.01,3,0,1,14
1104,P052,Fitness,2479.62,11,1,0,5
1089,P005,Stationery,309.11,2,0,1,17
1014,P049,Electronics,1744.32,3,1,0,13
1153,P050,Books,1014.13,5,1,0,2
1057,P009,Home,2296.2,2,0,1,16
1047,P017,Stationery,163.26,3,0,0,3
1091,P006,Accessories,557.61,4,1,1,14
1010,P025,Electronics,2901.54,1,0,1,5
1174,P022,Fitness,1891.11,10,1,0,4
1133,P060,Accessories,1460.29,3,2,1,0
1082,P064,Fitness,2745.27,0,0,0,14
1010,P011,Stationery,485.47,14,2,0,5
1075,P020,Books,720.24,10,1,0,8
1083,P036,Accessories,760.81,1,0,0,1
1124,P020,Books,720.24,8,1,1,9
1115,P065,Stationery,582.68,6,0,0,13
1132,P059,Stationery,331.95,6,0,0,13
1136,P063,Home,3080.28,2,0,0,9
1116,P020,Books,720.24,6,2,0,4
1043,P028,Fitness,2582.27,10,1,0,15
1076,P046,Fitness,1839.77,10,1,0,12
1086,P043,Electronics,3858.95,0,0,0,6
1044,P041,Stationery,126.65,9,1,0,13
1142,P003,Home,3130.68,0,0,0,11
1103,P041,Stationery,126.65,4,0,0,15
1005,P045,Home,2987.24,1,0,1,18
1066,P040,Fitness,522.24,2,0,0,5
1146,P035,Stationery,475.01,5,0,0,15
1127,P040,Fitness,522.24,4,0,1,14
1172,P067,Electronics,737.99,0,0,0,3
1105,P058,Fitness,2533.51,7,0,1,2
1176,P018,Accessories,475.09,7,0,0,11
1079,P055,Electronics,1535.83,13,1,1,6
1036,P030,Accessories,429.98,6,0,0,4
1050,P052,Fitness,2479.62,5,1,1,12
1077,P063,Home,3080.28,8,0,0,8
1103,P019,Electronics,1029.98,0,0,1,15
1059,P054,Accessories,659.65,4,0,0,1
1092,P047,Stationery,171.82,4,0,1,7
1001,P003,Home,3130.68,0,0,0,7
1097,P041,Stationery,126.65,4,0,0,17
1098,P026,Books,474.39,4,0,1,4
1136,P058,Fitness,2533.51,3,0,0,9
1123,P029,Stationery,604.58,6,0,0,4
1035,P005,Stationery,309.11,0,0,0,9
1157,P032,Books,485.18,4,0,0,9
1041,P037,Electronics,3281.37,5,1,0,13
1065,P037,Electronics,3281.37,1,0,0,15
1167,P028,Fitness,2582.27,0,0,0,4
1037,P063,Home,3080.28,10,3,1,2
1088,P044,Books,713.75,6,0,0,12
1055,P070,Fitness,2640.88,1,0,0,4
1054,P029,Stationery,604.58,5,0,0,9
1160,P048,Accessories,498.52,0,0,1,5
1106,P004,Fitness,2522.32,11,1,1,17
1111,P026,Books,474.39,3,0,0,15
1063,P054,Accessories,659.65,2,0,0,10
1119,P031,Electronics,2153.69,4,0,1,3
1154,P063,Home,3080.28,0,0,0,6
1080,P066,Accessories,1968.76,12,0,0,1
1167,P016,Fitness,2659.54,1,0,0,4
1052,P055,Electronics,1535.83,0,0,0,7
1047,P010,Fitness,2770.64,4,0,0,3
1164,P070,Fitness,2640.88,0,0,0,1
1043,P043,Electronics,3858.95,5,0,0,15
1164,P056,Books,337.37,4,0,1,1
1135,P053,Stationery,637.33,3,1,1,7
1166,P062,Books,1040.4,5,0,0,12
1122,P004,Fitness,2522.32,5,1,0,1
1045,P030,Accessories,429.98,1,1,1,1
1162,P042,Accessories,1972.06,17,2,0,2
1027,P065,Stationery,582.68,8,2,1,14
1073,P046,Fitness,1839.77,5,0,0,0
1035,P032,Books,485.18,0,0,0,9
1116,P037,Electronics,3281.37,3,0,0,4
1010,P071,Stationery,577.39,10,3,0,5
1003,P014,Books,504.47,13,2,0,0
1155,P039,Home,1725.83,2,0,0,5
1056,P026,Books,474.39,4,0,0,7
1094,P064,Fitness,2745.27,0,0,0,15
1169,P042,Accessories,1972.06,4,0,0,9
1038,P033,Home,410.99,5,1,0,8
1108,P072,Accessories,1934.92,0,0,0,14
1082,P006,Accessories,557.61,3,0,1,14
1047,P016,Fitness,2659.54,10,2,0,3
1149,P018,Accessories,475.09,12,1,1,9
1136,P017,Stationery,163.26,4,1,0,9
1159,P019,Electronics,1029.98,12,2,0,17
1119,P034,Fitness,2273.57,6,0,0,3
1172,P041,Stationery,126.65,5,0,0,3
1117,P005,Stationery,309.11,0,0,0,15
1061,P011,Stationery,485.47,13,0,0,13
1036,P024,Accessories,647.01,3,1,0,4
1092,P035,Stationery,475.01,9,0,0,7
1074,P020,Books,720.24,8,0,0,9
1042,P047,Stationery,171.82,7,0,0,18
1019,P006,Accessories,557.61,6,2,0,1
1062,P005,Stationery,309.11,1,0,0,10
1004,P019,Electronics,1029.98,2,0,0,18
1102,P028,Fitness,2582.27,11,1,1,14
1106,P041,Stationery,126.65,6,0,0,17
1030,P070,Fitness,2640.88,3,0,0,14
1148,P013,Electronics,3550.72,2,0,0,16
1086,P062,Books,1040.4,4,0,1,6
1142,P043,Electronics,3858.95,1,0,1,11
1131,P028,Fitness,2582.27,4,0,0,16
1046,P068,Books,876.08,5,0,0,14
1019,P045,Home,2987.24,11,2,0,1
1103,P047,Stationery,171.82,4,0,0,15
1019,P034,Fitness,2273.57,1,0,0,1
1093,P007,Electronics,3609.79,11,1,1,0
1073,P016,Fitness,2659.54,6,2,1,0
1114,P024,Accessories,647.01,8,0,0,3
1031,P023,Stationery,524.92,0,0,0,7
1082,P011,Stationery,485.47,12,0,0,14
1054,P037,Electronics,3281.37,6,1,0,9
1122,P054,Accessories,659.65,2,1,1,1
1052,P033,Home,410.99,5,0,0,7
1131,P071,Stationery,577.39,2,0,0,16
1006,P012,Accessories,265.26,9,2,0,10
1160,P008,Books,848.01,12,2,1,5
1042,P055,Electronics,1535.83,3,0,0,18
1076,P027,Home,1914.45,4,0,0,12
1158,P010,Fitness,2770.64,6,1,0,6
1034,P071,Stationery,577.39,7,0,0,2
1147,P047,Stationery,171.82,9,0,0,13
1098,P056,Books,337.37,3,0,0,4
1072,P011,Stationery,485.47,4,0,1,4
1053,P061,Electronics,1198.66,3,0,0,1
1001,P058,Fitness,2533.51,0,0,0,7
1146,P032,Books,485.18,4,0,0,15
1028,P001,Electronics,1591.46,4,0,0,2
1011,P025,Electronics,2901.54,11,1,0,1
1015,P013,Electronics,3550.72,5,0,0,12
1029,P008,Books,848.01,0,0,0,10
1153,P031,Electronics,2153.69,0,0,0,2
1086,P050,Books,1014.13,3,0,0,6
1072,P056,Books,337.37,4,0,0,4
1023,P006,Accessories,557.61,0,0,0,14
1108,P004,Fitness,2522.32,8,1,0,14
1100,P059,Stationery,331.95,3,0,0,14
1117,P001,Electronics,1591.46,10,1,0,15
1137,P039,Home,1725.83,4,0,0,2
1044,P029,Stationery,604.58,4,0,0,13
1146,P036,Accessories,760.81,6,0,0,15
1120,P049,Electronics,1744.32,6,2,1,5
1063,P070,Fitness,2640.88,3,0,0,10
1064,P057,Home,2818.36,1,0,0,7
1035,P008,Books,848.01,6,1,0,9
1098,P052,Fitness,2479.62,7,2,0,4
1034,P067,Electronics,737.99,2,0,0,2
1120,P010,Fitness,2770.64,5,0,0,5
1080,P056,Books,337.37,7,1,0,1
1029,P052,Fitness,2479.62,4,0,1,10
1065,P056,Books,337.37,0,0,0,15
1091,P020,Books,720.24,5,1,1,14
1030,P035,Stationery,475.01,1,0,0,14
1127,P008,Books,848.01,3,0,0,14
1138,P003,Home,3130.68,1,0,0,18
1026,P009,Home,2296.2,4,1,1,17
1115,P011,Stationery,485.47,0,0,0,13
1167,P043,Electronics,3858.95,10,1,0,4
1031,P072,Accessories,1934.92,2,0,0,7
1035,P030,Accessories,429.98,4,1,0,9
1040,P055,Electronics,1535.83,5,1,0,1
1018,P038,Books,718.93,9,3,1,14
1047,P023,Stationery,524.92,2,0,0,3
1060,P028,Fitness,2582.27,4,0,0,17
1015,P053,Stationery,637.33,5,0,0,12
1005,P020,Books,720.24,0,0,1,18
1128,P031,Electronics,2153.69,12,1,0,6
1122,P064,Fitness,2745.27,6,1,0,1
1109,P012,Accessories,265.26,3,0,0,17
1024,P053,Stationery,637.33,1,0,0,8
1085,P062,Books,1040.4,4,0,0,4
1129,P061,Electronics,1198.66,1,0,0,7
1160,P035,Stationery,475.01,4,0,0,5
1160,P020,Books,720.24,10,0,0,5
1040,P004,Fitness,2522.32,4,0,0,1
1106,P068,Books,876.08,1,0,0,17
1128,P039,Home,1725.83,2,0,1,6
1005,P003,Home,3130.68,4,0,0,18
1176,P016,Fitness,2659.54,2,0,0,11
1081,P038,Books,718.93,0,0,0,1
1140,P003,Home,3130.68,10,2,1,13
1087,P066,Accessories,1968.76,1,0,0,14
1159,P018,Accessories,475.09,0,0,0,17
1008,P032,Books,485.18,6,1,1,12
1057,P032,Books,485.18,0,0,0,16
1051,P050,Books,1014.13,7,0,0,18
1156,P045,Home,2987.24,1,0,0,2
1119,P001,Electronics,1591.46,4,0,0,3
1092,P018,Accessories,475.09,4,0,1,7
1041,P013,Electronics,3550.72,2,0,0,13
1159,P049,Electronics,1744.32,6,0,0,17
1025,P010,Fitness,2770.64,3,0,0,9
1058,P057,Home,2818.36,8,0,0,6
1013,P066,Accessories,1968.76,4,0,0,10
1034,P037,Electronics,3281.37,1,0,0,2
1076,P029,Stationery,604.58,3,1,1,12
1145,P032,Books,485.18,2,1,1,17
1099,P044,Books,713.75,11,1,0,16
1164,P044,Books,713.75,8,0,0,1
1161,P019,Electronics,1029.98,12,0,0,15
1153,P027,Home,1914.45,6,0,0,2
1123,P045,Home,2987.24,5,0,0,4
1056,P044,Books,713.75,3,0,0,7
1077,P013,Electronics,3550.72,5,1,0,8
1030,P014,Books,504.47,10,3,0,14
1152,P059,Stationery,331.95,3,1,0,11
1156,P002,Books,1043.27,2,0,0,2
1054,P042,Accessories,1972.06,1,0,0,9
1016,P064,Fitness,2745.27,0,0,0,6
1104,P019,Electronics,1029.98,5,1,0,5
1037,P024,Accessories,647.01,0,0,1,2
1001,P063,Home,3080.28,0,0,0,7
1176,P030,Accessories,429.98,7,2,0,11
1055,P047,Stationery,171.82,8,0,0,4
1108,P035,Stationery,475.01,11,2,0,14
1022,P050,Books,1014.13,3,0,0,8
1041,P033,Home,410.99,0,0,1,13
1087,P032,Books,485.18,2,0,0,14
1019,P047,Stationery,171.82,9,3,1,1
1128,P072,Accessories,1934.92,2,0,0,6
1174,P039,Home,1725.83,8,0,0,4
1121,P066,Accessories,1968.76,0,0,0,4
1042,P022,Fitness,1891.11,2,0,0,18
1163,P025,Electronics,2901.54,6,0,0,12
1099,P069,Home,1429.77,6,1,0,16
1143,P069,Home,1429.77,3,0,0,15
1034,P058,Fitness,2533.51,7,1,0,2
1038,P066,Accessories,1968.76,8,0,1,8
1049,P072,Accessories,1934.92,3,0,0,2
1017,P035,Stationery,475.01,2,0,1,12
1153,P030,Accessories,429.98,9,1,0,2
1144,P065,Stationery,582.68,8,2,1,15
1087,P004,Fitness,2522.32,13,0,0,14
1179,P038,Books,718.93,5,0,1,13
1168,P048,Accessories,498.52,8,2,1,16
1153,P009,Home,2296.2,4,0,0,2
1100,P049,Electronics,1744.32,1,0,0,14
1114,P070,Fitness,2640.88,9,1,0,3
1145,P046,Fitness,1839.77,0,0,0,17
1166,P022,Fitness,1891.11,0,0,0,12
1180,P031,Electronics,2153.69,3,0,0,2
1081,P022,Fitness,1891.11,8,1,0,1
1124,P048,Accessories,498.52,3,1,0,9
1006,P037,Electronics,3281.37,12,0,0,10
1075,P052,Fitness,2479.62,12,2,0,8
1082,P033,Home,410.99,6,0,0,14
1142,P037,Electronics,3281.37,4,0,0,11
1009,P030,Accessories,429.98,4,0,0,15
1030,P039,Home,1725.83,7,1,1,14
1162,P007,Electronics,3609.79,0,0,0,2
1126,P026,Books,474.39,0,0,0,0
1033,P037,Electronics,3281.37,9,0,0,0
1010,P052,Fitness,2479.62,4,0,0,5
1170,P044,Books,713.75,0,0,0,16
1128,P012,Accessories,265.26,3,0,0,6
1156,P035,Stationery,475.01,11,0,1,2
1038,P028,Fitness,2582.27,1,0,0,8
1158,P046,Fitness,1839.77,3,0,0,6
1018,P031,Electronics,2153.69,1,0,0,14
1006,P066,Accessories,1968.76,10,0,0,10
1012,P002,Books,1043.27,13,1,0,0
1053,P065,Stationery,582.68,0,0,0,1
1052,P030,Accessories,429.98,1,0,0,7
1098,P041,Stationery,126.65,12,0,0,4
1036,P037,Electronics,3281.37,4,0,0,4
1031,P020,Books,720.24,4,1,1,7
1023,P069,Home,1429.77,14,3,0,14
1144,P043,Electronics,3858.95,0,0,0,15
1180,P042,Accessories,1972.06,6,1,1,2
1062,P024,Accessories,647.01,0,0,0,10
1103,P062,Books,1040.4,0,0,0,15
1174,P029,Stationery,604.58,6,2,0,4
1057,P035,Stationery,475.01,10,0,0,16
1146,P026,Books,474.39,2,0,0,15
1056,P032,Books,485.18,8,2,0,7
1062,P029,Stationery,604.58,2,0,0,10
1016,P018,Accessories,475.09,1,0,1,6
1008,P070,Fitness,2640.88,0,0,0,12
1140,P024,Accessories,647.01,2,0,0,13
1101,P019,Electronics,1029.98,2,0,1,18
1130,P001,Electronics,1591.46,12,1,1,16
1010,P013,Electronics,3550.72,1,0,0,5
1122,P034,Fitness,2273.57,9,1,0,1
1114,P066,Accessories,1968.76,5,0,0,3
1021,P050,Books,1014.13,3,0,0,15
1043,P029,Stationery,604.58,0,0,0,15
1120,P015,Home,2456.51,2,0,0,5
1070,P031,Electronics,2153.69,5,0,0,3
1028,P016,Fitness,2659.54,4,0,0,2
1158,P040,Fitness,522.24,3,1,0,6
1085,P039,Home,1725.83,3,0,0,4
1107,P072,Accessories,1934.92,7,0,0,3
1138,P055,Electronics,1535.83,8,2,1,18
1061,P019,Electronics,1029.98,2,0,0,13
1061,P036,Accessories,760.81,8,0,1,13
1105,P044,Books,713.75,12,1,0,2
1037,P025,Electronics,2901.54,5,0,0,2
1045,P036,Accessories,760.81,1,0,1,1
1158,P047,Stationery,171.82,3,0,0,6
1158,P037,Electronics,3281.37,7,1,0,6
1023,P043,Electronics,3858.95,5,1,0,14
1074,P012,Accessories,265.26,3,0,0,9
1090,P042,Accessories,1972.06,0,0,0,18
1050,P025,Electronics,2901.54,0,0,0,12
1173,P069,Home,1429.77,3,0,0,16
1175,P017,Stationery,163.26,7,1,1,18
1118,P058,Fitness,2533.51,0,0,0,9
1001,P049,Electronics,1744.32,4,0,0,7
1115,P017,Stationery,163.26,0,0,0,13
1180,P033,Home,410.99,3,0,0,2
1005,P034,Fitness,2273.57,5,1,0,18
1089,P054,Accessories,659.65,4,1,0,17
1165,P071,Stationery,577.39,8,2,1,13
1033,P058,Fitness,2533.51,6,1,1,0
1044,P034,Fitness,2273.57,5,0,0,13
1088,P069,Home,1429.77,5,1,0,12
1092,P060,Accessories,1460.29,0,0,0,7
1059,P021,Home,1244.28,5,0,0,1
1042,P011,Stationery,485.47,5,0,0,18
1076,P001,Electronics,1591.46,8,1,0,12
1136,P027,Home,1914.45,3,0,0,9
1057,P054,Accessories,659.65,11,2,1,16
1092,P056,Books,337.37,4,0,0,7
1068,P063,Home,3080.28,3,0,1,16
1100,P066,Accessories,1968.76,13,1,0,14
1176,P029,Stationery,604.58,0,0,0,11
1006,P048,Accessories,498.52,10,1,0,10
1033,P010,Fitness,2770.64,4,0,1,0
1022,P025,Electronics,2901.54,2,0,0,8
1062,P061,Electronics,1198.66,10,2,0,10
1071,P039,Home,1725.83,5,0,0,7
1151,P030,Accessories,429.98,2,0,1,16
1050,P067,Electronics,737.99,3,0,0,12
1179,P067,Electronics,737.99,7,2,0,13
1001,P022,Fitness,1891.11,0,0,0,7
1078,P072,Accessories,1934.92,3,0,0,16
1001,P038,Books,718.93,6,1,0,7
1132,P037,Electronics,3281.37,2,0,1,13
1094,P011,Stationery,485.47,2,0,0,15
1167,P018,Accessories,475.09,0,0,0,4
1093,P062,Books,1040.4,0,0,0,0
1168,P034,Fitness,2273.57,2,0,0,16
1121,P032,Books,485.18,4,0,0,4
1056,P020,Books,720.24,3,0,0,7
1171,P008,Books,848.01,9,0,0,2
1098,P049,Electronics,1744.32,7,0,0,4
1065,P023,Stationery,524.92,2,0,0,15
1134,P034,Fitness,2273.57,5,0,0,8
1100,P072,Accessories,1934.92,11,4,1,14
1027,P034,Fitness,2273.57,0,0,0,14
1043,P049,Electronics,1744.32,1,0,0,15
1049,P005,Stationery,309.11,6,0,0,2
1017,P038,Books,718.93,9,0,0,12
1059,P035,Stationery,475.01,4,1,0,1
1077,P059,Stationery,331.95,3,1,1,8
1011,P019,Electronics,1029.98,11,2,1,1
1131,P060,Accessories,1460.29,3,0,0,16
1102,P056,Books,337.37,4,1,0,14
1168,P052,Fitness,2479.62,4,0,0,16
1132,P015,Home,2456.51,6,0,0,13
1107,P015,Home,2456.51,0,0,0,3
1097,P035,Stationery,475.01,3,0,0,17
1144,P062,Books,1040.4,9,1,1,15
1034,P038,Books,718.93,2,0,0,2
1030,P006,Accessories,557.61,1,0,0,14
1099,P009,Home,2296.2,2,0,0,16
1044,P060,Accessories,1460.29,11,1,0,13
1023,P050,Books,1014.13,0,0,0,14
1116,P040,Fitness,522.24,8,1,0,4
1032,P070,Fitness,2640.88,5,0,0,12
1101,P017,Stationery,163.26,5,0,0,18
1120,P038,Books,718.93,12,0,0,5
1086,P017,Stationery,163.26,11,3,0,6
1059,P011,Stationery,485.47,4,0,0,1
1076,P047,Stationery,171.82,3,0,0,12
1039,P056,Books,337.37,2,0,0,12
1143,P033,Home,410.99,3,0,0,15
1147,P056,Books,337.37,2,0,0,13
1146,P002,Books,1043.27,5,1,0,15
1023,P002,Books,1043.27,5,0,0,14
1093,P066,Accessories,1968.76,8,0,0,0
1136,P072,Accessories,1934.92,2,0,0,9
1087,P071,Stationery,577.39,3,0,0,14
1033,P043,Electronics,3858.95,8,1,0,0
1116,P047,Stationery,171.82,0,0,0,4
1131,P009,Home,2296.2,6,1,1,16
1166,P057,Home,2818.36,4,0,0,12
1169,P023,Stationery,524.92,12,2,0,9
1158,P049,Electronics,1744.32,5,1,0,6
1050,P008,Books,848.01,1,1,1,12
1116,P051,Home,2867.98,2,0,0,4
1075,P070,Fitness,2640.88,10,1,0,8
1169,P070,Fitness,2640.88,2,0,0,9
1024,P057,Home,2818.36,0,0,0,8
1011,P040,Fitness,522.24,0,0,0,1
1176,P063,Home,3080.28,3,0,0,11
1016,P061,Electronics,1198.66,7,0,0,6
1130,P027,Home,1914.45,8,2,1,16
1098,P021,Home,1244.28,3,1,1,4
1106,P038,Books,718.93,0,0,0,17
1083,P008,Books,848.01,14,2,1,1
1149,P069,Home,1429.77,1,0,0,9
1176,P052,Fitness,2479.62,10,1,1,11
1075,P053,Stationery,637.33,9,2,1,8
1140,P029,Stationery,604.58,6,1,0,13
1104,P051,Home,2867.98,0,0,0,5
1148,P030,Accessories,429.98,11,1,1,16
1080,P001,Electronics,1591.46,4,0,0,1
1168,P071,Stationery,577.39,7,1,1,16
1067,P011,Stationery,485.47,0,0,0,6
1096,P049,Electronics,1744.32,1,0,0,7
1031,P012,Accessories,265.26,5,0,0,7
1017,P053,Stationery,637.33,6,0,0,12
1122,P038,Books,718.93,8,2,1,1
1019,P007,Electronics,3609.79,7,2,0,1
1031,P068,Books,876.08,4,0,0,7
1050,P036,Accessories,760.81,11,0,0,12
1061,P005,Stationery,309.11,13,1,0,13
1143,P055,Electronics,1535.83,14,2,0,15
1177,P041,Stationery,126.65,1,0,1,11
1163,P072,Accessories,1934.92,0,0,0,12
1023,P042,Accessories,1972.06,8,0,0,14
1128,P046,Fitness,1839.77,2,1,0,6
1115,P036,Accessories,760.81,5,0,1,13
1174,P001,Electronics,1591.46,0,0,0,4
1024,P013,Electronics,3550.72,1,0,0,8
1014,P056,Books,337.37,2,0,0,13
1108,P032,Books,485.18,2,0,0,14
1095,P038,Books,718.93,5,1,0,18
1069,P046,Fitness,1839.77,12,1,1,12
1030,P009,Home,2296.2,4,0,1,14
1117,P012,Accessories,265.26,8,1,1,15
1025,P017,Stationery,163.26,11,0,0,9
1054,P070,Fitness,2640.88,5,0,1,9
1078,P003,Home,3130.68,4,0,0,16
1123,P035,Stationery,475.01,0,0,0,4
1066,P065,Stationery,582.68,12,0,0,5
1107,P064,Fitness,2745.27,8,0,0,3
1058,P021,Home,1244.28,6,1,0,6
1146,P018,Accessories,475.09,2,0,0,15
1023,P032,Books,485.18,3,1,0,14
1020,P011,Stationery,485.47,0,0,0,4
1125,P007,Electronics,3609.79,4,0,0,13
1167,P011,Stationery,485.47,5,1,1,4
1169,P047,Stationery,171.82,11,2,0,9
1075,P041,Stationery,126.65,2,0,1,8
1029,P054,Accessories,659.65,10,2,0,10
1016,P054,Accessories,659.65,5,0,0,6
1110,P066,Accessories,1968.76,3,0,0,11
1176,P028,Fitness,2582.27,5,0,0,11
1112,P008,Books,848.01,12,1,0,11
1054,P062,Books,1040.4,11,1,0,9
1063,P037,Electronics,3281.37,9,0,0,10
1003,P050,Books,1014.13,9,0,0,0
1159,P035,Stationery,475.01,8,1,1,17
1153,P003,Home,3130.68,6,0,0,2
1126,P015,Home,2456.51,5,1,0,0
1014,P015,Home,2456.51,0,0,0,13
1101,P011,Stationery,485.47,4,0,1,18
1099,P003,Home,3130.68,1,0,0,16
1069,P034,Fitness,2273.57,4,0,0,12
1043,P027,Home,1914.45,5,0,0,15
1068,P066,Accessories,1968.76,3,1,1,16
1126,P002,Books,1043.27,7,2,0,0
1163,P019,Electronics,1029.98,9,0,0,12
1052,P056,Books,337.37,3,1,0,7
1045,P029,Stationery,604.58,0,0,0,1
1060,P011,Stationery,485.47,4,0,0,17
1062,P068,Books,876.08,6,0,0,10
1069,P054,Accessories,659.65,5,0,0,12
1087,P042,Accessories,1972.06,0,0,0,14
1158,P067,Electronics,737.99,8,0,1,6
1065,P020,Books,720.24,0,0,0,15
1176,P011,Stationery,485.47,0,0,0,11
1028,P072,Accessories,1934.92,11,2,1,2
1051,P003,Home,3130.68,3,0,0,18
1011,P030,Accessories,429.98,9,1,0,1
1113,P014,Books,504.47,1,0,0,4
1063,P035,Stationery,475.01,5,0,0,10
1168,P041,Stationery,126.65,4,0,0,16
1158,P072,Accessories,1934.92,8,1,0,6
1161,P005,Stationery,309.11,12,1,1,15
1174,P033,Home,410.99,7,0,0,4
1154,P054,Accessories,659.65,9,2,0,6
1057,P058,Fitness,2533.51,0,0,0,16
1100,P010,Fitness,2770.64,4,1,1,14
1090,P010,Fitness,2770.64,5,0,0,18
1168,P005,Stationery,309.11,6,0,0,16
1039,P026,Books,474.39,0,0,0,12
1103,P055,Electronics,1535.83,5,0,0,15
1112,P033,Home,410.99,2,1,0,11
1037,P029,Stationery,604.58,0,0,0,2
1039,P015,Home,2456.51,4,1,1,12
1140,P039,Home,1725.83,2,0,1,13
1009,P065,Stationery,582.68,2,0,0,15
1079,P020,Books,720.24,7,0,0,6
1169,P050,Books,1014.13,4,0,0,9
1069,P006,Accessories,557.61,1,0,1,12
1012,P046,Fitness,1839.77,0,0,0,0
1154,P009,Home,2296.2,4,1,0,6
1099,P024,Accessories,647.01,11,1,1,16
1018,P028,Fitness,2582.27,2,1,0,14
1080,P011,Stationery,485.47,5,0,0,1
1137,P029,Stationery,604.58,13,2,0,2
1071,P018,Accessories,475.09,13,2,1,7
1161,P057,Home,2818.36,2,0,0,15
1151,P005,Stationery,309.11,0,0,0,16
1138,P056,Books,337.37,2,0,0,18
1120,P037,Electronics,3281.37,1,0,1,5
1164,P016,Fitness,2659.54,4,0,0,1
1088,P011,Stationery,485.47,5,0,0,12
1097,P014,Books,504.47,5,1,0,17
1121,P026,Books,474.39,4,1,1,4
1094,P041,Stationery,126.65,2,0,0,15
1021,P056,Books,337.37,2,0,0,15
1017,P066,Accessories,1968.76,4,1,0,12
1019,P046,Fitness,1839.77,7,0,0,1
1066,P011,Stationery,485.47,11,1,0,5
1132,P036,Accessories,760.81,0,0,0,13
1037,P044,Books,713.75,8,2,0,2
1173,P068,Books,876.08,1,0,0,16
1128,P020,Books,720.24,0,0,1,6
1020,P033,Home,410.99,1,0,0,4
1093,P063,Home,3080.28,6,2,0,0
1042,P008,Books,848.01,10,0,1,18
1118,P049,Electronics,1744.32,6,1,1,9
1112,P071,Stationery,577.39,9,1,0,11
1158,P036,Accessories,760.81,0,0,0,6
1051,P022,Fitness,1891.11,2,0,0,18
1022,P039,Home,1725.83,14,1,0,8
1086,P035,Stationery,475.01,10,2,1,6
1138,P057,Home,2818.36,5,0,0,18
1113,P015,Home,2456.51,1,0,0,4
1046,P040,Fitness,522.24,5,1,0,14
1034,P059,Stationery,331.95,1,0,0,2
1124,P014,Books,504.47,3,0,0,9
1063,P071,Stationery,577.39,0,0,1,10
1086,P069,Home,1429.77,9,1,1,6
1013,P045,Home,2987.24,0,0,0,10
1086,P013,Electronics,3550.72,11,0,1,6
1091,P031,Electronics,2153.69,5,0,0,14
1034,P072,Accessories,1934.92,2,0,0,2
1136,P001,Electronics,1591.46,3,0,0,9
1159,P048,Accessories,498.52,1,0,0,17
1114,P028,Fitness,2582.27,4,0,0,3
1059,P007,Electronics,3609.79,4,0,0,1
1028,P010,Fitness,2770.64,6,0,0,2
1156,P011,Stationery,485.47,12,3,0,2
1134,P015,Home,2456.51,2,0,0,8
1080,P051,Home,2867.98,8,0,0,1
1004,P048,Accessories,498.52,7,0,0,18
1066,P062,Books,1040.4,0,0,0,5
1126,P048,Accessories,498.52,12,0,0,0
1150,P016,Fitness,2659.54,4,0,0,1
1036,P067,Electronics,737.99,3,0,0,4
1050,P046,Fitness,1839.77,9,2,0,12
1073,P033,Home,410.99,12,0,0,0
1157,P024,Accessories,647.01,11,0,0,9
1003,P036,Accessories,760.81,2,0,0,0
1162,P001,Electronics,1591.46,2,0,0,2
1031,P029,Stationery,604.58,0,0,0,7
1023,P048,Accessories,498.52,4,0,0,14
1152,P036,Accessories,760.81,5,1,0,11
1175,P015,Home,2456.51,6,0,1,18
1077,P036,Accessories,760.81,13,1,0,8
1115,P066,Accessories,1968.76,3,1,0,13
1113,P018,Accessories,475.09,1,0,0,4
1023,P053,Stationery,637.33,0,0,0,14
1035,P017,Stationery,163.26,13,1,0,9
1019,P065,Stationery,582.68,2,0,1,1
1018,P005,Stationery,309.11,1,0,0,14
1031,P004,Fitness,2522.32,3,0,0,7
1120,P008,Books,848.01,12,2,1,5
1129,P046,Fitness,1839.77,3,0,0,7
1169,P053,Stationery,637.33,14,2,0,9
1030,P064,Fitness,2745.27,0,0,0,14
1090,P024,Accessories,647.01,0,0,0,18
1107,P016,Fitness,2659.54,4,0,0,3
1123,P049,Electronics,1744.32,4,0,0,4
1065,P010,Fitness,2770.64,7,1,1,15
1068,P009,Home,2296.2,3,0,0,16
1044,P011,Stationery,485.47,6,0,0,13
1178,P057,Home,2818.36,1,0,0,11
1128,P060,Accessories,1460.29,5,0,0,6
1041,P007,Electronics,3609.79,0,0,0,13
1153,P032,Books,485.18,7,0,0,2
1037,P037,Electronics,3281.37,8,2,0,2
1088,P033,Home,410.99,6,0,0,12
1089,P030,Accessories,429.98,10,0,0,17
1160,P012,Accessories,265.26,6,0,0,5
1019,P020,Books,720.24,7,0,0,1
1087,P048,Accessories,498.52,2,0,0,14
1082,P003,Home,3130.68,2,0,0,14
1123,P027,Home,1914.45,6,0,0,4
1071,P036,Accessories,760.81,13,3,0,7
1102,P049,Electronics,1744.32,5,0,0,14
1033,P060,Accessories,1460.29,3,0,0,0
1111,P009,Home,2296.2,2,0,0,15
1141,P013,Electronics,3550.72,4,0,0,14
1115,P030,Accessories,429.98,5,0,0,13
1128,P023,Stationery,524.92,16,0,0,6
1173,P045,Home,2987.24,0,0,1,16
1026,P027,Home,1914.45,5,0,0,17
1012,P034,Fitness,2273.57,2,0,0,0
1061,P034,Fitness,2273.57,2,1,0,13
1124,P028,Fitness,2582.27,5,0,0,9
1113,P062,Books,1040.4,6,1,0,4
1107,P059,Stationery,331.95,5,0,0,3
1038,P067,Electronics,737.99,0,0,0,8
1167,P030,Accessories,429.98,3,0,0,4
1169,P001,Electronics,1591.46,5,1,0,9
1052,P006,Accessories,557.61,5,1,1,7
1165,P054,Accessories,659.65,6,0,0,13
1145,P015,Home,2456.51,6,1,1,17
1092,P016,Fitness,2659.54,3,0,0,7
1078,P008,Books,848.01,6,0,0,16
1139,P023,Stationery,524.92,8,0,0,9
1173,P063,Home,3080.28,1,0,0,16
1101,P005,Stationery,309.11,2,0,0,18
1004,P046,Fitness,1839.77,1,0,0,18
1128,P045,Home,2987.24,6,0,0,6
1172,P068,Books,876.08,7,0,0,3
1096,P069,Home,1429.77,0,0,0,7
1160,P058,Fitness,2533.51,11,0,0,5
1009,P014,Books,504.47,7,0,0,15
1002,P021,Home,1244.28,0,0,0,4
1140,P046,Fitness,1839.77,9,0,0,13
1156,P007,Electronics,3609.79,1,0,0,2
1081,P059,Stationery,331.95,6,0,0,1
1158,P066,Accessories,1968.76,2,0,0,6
1106,P062,Books,1040.4,2,0,0,17
1083,P061,Electronics,1198.66,0,0,0,1
1134,P033,Home,410.99,2,0,0,8
1162,P025,Electronics,2901.54,4,0,0,2
1179,P017,Stationery,163.26,8,1,1,13
1022,P034,Fitness,2273.57,0,0,0,8
1126,P061,Electronics,1198.66,6,0,0,0
1165,P059,Stationery,331.95,15,1,0,13
1034,P021,Home,1244.28,5,0,0,2
1174,P054,Accessories,659.65,6,0,1,4
1013,P060,Accessories,1460.29,6,0,0,10
1094,P038,Books,718.93,11,4,0,15
1029,P053,Stationery,637.33,7,0,1,10
1066,P021,Home,1244.28,1,0,0,5
1164,P026,Books,474.39,6,0,0,1
1027,P015,Home,2456.51,0,0,0,14
1148,P055,Electronics,1535.83,4,0,0,16
1133,P069,Home,1429.77,4,1,0,0
1079,P023,Stationery,524.92,11,2,0,6
1078,P061,Electronics,1198.66,7,0,0,16
1006,P034,Fitness,2273.57,4,0,1,10
1052,P045,Home,2987.24,2,1,0,7
1103,P012,Accessories,265.26,5,0,0,15
1040,P066,Accessories,1968.76,0,0,0,1
1170,P048,Accessories,498.52,0,0,1,16
1065,P038,Books,718.93,3,0,0,15
1097,P025,Electronics,2901.54,0,0,0,17
1020,P014,Books,504.47,7,3,1,4
1069,P018,Accessories,475.09,4,1,0,12
1108,P006,Accessories,557.61,3,0,0,14
1139,P034,Fitness,2273.57,3,1,0,9
1140,P072,Accessories,1934.92,7,0,0,13
1010,P012,Accessories,265.26,1,0,1,5
1126,P068,Books,876.08,0,0,0,0
1078,P035,Stationery,475.01,12,3,0,16
1069,P060,Accessories,1460.29,6,0,0,12
1107,P065,Stationery,582.68,3,0,0,3
1015,P046,Fitness,1839.77,0,0,1,12
1074,P023,Stationery,524.92,3,0,0,9
1093,P046,Fitness,1839.77,6,0,1,0
1011,P008,Books,848.01,5,1,0,1
1016,P063,Home,3080.28,3,0,0,6
1136,P050,Books,1014.13,3,1,0,9
1130,P033,Home,410.99,11,4,1,16
1017,P043,Electronics,3858.95,7,0,0,12
1112,P001,Electronics,1591.46,6,0,0,11
1020,P052,Fitness,2479.62,0,0,0,4
1011,P002,Books,1043.27,2,0,0,1
1153,P005,Stationery,309.11,9,0,0,2
1065,P013,Electronics,3550.72,6,1,0,15
1102,P001,Electronics,1591.46,2,0,0,14
1180,P058,Fitness,2533.51,0,0,0,2
1156,P046,Fitness,1839.77,7,0,1,2
1049,P033,Home,410.99,7,1,1,2
1115,P052,Fitness,2479.62,4,0,0,13
1095,P030,Accessories,429.98,12,1,0,18
1158,P056,Books,337.37,14,3,1,6
1029,P009,Home,2296.2,14,2,0,10
1167,P007,Electronics,3609.79,15,2,0,4
1152,P067,Electronics,737.99,9,1,0,11
1146,P049,Electronics,1744.32,7,0,0,15
1174,P017,Stationery,163.26,3,0,0,4
1051,P055,Electronics,1535.83,3,0,0,18
1041,P028,Fitness,2582.27,3,0,0,13
1137,P008,Books,848.01,6,0,0,2
1051,P070,Fitness,2640.88,2,0,1,18
1103,P070,Fitness,2640.88,6,0,0,15
1112,P023,Stationery,524.92,6,0,1,11
1096,P035,Stationery,475.01,7,1,1,7
1131,P004,Fitness,2522.32,2,0,0,16
1046,P055,Electronics,1535.83,15,1,0,14
1087,P024,Accessories,647.01,4,0,0,14
1011,P059,Stationery,331.95,3,0,0,1
1133,P041,Stationery,126.65,4,0,0,0
1131,P064,Fitness,2745.27,4,1,0,16
1132,P047,Stationery,171.82,14,1,0,13
1031,P027,Home,1914.45,5,0,1,7
1059,P039,Home,1725.83,7,0,0,1
1041,P066,Accessories,1968.76,2,0,0,13
1168,P036,Accessories,760.81,11,2,0,16
1167,P023,Stationery,524.92,5,0,0,4
1106,P052,Fitness,2479.62,7,0,0,17
1128,P029,Stationery,604.58,7,0,0,6
1003,P026,Books,474.39,10,1,0,0
1010,P060,Accessories,1460.29,5,0,0,5
1019,P036,Accessories,760.81,5,1,0,1
1136,P052,Fitness,2479.62,10,0,1,9
1121,P068,Books,876.08,2,0,0,4
1089,P023,Stationery,524.92,4,0,0,17
1160,P036,Accessories,760.81,3,0,0,5
1117,P021,Home,1244.28,5,1,1,15
1114,P026,Books,474.39,6,0,0,3
1010,P022,Fitness,1891.11,2,0,0,5
1103,P060,Accessories,1460.29,5,0,0,15
1038,P044,Books,713.75,2,0,0,8
1154,P028,Fitness,2582.27,0,0,0,6
1002,P011,Stationery,485.47,2,0,0,4
1048,P009,Home,2296.2,8,2,0,15
1036,P002,Books,1043.27,8,3,0,4
1088,P031,Electronics,2153.69,14,0,0,12
1029,P022,Fitness,1891.11,4,1,0,10
1124,P001,Electronics,1591.46,7,1,1,9
1021,P032,Books,485.18,0,0,1,15
1063,P046,Fitness,1839.77,4,0,0,10
1093,P054,Accessories,659.65,2,0,0,0
1075,P009,Home,2296.2,1,0,0,8
1162,P034,Fitness,2273.57,3,0,0,2
1043,P063,Home,3080.28,7,0,0,15
1053,P020,Books,720.24,16,1,0,1
1048,P058,Fitness,2533.51,4,0,0,15
1007,P050,Books,1014.13,8,1,0,17
1083,P053,Stationery,637.33,5,0,0,1
1056,P028,Fitness,2582.27,4,0,0,7
1033,P048,Accessories,498.52,0,0,0,0
1059,P040,Fitness,522.24,11,1,1,1
1138,P001,Electronics,1591.46,5,0,1,18
1051,P026,Books,474.39,12,3,0,18
1134,P018,Accessories,475.09,1,1,1,8
1008,P034,Fitness,2273.57,2,0,0,12
1064,P038,Books,718.93,5,1,0,7
1127,P071,Stationery,577.39,10,0,1,14
1032,P011,Stationery,485.47,0,0,0,12
1049,P029,Stationery,604.58,3,0,0,2
1057,P053,Stationery,637.33,4,0,0,16
1075,P068,Books,876.08,2,1,1,8
1161,P004,Fitness,2522.32,7,0,0,15
1159,P043,Electronics,3858.95,2,1,0,17
1023,P017,Stationery,163.26,2,0,0,14
1066,P042,Accessories,1972.06,6,1,0,5
1039,P039,Home,1725.83,1,0,0,12
1121,P018,Accessories,475.09,3,1,0,4
1091,P011,Stationery,485.47,19,1,1,14
1020,P048,Accessories,498.52,5,0,0,4
1042,P059,Stationery,331.95,4,0,0,18
1054,P015,Home,2456.51,3,0,0,9
1033,P035,Stationery,475.01,0,0,0,0
1096,P024,Accessories,647.01,2,0,0,7
1071,P064,Fitness,2745.27,4,0,0,7
1045,P037,Electronics,3281.37,9,0,0,1
1113,P070,Fitness,2640.88,7,2,0,4
1079,P067,Electronics,737.99,6,1,0,6
1055,P020,Books,720.24,0,0,0,4
1093,P036,Accessories,760.81,7,0,0,0
1173,P023,Stationery,524.92,7,0,0,16
1138,P061,Electronics,1198.66,16,4,1,18
1099,P002,Books,1043.27,12,3,1,16
1115,P044,Books,713.75,9,1,0,13
1063,P021,Home,1244.28,9,0,0,10
1160,P054,Accessories,659.65,6,0,0,5
1002,P060,Accessories,1460.29,4,1,0,4
1095,P056,Books,337.37,1,0,0,18
1035,P068,Books,876.08,2,0,0,9
1085,P031,Electronics,2153.69,6,1,1,4
1046,P054,Accessories,659.65,6,0,0,14
1008,P019,Electronics,1029.98,11,2,1,12
1052,P009,Home,2296.2,1,0,0,7
1033,P031,Electronics,2153.69,4,1,0,0
1164,P030,Accessories,429.98,0,0,0,1
1109,P061,Electronics,1198.66,3,0,0,17
1026,P040,Fitness,522.24,11,0,0,17
1169,P065,Stationery,582.68,12,1,0,9
1059,P034,Fitness,2273.57,10,0,1,1
1045,P061,Electronics,1198.66,4,0,0,1
1132,P048,Accessories,498.52,0,0,0,13
1100,P011,Stationery,485.47,2,0,0,14
1163,P023,Stationery,524.92,3,0,0,12
1028,P006,Accessories,557.61,10,2,1,2
1112,P029,Stationery,604.58,5,1,1,11
1144,P055,Electronics,1535.83,5,0,0,15
1036,P055,Electronics,1535.83,1,0,0,4
1133,P045,Home,2987.24,3,0,0,0
1158,P019,Electronics,1029.98,12,3,0,6
1175,P011,Stationery,485.47,4,1,0,18
1133,P003,Home,3130.68,2,0,0,0
1055,P024,Accessories,647.01,10,1,0,4
1062,P012,Accessories,265.26,6,1,1,10
1014,P026,Books,474.39,0,0,1,13
1123,P019,Electronics,1029.98,2,0,0,4
1024,P043,Electronics,3858.95,4,0,1,8
1147,P006,Accessories,557.61,10,0,0,13
1041,P039,Home,1725.83,6,0,1,13
1132,P008,Books,848.01,1,0,0,13
1018,P033,Home,410.99,8,2,1,14
1166,P051,Home,2867.98,7,0,0,12
1128,P051,Home,2867.98,3,0,0,6
1170,P041,Stationery,126.65,4,1,0,16
1157,P012,Accessories,265.26,14,1,0,9
1010,P017,Stationery,163.26,11,2,0,5
1009,P049,Electronics,1744.32,0,0,0,15
1017,P055,Electronics,1535.83,3,1,0,12
1024,P044,Books,713.75,0,0,1,8
1112,P058,Fitness,2533.51,3,0,0,11
1144,P041,Stationery,126.65,7,1,0,15
1089,P012,Accessories,265.26,0,0,0,17
1173,P044,Books,713.75,11,2,0,16
1112,P032,Books,485.18,12,2,0,11
1062,P003,Home,3130.68,5,1,0,10
1127,P043,Electronics,3858.95,11,2,0,14
1168,P023,Stationery,524.92,12,2,0,16
1155,P007,Electronics,3609.79,9,0,1,5
1019,P018,Accessories,475.09,4,1,1,1
1135,P028,Fitness,2582.27,9,3,0,7
1032,P060,Accessories,1460.29,3,0,0,12
1162,P008,Books,848.01,3,0,0,2
1155,P033,Home,410.99,3,0,0,5
1135,P069,Home,1429.77,5,0,0,7
1111,P058,Fitness,2533.51,2,1,0,15
1086,P001,Electronics,1591.46,4,0,0,6
1022,P027,Home,1914.45,13,1,0,8
1175,P028,Fitness,2582.27,10,1,1,18
1048,P028,Fitness,2582.27,9,0,0,15
1017,P033,Home,410.99,6,1,1,12
1118,P055,Electronics,1535.83,5,1,1,9
1119,P068,Books,876.08,4,0,0,3
1062,P015,Home,2456.51,1,0,0,10
1025,P050,Books,1014.13,4,1,0,9
1146,P031,Electronics,2153.69,3,1,1,15
1134,P041,Stationery,126.65,4,0,0,8
1101,P064,Fitness,2745.27,2,0,1,18
1122,P019,Electronics,1029.98,9,1,0,1
1036,P049,Electronics,1744.32,1,0,0,4
1085,P053,Stationery,637.33,12,1,1,4
1066,P004,Fitness,2522.32,5,1,0,5
1064,P021,Home,1244.28,2,0,1,7
1130,P009,Home,2296.2,10,0,0,16
1083,P052,Fitness,2479.62,8,2,0,1
1034,P063,Home,3080.28,7,0,0,2
1133,P013,Electronics,3550.72,0,0,0,0
1009,P002,Books,1043.27,8,0,0,15
1027,P031,Electronics,2153.69,6,1,1,14
1088,P026,Books,474.39,5,0,0,12
1110,P059,Stationery,331.95,4,1,0,11
1051,P031,Electronics,2153.69,2,0,1,18
1070,P012,Accessories,265.26,4,0,1,3
1062,P069,Home,1429.77,3,0,0,10
1159,P033,Home,410.99,8,2,0,17
1110,P024,Accessories,647.01,9,0,0,11
1155,P026,Books,474.39,8,1,0,5
1061,P065,Stationery,582.68,11,2,0,13
1097,P007,Electronics,3609.79,4,0,0,17
1089,P001,Electronics,1591.46,0,0,0,17
1032,P034,Fitness,2273.57,4,1,1,12
1029,P003,Home,3130.68,12,4,1,10
1075,P014,Books,504.47,7,0,0,8
1145,P050,Books,1014.13,2,1,0,17
1068,P023,Stationery,524.92,11,1,1,16
1012,P004,Fitness,2522.32,1,0,0,0
1012,P016,Fitness,2659.54,1,0,1,0
1174,P058,Fitness,2533.51,3,0,0,4
1128,P068,Books,876.08,4,0,0,6
1010,P029,Stationery,604.58,10,1,1,5
1058,P034,Fitness,2273.57,12,2,0,6
1101,P046,Fitness,1839.77,2,0,0,18
1056,P056,Books,337.37,9,1,0,7
1008,P043,Electronics,3858.95,9,0,0,12
1024,P009,Home,2296.2,4,1,0,8
1165,P029,Stationery,604.58,10,1,0,13
1071,P005,Stationery,309.11,0,0,0,7
1008,P041,Stationery,126.65,3,0,0,12
1100,P006,Accessories,557.61,10,3,0,14
1153,P053,Stationery,637.33,5,0,0,2
1065,P018,Accessories,475.09,13,2,1,15
1041,P058,Fitness,2533.51,5,0,0,13
1006,P027,Home,1914.45,5,0,0,10
1175,P038,Books,718.93,1,0,0,18
1159,P009,Home,2296.2,11,0,0,17
1161,P039,Home,1725.83,0,0,0,15
1167,P070,Fitness,2640.88,2,0,0,4
1077,P037,Electronics,3281.37,0,0,0,8
1092,P057,Home,2818.36,5,1,0,7
1059,P050,Books,1014.13,5,1,0,1
1051,P008,Books,848.01,9,1,0,18
1153,P047,Stationery,171.82,5,0,1,2
1056,P001,Electronics,1591.46,2,0,0,7
1083,P042,Accessories,1972.06,0,0,0,1
1006,P068,Books,876.08,6,1,0,10
1083,P054,Accessories,659.65,7,0,0,1
1039,P072,Accessories,1934.92,14,4,0,12
1044,P050,Books,1014.13,6,1,0,13
1017,P050,Books,1014.13,6,0,1,12
1082,P028,Fitness,2582.27,2,0,0,14
1116,P029,Stationery,604.58,2,0,0,4
1158,P060,Accessories,1460.29,3,0,0,6
1149,P064,Fitness,2745.27,6,2,0,9
1055,P018,Accessories,475.09,11,0,1,4
1004,P001,Electronics,1591.46,11,0,1,18
1169,P049,Electronics,1744.32,1,1,1,9
1106,P053,Stationery,637.33,4,1,0,17
1167,P037,Electronics,3281.37,13,2,0,4
1106,P028,Fitness,2582.27,10,0,0,17
1059,P016,Fitness,2659.54,7,1,1,1
1012,P009,Home,2296.2,8,1,0,0
1134,P065,Stationery,582.68,0,0,0,8
1034,P070,Fitness,2640.88,14,1,1,2
1024,P039,Home,1725.83,8,1,1,8
1017,P056,Books,337.37,0,0,0,12
1160,P045,Home,2987.24,2,0,0,5
1085,P060,Accessories,1460.29,3,0,0,4
1155,P017,Stationery,163.26,5,0,1,5
1056,P054,Accessories,659.65,4,0,1,7
1159,P003,Home,3130.68,5,0,0,17
1133,P047,Stationery,171.82,4,1,0,0
1007,P038,Books,718.93,0,0,0,17
1015,P009,Home,2296.2,15,3,0,12
1010,P047,Stationery,171.82,6,1,0,5
1138,P054,Accessories,659.65,10,1,0,18
1119,P065,Stationery,582.68,14,2,0,3
1016,P034,Fitness,2273.57,2,0,0,6
1145,P006,Accessories,557.61,1,0,0,17
1041,P036,Accessories,760.81,3,1,1,13
1135,P067,Electronics,737.99,0,0,0,7
1003,P069,Home,1429.77,12,0,0,0
1139,P059,Stationery,331.95,5,0,0,9
1148,P051,Home,2867.98,10,1,0,16
1062,P028,Fitness,2582.27,0,0,0,10
1146,P015,Home,2456.51,16,1,0,15
1032,P067,Electronics,737.99,4,0,0,12
1027,P033,Home,410.99,9,0,0,14
1072,P037,Electronics,3281.37,5,1,0,4
1134,P032,Books,485.18,10,1,0,8
1034,P052,Fitness,2479.62,11,1,0,2
1172,P017,Stationery,163.26,4,0,0,3
1090,P068,Books,876.08,4,0,0,18
1148,P010,Fitness,2770.64,3,0,0,16
1012,P018,Accessories,475.09,11,2,0,0
1169,P008,Books,848.01,7,0,0,9
1001,P020,Books,720.24,7,1,0,7
1019,P027,Home,1914.45,7,1,0,1
1051,P051,Home,2867.98,8,2,1,18
1153,P058,Fitness,2533.51,3,0,0,2
1057,P042,Accessories,1972.06,11,2,0,16
1122,P035,Stationery,475.01,3,1,0,1
1035,P006,Accessories,557.61,7,1,0,9
1015,P042,Accessories,1972.06,6,0,1,12
1177,P055,Electronics,1535.83,0,0,0,11
1029,P032,Books,485.18,4,1,0,10
1052,P014,Books,504.47,0,0,0,7
1168,P024,Accessories,647.01,15,0,0,16
1068,P035,Stationery,475.01,11,1,0,16
1094,P072,Accessories,1934.92,3,1,1,15
1022,P071,Stationery,577.39,4,0,0,8
1137,P054,Accessories,659.65,5,0,0,2
1026,P037,Electronics,3281.37,5,1,1,17
1012,P062,Books,1040.4,14,2,0,0
1164,P059,Stationery,331.95,12,2,0,1
1120,P021,Home,1244.28,2,0,0,5
1147,P011,Stationery,485.47,9,0,0,13
1077,P034,Fitness,2273.57,4,1,0,8
1074,P037,Electronics,3281.37,8,0,0,9
1027,P027,Home,1914.45,7,0,0,14
1071,P012,Accessories,265.26,5,0,0,7
1003,P040,Fitness,522.24,6,0,0,0
1033,P051,Home,2867.98,0,0,0,0
1002,P046,Fitness,1839.77,5,0,0,4
1156,P040,Fitness,522.24,6,0,0,2
1143,P008,Books,848.01,1,0,0,15
1110,P051,Home,2867.98,0,0,0,11
1153,P011,Stationery,485.47,7,0,0,2
1049,P001,Electronics,1591.46,11,1,0,2
1045,P028,Fitness,2582.27,3,0,0,1
1158,P023,Stationery,524.92,2,2,1,6
1161,P028,Fitness,2582.27,8,1,0,15
1028,P025,Electronics,2901.54,0,0,0,2
1161,P060,Accessories,1460.29,4,0,0,15
1098,P045,Home,2987.24,2,0,0,4
1042,P040,Fitness,522.24,3,3,1,18
1173,P022,Fitness,1891.11,10,4,0,16
1109,P057,Home,2818.36,4,0,0,17
1073,P037,Electronics,3281.37,4,0,0,0
1070,P033,Home,410.99,9,0,0,3
1100,P039,Home,1725.83,0,0,0,14
1060,P044,Books,713.75,8,0,0,17
1142,P007,Electronics,3609.79,6,1,0,11
1081,P034,Fitness,2273.57,1,0,0,1
1054,P011,Stationery,485.47,4,0,0,9
1081,P017,Stationery,163.26,2,0,0,1
1114,P039,Home,1725.83,1,0,0,3
1093,P069,Home,1429.77,3,1,0,0
1148,P029,Stationery,604.58,6,0,1,16
1049,P021,Home,1244.28,6,0,0,2
1180,P051,Home,2867.98,0,0,0,2
1151,P041,Stationery,126.65,0,0,0,16
1078,P053,Stationery,637.33,9,0,0,16
1027,P035,Stationery,475.01,10,3,0,14
1129,P038,Books,718.93,7,0,0,7
1056,P002,Books,1043.27,3,0,0,7
1168,P018,Accessories,475.09,13,2,1,16
1058,P028,Fitness,2582.27,13,0,0,6
1054,P010,Fitness,2770.64,4,0,0,9
1178,P067,Electronics,737.99,7,0,0,11
1109,P051,Home,2867.98,4,0,1,17
1121,P061,Electronics,1198.66,5,1,0,4
1055,P027,Home,1914.45,0,0,0,4
1136,P010,Fitness,2770.64,6,0,0,9
1066,P061,Electronics,1198.66,10,3,0,5
1047,P013,Electronics,3550.72,14,2,0,3
1063,P018,Accessories,475.09,10,1,0,10
1143,P002,Books,1043.27,4,0,0,15
1049,P019,Electronics,1029.98,14,3,1,2
1134,P066,Accessories,1968.76,3,0,0,8
1017,P071,Stationery,577.39,10,0,1,12
1179,P066,Accessories,1968.76,6,1,0,13
1005,P070,Fitness,2640.88,6,1,0,18
1168,P054,Accessories,659.65,11,1,0,16
1128,P015,Home,2456.51,8,0,0,6
1059,P055,Electronics,1535.83,6,1,0,1
1018,P057,Home,2818.36,14,1,1,14
1144,P058,Fitness,2533.51,4,0,0,15
1093,P072,Accessories,1934.92,11,2,0,0
1077,P002,Books,1043.27,2,1,0,8
1157,P055,Electronics,1535.83,8,0,0,9
1003,P070,Fitness,2640.88,0,0,0,0
1144,P033,Home,410.99,6,1,0,15
1013,P061,Electronics,1198.66,3,0,1,10
1146,P001,Electronics,1591.46,5,1,0,15
1078,P068,Books,876.08,10,3,1,16
1112,P016,Fitness,2659.54,4,1,1,11
1148,P049,Electronics,1744.32,4,0,1,16
1023,P031,Electronics,2153.69,3,0,0,14
1053,P007,Electronics,3609.79,2,0,0,1
1131,P021,Home,1244.28,4,0,0,16
1121,P022,Fitness,1891.11,11,1,1,4
1045,P048,Accessories,498.52,0,0,0,1
1084,P050,Books,1014.13,8,1,0,5
1077,P052,Fitness,2479.62,3,0,0,8
1127,P014,Books,504.47,5,0,0,14
1170,P018,Accessories,475.09,1,0,0,16
1021,P019,Electronics,1029.98,11,0,1,15
1063,P029,Stationery,604.58,0,0,0,10
1169,P036,Accessories,760.81,6,0,0,9
1165,P047,Stationery,171.82,16,0,1,13
1094,P015,Home,2456.51,7,1,0,15
1066,P017,Stationery,163.26,11,2,1,5
1053,P022,Fitness,1891.11,9,3,0,1
1018,P022,Fitness,1891.11,6,0,0,14
1144,P070,Fitness,2640.88,5,0,0,15
1020,P022,Fitness,1891.11,8,1,0,4
1171,P063,Home,3080.28,3,0,0,2
1122,P066,Accessories,1968.76,7,0,0,1
1096,P011,Stationery,485.47,13,5,0,7
1017,P060,Accessories,1460.29,3,0,0,12
1063,P060,Accessories,1460.29,6,0,0,10
1176,P066,Accessories,1968.76,2,0,0,11
1010,P034,Fitness,2273.57,4,1,0,5
1095,P053,Stationery,637.33,1,0,0,18
1075,P067,Electronics,737.99,3,1,1,8
1094,P050,Books,1014.13,10,1,0,15
1122,P022,Fitness,1891.11,0,0,0,1
1107,P021,Home,1244.28,9,2,0,3
1040,P040,Fitness,522.24,3,0,0,1
1002,P032,Books,485.18,1,0,0,4
1065,P001,Electronics,1591.46,6,0,0,15
1152,P013,Electronics,3550.72,17,2,0,11
1072,P059,Stationery,331.95,9,0,0,4
1095,P029,Stationery,604.58,3,1,1,18
1140,P065,Stationery,582.68,4,0,0,13
1053,P043,Electronics,3858.95,4,0,0,1
1076,P034,Fitness,2273.57,11,1,1,12
1048,P059,Stationery,331.95,8,0,0,15
1082,P039,Home,1725.83,3,0,1,14
1042,P020,Books,720.24,20,2,1,18
1008,P006,Accessories,557.61,3,0,0,12
1042,P029,Stationery,604.58,3,0,0,18
1052,P052,Fitness,2479.62,13,4,0,7
1111,P061,Electronics,1198.66,6,1,0,15
1147,P070,Fitness,2640.88,6,1,0,13
1052,P032,Books,485.18,4,2,0,7
1054,P004,Fitness,2522.32,3,1,0,9
1121,P065,Stationery,582.68,2,0,1,4
1139,P012,Accessories,265.26,0,0,0,9
1126,P008,Books,848.01,2,0,0,0
1111,P049,Electronics,1744.32,6,0,1,15
1150,P006,Accessories,557.61,0,0,0,1
1160,P028,Fitness,2582.27,4,0,0,5
1121,P059,Stationery,331.95,0,0,0,4
1066,P007,Electronics,3609.79,10,0,0,5
1095,P014,Books,504.47,5,0,0,18
1019,P010,Fitness,2770.64,6,0,0,1
1027,P021,Home,1244.28,8,0,1,14
1106,P065,Stationery,582.68,3,1,1,17
1123,P002,Books,1043.27,0,0,0,4
1151,P011,Stationery,485.47,6,0,1,16
1041,P046,Fitness,1839.77,8,0,0,13
1029,P046,Fitness,1839.77,2,1,0,10
1112,P047,Stationery,171.82,7,1,1,11
1012,P040,Fitness,522.24,2,0,1,0
1026,P024,Accessories,647.01,0,0,1,17
1004,P016,Fitness,2659.54,1,0,0,18
1040,P059,Stationery,331.95,8,2,0,1
1149,P060,Accessories,1460.29,9,1,0,9
1115,P059,Stationery,331.95,5,0,0,13
1134,P013,Electronics,3550.72,2,0,0,8
1041,P072,Accessories,1934.92,6,0,0,13
1091,P062,Books,1040.4,5,0,0,14
1071,P013,Electronics,3550.72,6,0,0,7
1117,P002,Books,1043.27,5,1,0,15
1029,P001,Electronics,1591.46,4,0,0,10
1147,P063,Home,3080.28,18,0,0,13
1022,P040,Fitness,522.24,6,0,0,8
1121,P015,Home,2456.51,2,0,0,4
1126,P039,Home,1725.83,2,0,0,0
1154,P066,Accessories,1968.76,0,0,0,6
1060,P071,Stationery,577.39,0,0,0,17
1051,P059,Stationery,331.95,9,0,0,18
1066,P063,Home,3080.28,2,0,0,5
1071,P050,Books,1014.13,4,0,0,7
1111,P040,Fitness,522.24,0,0,0,15
1076,P023,Stationery,524.92,10,0,0,12
1170,P042,Accessories,1972.06,1,0,0,16
1093,P005,Stationery,309.11,4,0,0,0
1135,P006,Accessories,557.61,0,0,0,7
1047,P058,Fitness,2533.51,7,0,0,3
1140,P071,Stationery,577.39,6,0,0,13
1156,P015,Home,2456.51,6,0,0,2
1136,P021,Home,1244.28,6,0,0,9
1122,P024,Accessories,647.01,5,0,0,1
1137,P013,Electronics,3550.72,8,0,0,2
1004,P044,Books,713.75,7,0,0,18
1002,P004,Fitness,2522.32,9,0,0,4
1051,P012,Accessories,265.26,5,0,0,18
1048,P019,Electronics,1029.98,3,0,0,15
1002,P068,Books,876.08,10,1,1,4
1039,P050,Books,1014.13,4,0,0,12
1130,P022,Fitness,1891.11,4,1,0,16
1043,P062,Books,1040.4,2,0,1,15
1053,P015,Home,2456.51,2,1,0,1
1072,P038,Books,718.93,2,0,0,4
1015,P004,Fitness,2522.32,1,0,0,12
1174,P028,Fitness,2582.27,5,0,0,4
1145,P005,Stationery,309.11,8,1,0,17
1147,P051,Home,2867.98,10,1,1,13
1095,P025,Electronics,2901.54,1,0,1,18
1090,P023,Stationery,524.92,6,0,0,18
1038,P034,Fitness,2273.57,0,0,0,8
1059,P048,Accessories,498.52,8,0,1,1
1026,P013,Electronics,3550.72,7,0,0,17
1169,P017,Stationery,163.26,12,2,1,9
1082,P001,Electronics,1591.46,3,0,0,14
1138,P066,Accessories,1968.76,7,0,1,18
1089,P070,Fitness,2640.88,3,0,0,17
1066,P002,Books,1043.27,4,0,0,5
1022,P047,Stationery,171.82,7,0,0,8
1088,P050,Books,1014.13,5,1,0,12
1089,P050,Books,1014.13,7,1,0,17
1157,P016,Fitness,2659.54,4,0,0,9
1099,P046,Fitness,1839.77,5,0,0,16
1078,P062,Books,1040.4,8,1,0,16
1031,P043,Electronics,3858.95,9,1,0,7
1016,P004,Fitness,2522.32,4,0,0,6
1049,P032,Books,485.18,6,0,0,2
1149,P065,Stationery,582.68,7,0,1,9
1108,P019,Electronics,1029.98,2,0,0,14
1029,P063,Home,3080.28,10,1,0,10
1113,P039,Home,1725.83,7,1,0,4
1012,P048,Accessories,498.52,5,0,0,0
1053,P042,Accessories,1972.06,9,0,0,1
1056,P030,Accessories,429.98,0,0,0,7
1088,P068,Books,876.08,0,0,0,12
1069,P053,Stationery,637.33,5,0,0,12
1080,P070,Fitness,2640.88,2,0,0,1
1036,P048,Accessories,498.52,1,0,0,4
1058,P071,Stationery,577.39,5,0,0,6
1021,P037,Electronics,3281.37,9,1,0,15
1109,P015,Home,2456.51,4,0,1,17
1103,P048,Accessories,498.52,4,1,0,15
1040,P063,Home,3080.28,7,0,0,1
1091,P037,Electronics,3281.37,8,1,1,14
1177,P040,Fitness,522.24,11,1,1,11
1055,P055,Electronics,1535.83,0,0,0,4
1089,P020,Books,720.24,5,0,0,17
1066,P024,Accessories,647.01,2,0,0,5
1116,P023,Stationery,524.92,4,0,0,4
1161,P024,Accessories,647.01,1,0,0,15
1019,P041,Stationery,126.65,4,0,0,1
1163,P031,Electronics,2153.69,5,0,1,12
1030,P033,Home,410.99,5,2,1,14
1110,P060,Accessories,1460.29,5,2,0,11
1179,P041,Stationery,126.65,0,0,0,13
1125,P002,Books,1043.27,1,0,1,13
1062,P065,Stationery,582.68,7,1,1,10
1169,P061,Electronics,1198.66,0,0,0,9
1094,P067,Electronics,737.99,0,0,0,15
1006,P001,Electronics,1591.46,9,3,1,10
1049,P050,Books,1014.13,7,0,0,2
1136,P029,Stationery,604.58,5,0,0,9
1011,P015,Home,2456.51,3,0,0,1
1060,P052,Fitness,2479.62,3,1,0,17
1064,P030,Accessories,429.98,11,2,0,7
1020,P072,Accessories,1934.92,2,0,1,4
1120,P029,Stationery,604.58,7,0,0,5
1012,P028,Fitness,2582.27,1,0,0,0
1174,P026,Books,474.39,0,0,0,4
1149,P041,Stationery,126.65,4,0,0,9
1034,P066,Accessories,1968.76,6,2,0,2
1038,P061,Electronics,1198.66,1,0,0,8
1057,P057,Home,2818.36,0,0,0,16
1090,P036,Accessories,760.81,4,0,1,18
1165,P069,Home,1429.77,5,0,0,13
1127,P066,Accessories,1968.76,12,2,1,14
1027,P026,Books,474.39,2,0,0,14
1124,P062,Books,1040.4,1,0,1,9
1137,P033,Home,410.99,1,0,1,2
1129,P039,Home,1725.83,11,0,0,7
1177,P003,Home,3130.68,3,0,0,11
1102,P027,Home,1914.45,9,2,0,14
1050,P012,Accessories,265.26,3,0,0,12
1129,P067,Electronics,737.99,2,0,0,7
1050,P021,Home,1244.28,9,1,1,12
1148,P041,Stationery,126.65,8,0,0,16
1023,P001,Electronics,1591.46,1,0,0,14
1124,P033,Home,410.99,15,2,0,9
1118,P067,Electronics,737.99,0,0,0,9
1044,P069,Home,1429.77,5,0,0,13
1038,P010,Fitness,2770.64,2,0,0,8
1012,P032,Books,485.18,11,1,0,0
1131,P014,Books,504.47,15,2,1,16
1152,P015,Home,2456.51,0,0,0,11
1031,P063,Home,3080.28,4,0,0,7
1107,P068,Books,876.08,0,0,0,3
1064,P061,Electronics,1198.66,6,1,1,7
1012,P025,Electronics,2901.54,0,0,0,0
1105,P014,Books,504.47,12,1,0,2
1100,P051,Home,2867.98,3,1,0,14
1161,P072,Accessories,1934.92,1,0,0,15
1053,P002,Books,1043.27,15,1,0,1
1029,P033,Home,410.99,9,0,0,10
1005,P051,Home,2867.98,3,1,1,18
1022,P009,Home,2296.2,8,0,0,8
1173,P002,Books,1043.27,5,0,0,16
1173,P019,Electronics,1029.98,3,0,0,16
1172,P002,Books,1043.27,11,2,1,3
1052,P015,Home,2456.51,2,0,0,7
1066,P019,Electronics,1029.98,9,0,0,5
1169,P069,Home,1429.77,0,0,0,9
1179,P068,Books,876.08,5,0,0,13
1056,P038,Books,718.93,2,0,0,7
1101,P043,Electronics,3858.95,6,1,0,18
1126,P013,Electronics,3550.72,10,1,0,0
1045,P023,Stationery,524.92,7,0,0,1
1024,P040,Fitness,522.24,8,0,0,8
1096,P060,Accessories,1460.29,0,0,0,7
1135,P013,Electronics,3550.72,6,0,0,7
1096,P020,Books,720.24,6,0,1,7
1003,P072,Accessories,1934.92,0,0,0,0
1028,P027,Home,1914.45,0,0,0,2
1123,P001,Electronics,1591.46,3,0,0,4
1099,P038,Books,718.93,11,1,0,16
1007,P072,Accessories,1934.92,6,0,0,17
1037,P008,Books,848.01,4,0,0,2
1072,P048,Accessories,498.52,14,0,1,4
1149,P053,Stationery,637.33,1,0,0,9
1010,P065,Stationery,582.68,8,2,0,5
1143,P035,Stationery,475.01,0,0,0,15
1016,P030,Accessories,429.98,4,1,0,6
1037,P038,Books,718.93,7,1,0,2
1092,P015,Home,2456.51,2,0,0,7
1105,P063,Home,3080.28,9,2,0,2
1080,P052,Fitness,2479.62,3,0,0,1
1064,P028,Fitness,2582.27,6,0,0,7
1116,P071,Stationery,577.39,4,0,1,4
1139,P052,Fitness,2479.62,2,1,0,9
1077,P070,Fitness,2640.88,4,0,0,8
1093,P001,Electronics,1591.46,11,1,0,0
1108,P037,Electronics,3281.37,0,0,0,14
1059,P005,Stationery,309.11,0,0,0,1
1157,P033,Home,410.99,2,0,0,9
1134,P045,Home,2987.24,6,1,0,8
1047,P047,Stationery,171.82,1,0,0,3
1157,P065,Stationery,582.68,10,0,0,9
1007,P060,Accessories,1460.29,2,0,0,17
1092,P067,Electronics,737.99,11,1,0,7
1082,P008,Books,848.01,6,0,0,14
1020,P040,Fitness,522.24,5,0,0,4
1172,P057,Home,2818.36,3,0,0,3
1152,P046,Fitness,1839.77,0,0,0,11
1005,P011,Stationery,485.47,11,0,0,18
1055,P054,Accessories,659.65,12,2,0,4
1113,P049,Electronics,1744.32,11,2,0,4
1015,P065,Stationery,582.68,3,0,0,12
1108,P005,Stationery,309.11,9,2,0,14
1010,P041,Stationery,126.65,8,0,0,5
1152,P045,Home,2987.24,5,1,0,11
1155,P016,Fitness,2659.54,3,0,0,5
1143,P063,Home,3080.28,4,1,1,15
1171,P029,Stationery,604.58,0,0,0,2
1071,P025,Electronics,2901.54,8,0,0,7
1120,P047,Stationery,171.82,11,0,0,5
1151,P034,Fitness,2273.57,3,0,0,16
1146,P007,Electronics,3609.79,0,0,0,15
1152,P019,Electronics,1029.98,13,4,1,11
1063,P033,Home,410.99,3,0,0,10
1132,P068,Books,876.08,2,0,0,13
1124,P032,Books,485.18,2,0,0,9
1137,P032,Books,485.18,0,0,0,2
1017,P014,Books,504.47,0,0,1,12
1144,P064,Fitness,2745.27,0,0,0,15
1045,P004,Fitness,2522.32,8,0,0,1
1022,P058,Fitness,2533.51,5,0,0,8
1085,P017,Stationery,163.26,12,1,0,4
1065,P017,Stationery,163.26,0,0,0,15
1163,P042,Accessories,1972.06,0,0,0,12
1058,P024,Accessories,647.01,2,0,1,6
1134,P022,Fitness,1891.11,8,2,1,8
1029,P061,Electronics,1198.66,6,0,0,10
1176,P004,Fitness,2522.32,2,1,1,11
1030,P062,Books,1040.4,9,1,0,14
1009,P043,Electronics,3858.95,7,2,0,15
1030,P001,Electronics,1591.46,6,1,0,14
1090,P030,Accessories,429.98,2,0,0,18
1085,P015,Home,2456.51,3,0,0,4
1144,P057,Home,2818.36,5,1,0,15
1150,P060,Accessories,1460.29,9,1,0,1
1085,P072,Accessories,1934.92,3,0,0,4
1057,P033,Home,410.99,6,0,0,16
1103,P052,Fitness,2479.62,12,1,1,15
1009,P066,Accessories,1968.76,0,0,0,15
1039,P030,Accessories,429.98,13,0,1,12
1036,P010,Fitness,2770.64,3,0,0,4
1130,P030,Accessories,429.98,9,0,0,16
1059,P046,Fitness,1839.77,15,2,0,1
1089,P037,Electronics,3281.37,3,0,0,17
1177,P064,Fitness,2745.27,7,1,1,11
1058,P060,Accessories,1460.29,6,1,0,6
1104,P024,Accessories,647.01,5,1,0,5
1123,P071,Stationery,577.39,0,0,0,4
1018,P020,Books,720.24,9,2,1,14
1170,P066,Accessories,1968.76,0,0,0,16
1127,P031,Electronics,2153.69,4,1,0,14
1094,P009,Home,2296.2,5,1,0,15
1016,P068,Books,876.08,11,1,0,6
1029,P010,Fitness,2770.64,0,0,1,10
1174,P060,Accessories,1460.29,13,2,1,4
1115,P033,Home,410.99,2,0,1,13
1099,P045,Home,2987.24,1,0,1,16
1146,P009,Home,2296.2,10,2,1,15
1135,P023,Stationery,524.92,1,0,0,7
1170,P025,Electronics,2901.54,3,0,0,16
1011,P048,Accessories,498.52,6,1,0,1
1080,P028,Fitness,2582.27,0,0,1,1
1077,P046,Fitness,1839.77,4,0,1,8
1021,P029,Stationery,604.58,8,0,0,15
1032,P012,Accessories,265.26,1,0,0,12
1104,P032,Books,485.18,8,0,0,5
1038,P021,Home,1244.28,4,0,0,8
1120,P020,Books,720.24,9,0,0,5
1060,P030,Accessories,429.98,4,0,0,17
1150,P039,Home,1725.83,6,1,0,1
1012,P072,Accessories,1934.92,10,0,0,0
1169,P055,Electronics,1535.83,6,0,0,9
1073,P032,Books,485.18,3,0,0,0
1093,P023,Stationery,524.92,4,0,0,0
1173,P056,Books,337.37,4,1,0,16
1138,P036,Accessories,760.81,7,0,0,18
1142,P006,Accessories,557.61,2,0,0,11
1021,P018,Accessories,475.09,0,0,0,15
1172,P001,Electronics,1591.46,9,0,0,3
1061,P064,Fitness,2745.27,9,0,0,13
1133,P008,Books,848.01,8,0,0,0
1037,P017,Stationery,163.26,1,0,0,2
1121,P048,Accessories,498.52,3,0,0,4
1106,P069,Home,1429.77,1,0,0,17
1079,P039,Home,1725.83,2,1,0,6
1137,P052,Fitness,2479.62,4,0,0,2
1010,P046,Fitness,1839.77,0,0,0,5
1001,P060,Accessories,1460.29,11,0,0,7
1025,P020,Books,720.24,8,1,0,9
1062,P038,Books,718.93,7,0,1,10
1024,P055,Electronics,1535.83,0,0,0,8
1020,P067,Electronics,737.99,10,1,0,4
1046,P049,Electronics,1744.32,11,2,1,14
1157,P027,Home,1914.45,1,0,0,9
1128,P055,Electronics,1535.83,7,1,0,6
1056,P042,Accessories,1972.06,3,1,0,7
1175,P071,Stationery,577.39,1,0,1,18
1041,P044,Books,713.75,5,1,0,13
1149,P052,Fitness,2479.62,5,0,0,9
1016,P022,Fitness,1891.11,0,0,0,6
1118,P007,Electronics,3609.79,7,0,0,9
1055,P043,Electronics,3858.95,5,1,0,4
1078,P047,Stationery,171.82,6,0,0,16
1115,P055,Electronics,1535.83,3,0,0,13
1019,P059,Stationery,331.95,0,0,0,1
1146,P065,Stationery,582.68,6,1,0,15
1125,P018,Accessories,475.09,3,1,1,13
1170,P071,Stationery,577.39,0,0,1,16
1074,P034,Fitness,2273.57,7,1,0,9
1064,P051,Home,2867.98,4,0,0,7
1115,P004,Fitness,2522.32,7,1,0,13
1039,P070,Fitness,2640.88,8,1,1,12
1012,P023,Stationery,524.92,7,1,0,0
1082,P036,Accessories,760.81,5,2,0,14
1030,P010,Fitness,2770.64,1,0,0,14
1094,P012,Accessories,265.26,5,1,0,15
1100,P013,Electronics,3550.72,1,0,1,14
1115,P060,Accessories,1460.29,4,0,0,13
1178,P053,Stationery,637.33,15,3,1,11
1067,P033,Home,410.99,1,0,0,6
1144,P056,Books,337.37,9,1,0,15
1109,P072,Accessories,1934.92,6,1,0,17
1073,P011,Stationery,485.47,5,0,0,0
1125,P003,Home,3130.68,3,0,1,13
1025,P006,Accessories,557.61,4,1,0,9
1091,P067,Electronics,737.99,6,0,0,14
1107,P011,Stationery,485.47,2,0,0,3
1139,P001,Electronics,1591.46,18,5,1,9
1109,P047,Stationery,171.82,12,2,1,17
1067,P053,Stationery,637.33,10,1,0,6
1090,P022,Fitness,1891.11,7,0,0,18
1058,P017,Stationery,163.26,2,0,1,6
1058,P052,Fitness,2479.62,15,1,0,6
1085,P052,Fitness,2479.62,0,0,0,4
1020,P013,Electronics,3550.72,10,2,0,4
1043,P017,Stationery,163.26,0,0,0,15
1087,P034,Fitness,2273.57,6,1,0,14
1009,P069,Home,1429.77,2,0,0,15
1105,P009,Home,2296.2,9,1,0,2
1090,P046,Fitness,1839.77,0,0,1,18
1144,P067,Electronics,737.99,5,0,0,15
1075,P018,Accessories,475.09,2,0,0,8
1174,P002,Books,1043.27,5,0,0,4
1175,P037,Electronics,3281.37,5,0,0,18
1180,P025,Electronics,2901.54,3,1,0,2
1013,P068,Books,876.08,9,1,1,10
1066,P067,Electronics,737.99,3,1,1,5
1072,P039,Home,1725.83,1,0,0,4
1151,P029,Stationery,604.58,1,0,0,16
1008,P066,Accessories,1968.76,8,0,1,12
1171,P054,Accessories,659.65,5,0,0,2
1060,P025,Electronics,2901.54,4,0,0,17
1178,P011,Stationery,485.47,10,1,1,11
1039,P009,Home,2296.2,6,0,0,12
1175,P003,Home,3130.68,2,0,0,18
1025,P005,Stationery,309.11,8,2,0,9
1008,P047,Stationery,171.82,3,0,0,12
1024,P038,Books,718.93,9,2,0,8
1157,P054,Accessories,659.65,3,0,1,9
1053,P069,Home,1429.77,8,0,0,1
1173,P036,Accessories,760.81,2,0,0,16
1053,P012,Accessories,265.26,5,0,1,1
1124,P006,Accessories,557.61,0,0,0,9
1118,P001,Electronics,1591.46,5,1,0,9
1025,P016,Fitness,2659.54,2,0,0,9
1106,P020,Books,720.24,0,0,0,17
1158,P038,Books,718.93,11,0,0,6
1059,P067,Electronics,737.99,3,0,0,1
1162,P060,Accessories,1460.29,12,1,0,2
1008,P009,Home,2296.2,5,1,0,12
1146,P062,Books,1040.4,4,2,1,15
1164,P001,Electronics,1591.46,0,0,0,1
1016,P016,Fitness,2659.54,6,0,0,6
1145,P054,Accessories,659.65,5,0,1,17
1068,P021,Home,1244.28,0,0,0,16
1025,P007,Electronics,3609.79,11,0,0,9
1150,P011,Stationery,485.47,2,0,0,1
1041,P031,Electronics,2153.69,3,0,0,13
1083,P068,Books,876.08,11,0,1,1
1056,P027,Home,1914.45,8,1,0,7
1118,P052,Fitness,2479.62,5,0,0,9
1052,P064,Fitness,2745.27,9,2,0,7
1109,P004,Fitness,2522.32,4,0,0,17
1062,P060,Accessories,1460.29,3,1,0,10
1048,P071,Stationery,577.39,3,0,0,15
1073,P034,Fitness,2273.57,2,0,0,0
1089,P048,Accessories,498.52,6,0,0,17
1104,P056,Books,337.37,1,0,0,5
1017,P009,Home,2296.2,10,0,0,12
1108,P026,Books,474.39,4,0,1,14
1099,P065,Stationery,582.68,4,0,0,16
1052,P012,Accessories,265.26,5,1,0,7
1168,P002,Books,1043.27,2,0,0,16
1124,P030,Accessories,429.98,5,0,1,9
1169,P014,Books,504.47,4,0,0,9
1046,P059,Stationery,331.95,3,0,0,14
1003,P061,Electronics,1198.66,3,0,0,0
1082,P034,Fitness,2273.57,1,0,1,14
1173,P014,Books,504.47,13,1,0,16
1033,P072,Accessories,1934.92,3,0,0,0
1065,P057,Home,2818.36,7,0,0,15
1009,P001,Electronics,1591.46,2,0,0,15
1127,P025,Electronics,2901.54,4,0,0,14
1095,P043,Electronics,3858.95,5,0,0,18
1164,P004,Fitness,2522.32,2,0,0,1
1093,P048,Accessories,498.52,8,2,1,0
1098,P029,Stationery,604.58,15,1,1,4
1038,P014,Books,504.47,9,0,0,8
1089,P034,Fitness,2273.57,4,0,0,17
1039,P059,Stationery,331.95,1,0,0,12
1121,P055,Electronics,1535.83,2,1,1,4
1139,P017,Stationery,163.26,6,0,1,9
1133,P064,Fitness,2745.27,6,0,0,0
1171,P025,Electronics,2901.54,6,1,0,2
1125,P067,Electronics,737.99,4,1,0,13
1078,P039,Home,1725.83,7,0,0,16
1151,P022,Fitness,1891.11,4,1,1,16
1007,P021,Home,1244.28,5,0,0,17
1002,P014,Books,504.47,5,0,0,4
1027,P055,Electronics,1535.83,4,1,1,14
1040,P054,Accessories,659.65,1,0,0,1
1144,P063,Home,3080.28,0,0,0,15
1007,P048,Accessories,498.52,9,2,1,17
1011,P053,Stationery,637.33,0,0,0,1
1114,P010,Fitness,2770.64,6,1,0,3
1039,P023,Stationery,524.92,5,0,0,12
1160,P016,Fitness,2659.54,3,0,0,5
1010,P030,Accessories,429.98,6,0,0,5
1110,P026,Books,474.39,7,2,0,11
1108,P045,Home,2987.24,0,0,0,14
1163,P043,Electronics,3858.95,11,2,1,12
1163,P055,Electronics,1535.83,8,0,0,12
1154,P069,Home,1429.77,10,0,0,6
1134,P069,Home,1429.77,8,1,1,8
1064,P018,Accessories,475.09,6,0,1,7
1002,P041,Stationery,126.65,2,0,0,4
1118,P060,Accessories,1460.29,5,0,0,9
1029,P029,Stationery,604.58,5,0,0,10
1076,P010,Fitness,2770.64,17,3,1,12
1022,P026,Books,474.39,0,0,0,8
1128,P056,Books,337.37,0,0,0,6
1168,P062,Books,1040.4,0,0,1,16
1171,P066,Accessories,1968.76,6,1,0,2
1007,P002,Books,1043.27,1,0,0,17
1028,P051,Home,2867.98,5,0,0,2
1172,P047,Stationery,171.82,2,0,0,3
1101,P002,Books,1043.27,5,0,0,18
1040,P044,Books,713.75,9,0,0,1
1027,P001,Electronics,1591.46,10,0,0,14
1160,P027,Home,1914.45,6,1,0,5
1123,P062,Books,1040.4,3,1,0,4
1047,P019,Electronics,1029.98,9,2,0,3
1073,P015,Home,2456.51,8,0,0,0
1051,P015,Home,2456.51,0,0,0,18
1125,P042,Accessories,1972.06,1,0,0,13
1024,P028,Fitness,2582.27,3,0,0,8
1039,P033,Home,410.99,3,0,0,12
1161,P061,Electronics,1198.66,1,0,0,15
1158,P018,Accessories,475.09,4,0,0,6
1024,P022,Fitness,1891.11,4,0,0,8
1113,P068,Books,876.08,1,0,0,4
1055,P034,Fitness,2273.57,1,0,0,4
1150,P059,Stationery,331.95,1,0,0,1
1136,P038,Books,718.93,2,0,0,9
1087,P055,Electronics,1535.83,6,0,0,14
1003,P028,Fitness,2582.27,5,0,0,0
1100,P022,Fitness,1891.11,3,0,0,14
1105,P053,Stationery,637.33,6,0,0,2
1064,P031,Electronics,2153.69,5,0,0,7
1118,P029,Stationery,604.58,7,0,1,9
1017,P019,Electronics,1029.98,10,0,0,12
1091,P046,Fitness,1839.77,5,1,0,14
1042,P005,Stationery,309.11,8,1,1,18
1056,P060,Accessories,1460.29,1,0,0,7
1172,P044,Books,713.75,6,0,0,3
1047,P054,Accessories,659.65,2,0,0,3
1160,P034,Fitness,2273.57,1,0,0,5
1145,P044,Books,713.75,0,0,0,17
1098,P009,Home,2296.2,3,0,1,4
1036,P026,Books,474.39,13,1,0,4
1180,P016,Fitness,2659.54,3,0,0,2
1030,P067,Electronics,737.99,6,1,1,14
1004,P043,Electronics,3858.95,8,0,1,18
1178,P016,Fitness,2659.54,1,0,0,11
1005,P057,Home,2818.36,1,0,0,18
1030,P008,Books,848.01,6,0,0,14
1044,P035,Stationery,475.01,11,1,0,13
1155,P010,Fitness,2770.64,7,1,0,5
1132,P031,Electronics,2153.69,12,2,0,13
1102,P037,Electronics,3281.37,2,0,1,14
1067,P054,Accessories,659.65,6,0,0,6
1012,P063,Home,3080.28,9,0,0,0
1173,P017,Stationery,163.26,4,2,1,16
1118,P027,Home,1914.45,1,0,0,9
1144,P053,Stationery,637.33,11,1,0,15
1043,P022,Fitness,1891.11,14,1,0,15
1025,P064,Fitness,2745.27,4,0,0,9
1128,P034,Fitness,2273.57,1,0,0,6
1180,P007,Electronics,3609.79,0,0,0,2
1018,P003,Home,3130.68,11,1,0,14
1012,P019,Electronics,1029.98,5,0,0,0
1159,P060,Accessories,1460.29,6,0,0,17
1043,P026,Books,474.39,8,0,0,15
1003,P056,Books,337.37,7,0,0,0
1090,P005,Stationery,309.11,8,0,0,18
1141,P033,Home,410.99,2,0,0,14
1007,P042,Accessories,1972.06,3,0,0,17
1126,P014,Books,504.47,3,1,0,0
1105,P050,Books,1014.13,8,1,1,2
1110,P034,Fitness,2273.57,3,0,0,11
1058,P003,Home,3130.68,0,0,0,6
1167,P002,Books,1043.27,3,0,0,4
1109,P070,Fitness,2640.88,0,0,0,17
1040,P065,Stationery,582.68,11,1,1,1
1114,P040,Fitness,522.24,0,0,0,3
1027,P059,Stationery,331.95,11,0,1,14
1060,P057,Home,2818.36,5,0,0,17
1101,P024,Accessories,647.01,14,2,0,18
1053,P026,Books,474.39,12,3,0,1
1011,P065,Stationery,582.68,5,1,0,1
1014,P035,Stationery,475.01,2,0,0,13
1047,P002,Books,1043.27,4,0,0,3
1056,P012,Accessories,265.26,0,0,0,7
1095,P010,Fitness,2770.64,8,0,0,18
1140,P038,Books,718.93,11,0,0,13
1083,P070,Fitness,2640.88,4,0,0,1
1055,P002,Books,1043.27,5,0,0,4
1116,P021,Home,1244.28,2,1,0,4
1039,P029,Stationery,604.58,5,1,1,12
1080,P058,Fitness,2533.51,0,0,0,1
1011,P013,Electronics,3550.72,10,1,0,1
1016,P042,Accessories,1972.06,2,0,0,6
1066,P025,Electronics,2901.54,5,0,1,5
1039,P062,Books,1040.4,2,0,1,12
1173,P038,Books,718.93,4,0,1,16
1110,P014,Books,504.47,11,0,0,11
1044,P067,Electronics,737.99,0,0,0,13
1059,P002,Books,1043.27,0,0,0,1
1055,P035,Stationery,475.01,6,0,1,4
1128,P065,Stationery,582.68,6,0,0,6
1164,P050,Books,1014.13,7,1,1,1
1146,P029,Stationery,604.58,3,0,1,15
1119,P044,Books,713.75,2,0,0,3
1165,P006,Accessories,557.61,7,0,0,13
1083,P026,Books,474.39,9,0,0,1
1170,P036,Accessories,760.81,5,1,0,16
1161,P017,Stationery,163.26,14,0,0,15
1139,P015,Home,2456.51,0,0,0,9
1103,P053,Stationery,637.33,6,0,1,15
1021,P013,Electronics,3550.72,11,0,1,15
1007,P029,Stationery,604.58,4,0,0,17
1065,P021,Home,1244.28,6,0,0,15
1073,P066,Accessories,1968.76,3,0,1,0
1133,P032,Books,485.18,13,2,1,0
1033,P055,Electronics,1535.83,5,0,0,0
1027,P052,Fitness,2479.62,4,0,0,14
1168,P015,Home,2456.51,2,0,0,16
1015,P018,Accessories,475.09,1,0,0,12
1080,P068,Books,876.08,0,0,0,1
1042,P009,Home,2296.2,0,0,0,18
1171,P053,Stationery,637.33,1,0,0,2
1072,P012,Accessories,265.26,15,1,0,4
1118,P032,Books,485.18,11,0,0,9
1085,P033,Home,410.99,3,0,0,4
1030,P021,Home,1244.28,1,0,0,14
1009,P022,Fitness,1891.11,3,0,0,15
1149,P033,Home,410.99,0,0,0,9
1141,P028,Fitness,2582.27,10,2,1,14
1168,P064,Fitness,2745.27,11,0,0,16
1048,P051,Home,2867.98,5,0,0,15
1163,P061,Electronics,1198.66,6,0,0,12
1063,P050,Books,1014.13,2,0,1,10
1091,P016,Fitness,2659.54,8,1,0,14
1037,P006,Accessories,557.61,4,1,0,2
1152,P050,Books,1014.13,0,0,0,11
1174,P031,Electronics,2153.69,6,0,0,4
1132,P001,Electronics,1591.46,3,0,0,13
1180,P050,Books,1014.13,13,1,0,2
1058,P016,Fitness,2659.54,12,0,0,6
1014,P027,Home,1914.45,0,0,0,13
1102,P004,Fitness,2522.32,14,1,0,14
1073,P071,Stationery,577.39,7,2,0,0
1170,P055,Electronics,1535.83,5,0,0,16
1085,P064,Fitness,2745.27,1,0,0,4
1113,P044,Books,713.75,5,0,0,4
1071,P071,Stationery,577.39,10,0,0,7
1162,P057,Home,2818.36,4,0,0,2
1018,P001,Electronics,1591.46,3,0,0,14
1033,P017,Stationery,163.26,3,0,0,0
1138,P037,Electronics,3281.37,12,0,0,18
1069,P057,Home,2818.36,11,1,0,12
1140,P051,Home,2867.98,4,0,1,13
1117,P055,Electronics,1535.83,5,0,0,15
1175,P050,Books,1014.13,1,0,0,18
1119,P057,Home,2818.36,2,0,0,3
1075,P006,Accessories,557.61,1,0,0,8
1087,P021,Home,1244.28,1,0,0,14
1071,P048,Accessories,498.52,11,0,0,7
1090,P055,Electronics,1535.83,16,0,1,18
1158,P025,Electronics,2901.54,9,0,0,6
1165,P050,Books,1014.13,7,0,0,13
1066,P052,Fitness,2479.62,3,0,0,5
1168,P013,Electronics,3550.72,0,0,0,16
1093,P044,Books,713.75,6,1,0,0
1175,P004,Fitness,2522.32,12,1,1,18
1168,P032,Books,485.18,5,0,0,16
1108,P043,Electronics,3858.95,6,0,0,14
1113,P032,Books,485.18,8,0,0,4
1025,P046,Fitness,1839.77,4,1,0,9
1027,P009,Home,2296.2,10,2,1,14
1135,P012,Accessories,265.26,5,0,0,7
1001,P054,Accessories,659.65,7,1,1,7
1146,P044,Books,713.75,2,0,0,15
1100,P053,Stationery,637.33,5,1,0,14
1015,P047,Stationery,171.82,9,2,1,12
1042,P010,Fitness,2770.64,4,0,0,18
1047,P046,Fitness,1839.77,9,1,0,3
1083,P031,Electronics,2153.69,0,0,0,1
1164,P048,Accessories,498.52,2,0,0,1
1097,P004,Fitness,2522.32,3,0,0,17
1142,P016,Fitness,2659.54,8,1,0,11
1112,P009,Home,2296.2,5,0,0,11
1021,P060,Accessories,1460.29,4,1,0,15
1103,P023,Stationery,524.92,3,0,0,15
1002,P031,Electronics,2153.69,14,1,1,4
1124,P045,Home,2987.24,17,1,0,9
1140,P026,Books,474.39,14,2,0,13
1037,P001,Electronics,1591.46,4,0,1,2
1072,P057,Home,2818.36,7,0,0,4
1074,P071,Stationery,577.39,6,0,0,9
1153,P057,Home,2818.36,4,0,0,2
1140,P061,Electronics,1198.66,6,0,0,13
1002,P053,Stationery,637.33,2,0,0,4
1138,P065,Stationery,582.68,8,1,0,18
1063,P062,Books,1040.4,3,0,1,10
1103,P006,Accessories,557.61,9,2,0,15
1029,P015,Home,2456.51,16,2,1,10
1105,P010,Fitness,2770.64,2,0,0,2
1180,P028,Fitness,2582.27,6,0,0,2
1128,P033,Home,410.99,6,1,0,6
1097,P034,Fitness,2273.57,0,0,1,17
1058,P039,Home,1725.83,6,0,0,6
1170,P056,Books,337.37,6,0,0,16
1068,P012,Accessories,265.26,3,2,1,16
1064,P069,Home,1429.77,3,0,0,7
1150,P020,Books,720.24,11,4,1,1
1154,P042,Accessories,1972.06,7,2,0,6
1110,P015,Home,2456.51,7,0,0,11
1174,P037,Electronics,3281.37,1,0,0,4
1120,P026,Books,474.39,9,1,0,5
1093,P049,Electronics,1744.32,8,1,0,0
1006,P071,Stationery,577.39,2,0,1,10
1085,P048,Accessories,498.52,0,0,0,4
1055,P010,Fitness,2770.64,0,0,1,4
1050,P070,Fitness,2640.88,2,0,0,12
1117,P022,Fitness,1891.11,6,1,0,15
1051,P023,Stationery,524.92,13,0,1,18
1179,P072,Accessories,1934.92,8,0,1,13
1168,P037,Electronics,3281.37,5,0,1,16
1071,P049,Electronics,1744.32,8,0,0,7
1016,P024,Accessories,647.01,8,0,0,6
1021,P048,Accessories,498.52,0,0,1,15
1097,P006,Accessories,557.61,1,0,0,17
1167,P066,Accessories,1968.76,0,0,0,4
1109,P067,Electronics,737.99,7,1,1,17
1063,P024,Accessories,647.01,0,0,1,10
1037,P003,Home,3130.68,13,1,0,2
1046,P069,Home,1429.77,5,2,0,14
1060,P001,Electronics,1591.46,5,0,1,17
1125,P011,Stationery,485.47,7,1,1,13
1156,P050,Books,1014.13,6,1,0,2
1048,P043,Electronics,3858.95,4,0,0,15
1127,P017,Stationery,163.26,3,1,0,14
1091,P052,Fitness,2479.62,2,0,0,14
1120,P039,Home,1725.83,0,0,0,5
1032,P033,Home,410.99,10,3,1,12
1178,P033,Home,410.99,0,0,0,11
1094,P055,Electronics,1535.83,6,0,0,15
1103,P071,Stationery,577.39,4,0,0,15
1060,P064,Fitness,2745.27,5,0,0,17
1102,P034,Fitness,2273.57,11,1,0,14
1153,P039,Home,1725.83,5,1,0,2
1121,P001,Electronics,1591.46,2,0,0,4
1144,P036,Accessories,760.81,0,0,0,15
1001,P033,Home,410.99,1,0,0,7
1110,P013,Electronics,3550.72,7,1,1,11
1076,P003,Home,3130.68,4,1,0,12
1078,P005,Stationery,309.11,7,2,1,16
1152,P032,Books,485.18,0,0,0,11
1155,P065,Stationery,582.68,3,0,0,5
1050,P005,Stationery,309.11,12,2,1,12
1178,P034,Fitness,2273.57,4,0,1,11
1132,P023,Stationery,524.92,14,2,1,13
1133,P009,Home,2296.2,2,0,0,0
1036,P029,Stationery,604.58,3,0,0,4
1006,P059,Stationery,331.95,2,0,0,10
1165,P055,Electronics,1535.83,5,0,1,13
1055,P065,Stationery,582.68,6,0,0,4
1095,P055,Electronics,1535.83,1,0,0,18
1132,P012,Accessories,265.26,1,0,0,13
1050,P006,Accessories,557.61,0,0,0,12
1072,P050,Books,1014.13,1,0,0,4
1175,P045,Home,2987.24,0,0,0,18
1074,P028,Fitness,2582.27,10,1,1,9
1032,P039,Home,1725.83,12,1,0,12
1041,P018,Accessories,475.09,3,0,1,13
1063,P007,Electronics,3609.79,13,3,0,10
1101,P057,Home,2818.36,5,0,0,18
1042,P065,Stationery,582.68,9,1,0,18
1147,P039,Home,1725.83,16,2,0,13
1087,P003,Home,3130.68,4,0,0,14
1048,P042,Accessories,1972.06,4,0,0,15
1099,P008,Books,848.01,10,1,0,16
1040,P009,Home,2296.2,8,1,0,1
1078,P025,Electronics,2901.54,3,0,0,16
1139,P005,Stationery,309.11,0,0,0,9
1011,P043,Electronics,3858.95,16,2,0,1
1108,P034,Fitness,2273.57,4,0,0,14
1146,P033,Home,410.99,13,1,0,15
1124,P005,Stationery,309.11,6,1,0,9
1074,P003,Home,3130.68,3,0,0,9
1142,P039,Home,1725.83,0,0,0,11
1149,P026,Books,474.39,6,1,0,9
1022,P035,Stationery,475.01,3,0,0,8
1129,P007,Electronics,3609.79,4,1,0,7
1034,P041,Stationery,126.65,0,0,0,2
1018,P012,Accessories,265.26,2,0,0,14
1080,P024,Accessories,647.01,12,2,0,1
1069,P040,Fitness,522.24,6,0,0,12
1053,P049,Electronics,1744.32,1,0,0,1
1120,P053,Stationery,637.33,4,0,1,5
1001,P053,Stationery,637.33,4,0,0,7
1063,P067,Electronics,737.99,15,2,0,10
1072,P022,Fitness,1891.11,0,0,0,4
1040,P006,Accessories,557.61,2,0,0,1
1137,P034,Fitness,2273.57,2,0,0,2
1166,P025,Electronics,2901.54,12,0,0,12
1077,P049,Electronics,1744.32,6,0,0,8
1084,P027,Home,1914.45,5,0,1,5
1066,P034,Fitness,2273.57,4,0,0,5
1017,P002,Books,1043.27,8,1,0,12
1092,P013,Electronics,3550.72,14,0,1,7
1043,P011,Stationery,485.47,3,0,0,15
1049,P041,Stationery,126.65,2,0,0,2
1168,P040,Fitness,522.24,1,0,0,16
1140,P017,Stationery,163.26,1,0,0,13
1046,P022,Fitness,1891.11,9,2,0,14
1065,P027,Home,1914.45,1,0,0,15
1095,P035,Stationery,475.01,1,0,0,18
1146,P011,Stationery,485.47,1,0,0,15
1157,P048,Accessories,498.52,6,1,0,9
1167,P027,Home,1914.45,1,0,0,4
1146,P017,Stationery,163.26,7,0,1,15
1127,P032,Books,485.18,1,0,0,14
1108,P011,Stationery,485.47,14,2,0,14
1140,P042,Accessories,1972.06,0,0,0,13
1068,P047,Stationery,171.82,14,0,1,16
1108,P057,Home,2818.36,0,0,0,14
1130,P010,Fitness,2770.64,1,0,0,16
1084,P059,Stationery,331.95,0,0,0,5
1021,P041,Stationery,126.65,2,0,0,15
1025,P019,Electronics,1029.98,7,3,0,9
1054,P061,Electronics,1198.66,0,0,0,9
1082,P068,Books,876.08,2,1,1,14
1066,P072,Accessories,1934.92,9,0,0,5
1027,P060,Accessories,1460.29,4,0,0,14
1037,P071,Stationery,577.39,3,0,0,2
1008,P024,Accessories,647.01,0,0,0,12
1078,P007,Electronics,3609.79,3,0,0,16
1060,P004,Fitness,2522.32,7,0,0,17
1151,P044,Books,713.75,3,1,0,16
1104,P021,Home,1244.28,5,0,0,5
1176,P054,Accessories,659.65,2,0,0,11
1051,P009,Home,2296.2,0,0,0,18
1044,P038,Books,718.93,0,0,0,13
1025,P043,Electronics,3858.95,4,0,0,9
1105,P011,Stationery,485.47,4,1,0,2
1166,P021,Home,1244.28,7,0,0,12
1038,P027,Home,1914.45,11,1,0,8
1138,P064,Fitness,2745.27,6,0,0,18
1028,P026,Books,474.39,0,0,0,2
1176,P040,Fitness,522.24,6,1,1,11
1045,P025,Electronics,2901.54,5,0,0,1
1023,P044,Books,713.75,0,0,0,14
1147,P015,Home,2456.51,13,4,0,13
1090,P009,Home,2296.2,8,0,0,18
1009,P036,Accessories,760.81,1,0,0,15
1031,P036,Accessories,760.81,5,1,1,7
1057,P043,Electronics,3858.95,2,0,0,16
1076,P044,Books,713.75,0,0,0,12
1103,P037,Electronics,3281.37,0,0,0,15
1038,P031,Electronics,2153.69,5,0,0,8
1084,P062,Books,1040.4,10,1,0,5
1119,P061,Electronics,1198.66,2,0,0,3
1101,P018,Accessories,475.09,15,1,0,18
1105,P002,Books,1043.27,11,3,0,2
1007,P027,Home,1914.45,0,0,1,17
1034,P003,Home,3130.68,7,1,0,2
1127,P054,Accessories,659.65,11,1,0,14
1097,P062,Books,1040.4,7,1,0,17
1154,P008,Books,848.01,3,1,1,6
1026,P054,Accessories,659.65,2,0,1,17
1052,P037,Electronics,3281.37,3,0,0,7
1164,P069,Home,1429.77,6,0,0,1
1055,P072,Accessories,1934.92,14,2,1,4
1067,P017,Stationery,163.26,9,2,1,6
1005,P056,Books,337.37,0,0,1,18
1130,P006,Accessories,557.61,3,0,0,16
1141,P051,Home,2867.98,5,1,0,14
1175,P008,Books,848.01,1,0,0,18
1097,P047,Stationery,171.82,0,0,0,17
1159,P051,Home,2867.98,0,0,1,17
1058,P041,Stationery,126.65,6,0,1,6
1168,P045,Home,2987.24,0,0,0,16
1078,P059,Stationery,331.95,12,1,0,16
1177,P005,Stationery,309.11,5,1,1,11
1069,P014,Books,504.47,7,0,1,12
1177,P069,Home,1429.77,7,1,0,11
1005,P069,Home,1429.77,1,0,0,18
1040,P071,Stationery,577.39,14,0,0,1
1001,P018,Accessories,475.09,7,1,1,7
1175,P072,Accessories,1934.92,2,0,0,18
1040,P041,Stationery,126.65,4,0,0,1
1168,P022,Fitness,1891.11,0,0,1,16
1170,P020,Books,720.24,0,0,0,16
1176,P046,Fitness,1839.77,3,0,1,11
1162,P059,Stationery,331.95,8,0,0,2
1126,P003,Home,3130.68,3,1,0,0
1103,P051,Home,2867.98,8,2,1,15
1118,P071,Stationery,577.39,2,0,0,9
1024,P019,Electronics,1029.98,2,0,0,8
1031,P017,Stationery,163.26,7,0,1,7
1025,P035,Stationery,475.01,10,1,0,9
1152,P034,Fitness,2273.57,5,1,0,11
1156,P065,Stationery,582.68,7,2,1,2
1038,P037,Electronics,3281.37,2,1,1,8
1103,P065,Stationery,582.68,2,2,1,15
1007,P023,Stationery,524.92,3,0,1,17
1170,P034,Fitness,2273.57,10,0,0,16
1063,P069,Home,1429.77,7,1,1,10
1037,P058,Fitness,2533.51,0,0,0,2
1052,P022,Fitness,1891.11,7,0,0,7
1013,P055,Electronics,1535.83,2,0,1,10
1133,P010,Fitness,2770.64,5,0,0,0
1013,P038,Books,718.93,3,0,0,10
1039,P055,Electronics,1535.83,3,0,0,12
1150,P017,Stationery,163.26,2,1,0,1
1039,P064,Fitness,2745.27,3,0,0,12
1177,P046,Fitness,1839.77,14,1,1,11
1045,P013,Electronics,3550.72,6,0,0,1
1170,P009,Home,2296.2,11,1,1,16
1138,P019,Electronics,1029.98,10,1,0,18
1162,P006,Accessories,557.61,16,1,0,2
1084,P007,Electronics,3609.79,0,0,0,5
1057,P037,Electronics,3281.37,4,1,0,16
1034,P023,Stationery,524.92,5,0,0,2
1078,P050,Books,1014.13,4,0,0,16
1131,P054,Accessories,659.65,1,0,0,16
1089,P038,Books,718.93,3,1,0,17
1028,P042,Accessories,1972.06,14,2,0,2
1024,P041,Stationery,126.65,0,0,0,8
1152,P024,Accessories,647.01,8,0,1,11
1051,P068,Books,876.08,6,0,0,18
1124,P068,Books,876.08,10,0,0,9
1110,P062,Books,1040.4,5,0,1,11
1033,P039,Home,1725.83,2,1,1,0
1043,P042,Accessories,1972.06,2,0,1,15
1150,P052,Fitness,2479.62,2,0,0,1
1179,P059,Stationery,331.95,0,0,0,13
1086,P018,Accessories,475.09,2,1,1,6
1112,P048,Accessories,498.52,3,1,0,11
1166,P001,Electronics,1591.46,12,0,0,12
1020,P021,Home,1244.28,0,0,0,4
1064,P017,Stationery,163.26,0,0,0,7
1147,P061,Electronics,1198.66,3,0,0,13
1118,P041,Stationery,126.65,4,0,0,9
1163,P037,Electronics,3281.37,2,0,0,12
1049,P063,Home,3080.28,7,0,0,2
1102,P069,Home,1429.77,8,1,0,14
1017,P007,Electronics,3609.79,3,0,0,12
1167,P001,Electronics,1591.46,15,2,0,4
1041,P049,Electronics,1744.32,0,0,0,13
1168,P020,Books,720.24,0,0,1,16
1022,P031,Electronics,2153.69,3,0,0,8
1027,P066,Accessories,1968.76,6,0,0,14
1067,P009,Home,2296.2,3,0,0,6
1062,P067,Electronics,737.99,10,1,0,10
1085,P011,Stationery,485.47,18,2,0,4
1061,P049,Electronics,1744.32,4,1,0,13
1091,P057,Home,2818.36,7,1,0,14
1024,P062,Books,1040.4,7,0,0,8
1101,P060,Accessories,1460.29,16,3,0,18
1028,P004,Fitness,2522.32,2,1,0,2
1008,P012,Accessories,265.26,7,0,0,12
1161,P031,Electronics,2153.69,10,0,0,15
1140,P044,Books,713.75,15,3,0,13
1099,P042,Accessories,1972.06,5,0,0,16
1078,P057,Home,2818.36,0,0,0,16
1013,P048,Accessories,498.52,0,0,0,10
1021,P031,Electronics,2153.69,10,1,0,15
1029,P057,Home,2818.36,11,3,0,10
1161,P014,Books,504.47,0,0,0,15
1056,P050,Books,1014.13,2,0,0,7
1070,P017,Stationery,163.26,8,1,1,3
1112,P018,Accessories,475.09,4,0,0,11
1148,P040,Fitness,522.24,1,0,1,16
1170,P065,Stationery,582.68,0,0,0,16
1038,P049,Electronics,1744.32,0,0,0,8
1003,P029,Stationery,604.58,6,0,0,0
1025,P021,Home,1244.28,5,0,0,9
1036,P022,Fitness,1891.11,8,0,0,4
1158,P002,Books,1043.27,11,0,0,6
1020,P039,Home,1725.83,10,0,0,4
1113,P057,Home,2818.36,6,2,0,4
1112,P005,Stationery,309.11,8,1,0,11
1038,P065,Stationery,582.68,6,2,0,8
1036,P056,Books,337.37,11,2,1,4
1094,P060,Accessories,1460.29,1,0,0,15
1089,P043,Electronics,3858.95,4,1,0,17
1010,P072,Accessories,1934.92,5,1,0,5
1008,P068,Books,876.08,6,1,1,12
1127,P023,Stationery,524.92,0,0,0,14
1154,P016,Fitness,2659.54,3,0,0,6
1158,P006,Accessories,557.61,0,0,0,6
1081,P064,Fitness,2745.27,0,0,0,1
1111,P022,Fitness,1891.11,7,0,0,15
1161,P026,Books,474.39,0,0,0,15
1100,P019,Electronics,1029.98,4,2,1,14
1047,P056,Books,337.37,0,0,0,3
1067,P070,Fitness,2640.88,7,1,0,6
1033,P045,Home,2987.24,4,2,1,0
1145,P039,Home,1725.83,6,0,0,17
1173,P007,Electronics,3609.79,4,2,1,16
1115,P049,Electronics,1744.32,1,0,0,13
1155,P055,Electronics,1535.83,8,1,0,5
1015,P019,Electronics,1029.98,6,1,0,12
1141,P055,Electronics,1535.83,0,0,0,14
1070,P065,Stationery,582.68,10,2,1,3
1027,P049,Electronics,1744.32,3,0,0,14
1157,P020,Books,720.24,5,0,0,9
1149,P035,Stationery,475.01,10,0,1,9
1128,P028,Fitness,2582.27,1,0,0,6
1169,P019,Electronics,1029.98,1,0,0,9
1053,P029,Stationery,604.58,5,0,0,1
1057,P071,Stationery,577.39,1,1,1,16
1116,P022,Fitness,1891.11,6,0,0,4
1077,P042,Accessories,1972.06,9,1,0,8
1176,P002,Books,1043.27,8,1,0,11
1087,P039,Home,1725.83,7,2,1,14
1123,P047,Stationery,171.82,3,1,0,4
1161,P050,Books,1014.13,5,1,1,15
1079,P017,Stationery,163.26,16,3,0,6
1161,P042,Accessories,1972.06,5,0,0,15
1092,P041,Stationery,126.65,7,0,1,7
1009,P054,Accessories,659.65,3,0,0,15
1180,P053,Stationery,637.33,3,0,1,2
1161,P063,Home,3080.28,2,0,1,15
1058,P048,Accessories,498.52,8,0,0,6
1149,P072,Accessories,1934.92,11,1,0,9
1124,P024,Accessories,647.01,3,1,0,9
1147,P054,Accessories,659.65,0,0,0,13
1098,P022,Fitness,1891.11,7,0,0,4
1076,P049,Electronics,1744.32,9,0,0,12
1047,P045,Home,2987.24,3,0,0,3
1068,P054,Accessories,659.65,0,0,0,16
1130,P020,Books,720.24,0,0,0,16
1048,P037,Electronics,3281.37,1,0,0,15
1060,P070,Fitness,2640.88,4,0,0,17
1037,P031,Electronics,2153.69,8,1,0,2
1159,P045,Home,2987.24,5,0,0,17
1156,P032,Books,485.18,2,0,0,2
1079,P027,Home,1914.45,0,0,1,6
1100,P008,Books,848.01,6,1,0,14
1048,P014,Books,504.47,6,1,1,15
1157,P071,Stationery,577.39,10,0,0,9
1022,P065,Stationery,582.68,6,0,0,8
1164,P065,Stationery,582.68,11,0,1,1
1146,P039,Home,1725.83,15,3,0,15
1152,P007,Electronics,3609.79,13,1,0,11
1037,P005,Stationery,309.11,5,0,0,2
1078,P032,Books,485.18,5,0,1,16
1089,P062,Books,1040.4,8,1,0,17
1039,P040,Fitness,522.24,7,0,0,12
1111,P056,Books,337.37,4,0,0,15
1084,P009,Home,2296.2,6,1,1,5
1027,P020,Books,720.24,2,0,0,14
1137,P012,Accessories,265.26,0,0,0,2
1174,P067,Electronics,737.99,11,1,0,4
1154,P027,Home,1914.45,0,0,0,6
1131,P018,Accessories,475.09,0,0,0,16
1090,P003,Home,3130.68,2,0,1,18
1173,P003,Home,3130.68,8,0,0,16
1174,P016,Fitness,2659.54,5,1,0,4
1011,P060,Accessories,1460.29,5,1,0,1
1106,P067,Electronics,737.99,13,1,0,17
1166,P002,Books,1043.27,5,1,0,12
1044,P025,Electronics,2901.54,4,0,0,13
1040,P067,Electronics,737.99,0,0,0,1
1176,P025,Electronics,2901.54,16,1,1,11
1135,P055,Electronics,1535.83,2,0,0,7
1019,P055,Electronics,1535.83,10,1,0,1
1008,P021,Home,1244.28,2,0,0,12
1024,P008,Books,848.01,9,0,0,8
1167,P047,Stationery,171.82,3,0,0,4
1157,P029,Stationery,604.58,15,0,0,9
1032,P014,Books,504.47,0,0,0,12
1145,P025,Electronics,2901.54,17,1,0,17
1167,P005,Stationery,309.11,9,1,0,4
1011,P036,Accessories,760.81,6,1,0,1
1064,P002,Books,1043.27,5,0,0,7
1030,P041,Stationery,126.65,5,1,1,14
1146,P058,Fitness,2533.51,5,1,0,15
1115,P031,Electronics,2153.69,6,1,0,13
1034,P020,Books,720.24,0,0,0,2
1005,P072,Accessories,1934.92,7,1,0,18
1117,P046,Fitness,1839.77,6,0,0,15
1086,P023,Stationery,524.92,7,1,0,6
1065,P009,Home,2296.2,1,0,0,15
1105,P055,Electronics,1535.83,5,0,0,2
1084,P067,Electronics,737.99,5,0,0,5
1168,P011,Stationery,485.47,3,0,0,16
1024,P031,Electronics,2153.69,3,1,0,8
1122,P045,Home,2987.24,4,0,0,1
1110,P016,Fitness,2659.54,5,0,0,11
1082,P007,Electronics,3609.79,3,0,0,14
1099,P047,Stationery,171.82,1,0,0,16
1086,P072,Accessories,1934.92,3,1,0,6
1035,P063,Home,3080.28,8,1,1,9
1088,P064,Fitness,2745.27,5,0,0,12
1072,P047,Stationery,171.82,8,0,1,4
1153,P045,Home,2987.24,1,0,0,2
1032,P006,Accessories,557.61,0,0,0,12
1173,P065,Stationery,582.68,1,0,0,16
1016,P071,Stationery,577.39,6,0,0,6
1109,P068,Books,876.08,5,0,0,17
1164,P052,Fitness,2479.62,7,0,0,1
1152,P058,Fitness,2533.51,8,0,0,11
1162,P048,Accessories,498.52,12,1,0,2
1148,P037,Electronics,3281.37,0,0,0,16
1147,P065,Stationery,582.68,3,0,0,13
1097,P021,Home,1244.28,14,0,0,17
1100,P037,Electronics,3281.37,2,0,1,14
1042,P007,Electronics,3609.79,2,0,1,18
1105,P045,Home,2987.24,8,1,0,2
1011,P034,Fitness,2273.57,4,0,0,1
1129,P048,Accessories,498.52,7,2,0,7
1074,P019,Electronics,1029.98,9,0,0,9
1024,P007,Electronics,3609.79,3,1,0,8
1099,P007,Electronics,3609.79,0,0,0,16
1148,P032,Books,485.18,1,0,1,16
1047,P003,Home,3130.68,5,1,0,3
1055,P069,Home,1429.77,3,0,0,4
1154,P026,Books,474.39,0,0,0,6
1138,P021,Home,1244.28,3,0,1,18
1052,P039,Home,1725.83,5,0,0,7
1134,P026,Books,474.39,14,1,1,8
1093,P060,Accessories,1460.29,7,2,0,0
1024,P069,Home,1429.77,4,1,0,8
1003,P008,Books,848.01,12,0,0,0
1078,P064,Fitness,2745.27,2,0,0,16
1045,P015,Home,2456.51,0,0,1,1
1126,P019,Electronics,1029.98,7,0,0,0
1104,P015,Home,2456.51,3,1,0,5
1059,P027,Home,1914.45,4,0,0,1
1120,P007,Electronics,3609.79,6,1,0,5
1140,P021,Home,1244.28,7,2,1,13
1038,P062,Books,1040.4,3,2,1,8
1137,P027,Home,1914.45,5,0,0,2
1157,P038,Books,718.93,0,0,0,9
1039,P060,Accessories,1460.29,10,1,0,12
1125,P058,Fitness,2533.51,15,2,0,13
1159,P025,Electronics,2901.54,4,0,0,17
1066,P070,Fitness,2640.88,5,0,0,5
1178,P015,Home,2456.51,5,0,0,11
1074,P035,Stationery,475.01,7,1,1,9
1004,P037,Electronics,3281.37,11,1,0,18
1177,P028,Fitness,2582.27,18,3,1,11
1079,P053,Stationery,637.33,13,1,0,6
1093,P014,Books,504.47,1,0,0,0
1045,P008,Books,848.01,11,2,0,1
1024,P072,Accessories,1934.92,11,2,0,8
1091,P047,Stationery,171.82,14,2,0,14
1144,P019,Electronics,1029.98,1,0,0,15
1028,P061,Electronics,1198.66,2,0,0,2
1142,P061,Electronics,1198.66,5,0,0,11
1081,P018,Accessories,475.09,13,1,0,1
1051,P035,Stationery,475.01,5,1,0,18
1023,P034,Fitness,2273.57,5,1,0,14
1174,P019,Electronics,1029.98,3,0,1,4
1042,P004,Fitness,2522.32,3,0,0,18
1124,P012,Accessories,265.26,3,0,0,9
1041,P043,Electronics,3858.95,3,1,0,13
1123,P042,Accessories,1972.06,14,5,0,4
1160,P001,Electronics,1591.46,9,1,1,5
1075,P072,Accessories,1934.92,0,0,0,8
1098,P038,Books,718.93,3,0,0,4
1012,P056,Books,337.37,6,1,0,0
1140,P030,Accessories,429.98,3,0,0,13
1037,P052,Fitness,2479.62,8,0,0,2
1026,P057,Home,2818.36,4,0,0,17
1132,P038,Books,718.93,6,0,0,13
1092,P064,Fitness,2745.27,1,0,0,7
1144,P034,Fitness,2273.57,0,0,0,15
1122,P023,Stationery,524.92,5,1,0,1
1059,P031,Electronics,2153.69,0,0,0,1
1008,P065,Stationery,582.68,3,1,0,12
1089,P067,Electronics,737.99,3,1,1,17
1025,P027,Home,1914.45,6,0,0,9
1078,P052,Fitness,2479.62,3,0,0,16
1094,P030,Accessories,429.98,5,0,0,15
1150,P021,Home,1244.28,8,0,0,1
1115,P021,Home,1244.28,5,1,0,13
1145,P051,Home,2867.98,5,0,0,17
1180,P070,Fitness,2640.88,5,1,0,2
1131,P030,Accessories,429.98,4,0,0,16
1055,P056,Books,337.37,3,0,0,4
1087,P009,Home,2296.2,0,0,1,14
1074,P017,Stationery,163.26,9,0,0,9
1141,P015,Home,2456.51,7,0,0,14
1149,P039,Home,1725.83,4,1,0,9
1025,P011,Stationery,485.47,12,3,1,9
1134,P051,Home,2867.98,5,0,0,8
1157,P002,Books,1043.27,5,1,0,9
1163,P007,Electronics,3609.79,4,0,0,12
1099,P072,Accessories,1934.92,7,1,1,16
1118,P061,Electronics,1198.66,8,1,0,9
1073,P070,Fitness,2640.88,4,0,1,0
1008,P048,Accessories,498.52,4,1,0,12
1123,P065,Stationery,582.68,4,0,0,4
1062,P054,Accessories,659.65,3,1,0,10
1146,P053,Stationery,637.33,11,0,0,15
1149,P059,Stationery,331.95,4,0,0,9
1133,P044,Books,713.75,13,0,1,0
1083,P029,Stationery,604.58,4,0,0,1
1021,P016,Fitness,2659.54,12,0,0,15
1036,P036,Accessories,760.81,7,1,0,4
1091,P018,Accessories,475.09,5,0,0,14
1133,P035,Stationery,475.01,9,1,0,0
1003,P068,Books,876.08,12,0,0,0
1006,P007,Electronics,3609.79,14,2,0,10
1092,P045,Home,2987.24,4,0,0,7
1010,P031,Electronics,2153.69,4,0,0,5
1020,P070,Fitness,2640.88,3,0,1,4
1049,P057,Home,2818.36,7,1,0,2
1054,P038,Books,718.93,9,1,0,9
1106,P040,Fitness,522.24,9,1,0,17
1098,P036,Accessories,760.81,3,0,0,4
1174,P059,Stationery,331.95,5,1,0,4
1068,P046,Fitness,1839.77,12,0,1,16
1016,P046,Fitness,1839.77,1,0,0,6
1130,P040,Fitness,522.24,5,0,0,16
1162,P023,Stationery,524.92,0,0,0,2
1037,P039,Home,1725.83,14,1,1,2
1132,P049,Electronics,1744.32,4,0,0,13
1050,P029,Stationery,604.58,12,3,0,12
1043,P036,Accessories,760.81,4,1,0,15
1178,P051,Home,2867.98,0,0,0,11
1156,P028,Fitness,2582.27,9,0,0,2
1149,P034,Fitness,2273.57,8,1,1,9
1052,P013,Electronics,3550.72,1,0,0,7
1143,P003,Home,3130.68,2,0,1,15
1143,P068,Books,876.08,5,0,0,15
1045,P012,Accessories,265.26,0,0,0,1
1028,P023,Stationery,524.92,7,0,1,2
1130,P036,Accessories,760.81,3,0,0,16
1038,P050,Books,1014.13,5,1,0,8
1009,P016,Fitness,2659.54,0,0,0,15
1083,P014,Books,504.47,13,3,0,1
1056,P051,Home,2867.98,6,0,0,7
1033,P004,Fitness,2522.32,5,0,0,0
1172,P025,Electronics,2901.54,2,0,0,3
1160,P071,Stationery,577.39,5,1,0,5
1033,P021,Home,1244.28,1,1,1,0
1065,P063,Home,3080.28,2,0,0,15
1113,P010,Fitness,2770.64,7,1,0,4
1142,P054,Accessories,659.65,7,1,1,11
1003,P004,Fitness,2522.32,1,0,0,0
1141,P002,Books,1043.27,3,1,0,14
1165,P019,Electronics,1029.98,0,0,1,13
1142,P013,Electronics,3550.72,2,0,0,11
1111,P029,Stationery,604.58,6,0,0,15
1067,P030,Accessories,429.98,1,0,1,6
1093,P004,Fitness,2522.32,5,0,0,0
1029,P023,Stationery,524.92,2,0,0,10
1110,P050,Books,1014.13,8,0,1,11
1137,P047,Stationery,171.82,15,1,0,2
1044,P016,Fitness,2659.54,3,0,0,13
1162,P038,Books,718.93,8,0,0,2
1114,P030,Accessories,429.98,6,2,0,3
1135,P064,Fitness,2745.27,15,1,0,7
1094,P016,Fitness,2659.54,6,0,0,15
1110,P018,Accessories,475.09,6,0,0,11
1059,P051,Home,2867.98,8,0,1,1
1120,P058,Fitness,2533.51,4,0,1,5
1060,P046,Fitness,1839.77,3,0,0,17
1015,P011,Stationery,485.47,5,0,0,12
1057,P034,Fitness,2273.57,5,1,0,16
1172,P008,Books,848.01,11,0,0,3
1055,P003,Home,3130.68,6,0,0,4
1001,P025,Electronics,2901.54,6,0,1,7
1023,P045,Home,2987.24,11,2,0,14
1005,P061,Electronics,1198.66,3,0,0,18
1176,P007,Electronics,3609.79,10,2,0,11
1026,P060,Accessories,1460.29,6,0,1,17
1156,P058,Fitness,2533.51,11,0,0,2
1121,P013,Electronics,3550.72,1,0,0,4
1103,P050,Books,1014.13,0,0,0,15
1084,P061,Electronics,1198.66,1,0,1,5
1171,P064,Fitness,2745.27,10,2,0,2
1139,P063,Home,3080.28,0,0,0,9
1001,P065,Stationery,582.68,1,0,0,7
1123,P023,Stationery,524.92,1,0,0,4
1037,P002,Books,1043.27,5,1,0,2
1101,P027,Home,1914.45,9,1,0,18
1137,P030,Accessories,429.98,2,0,0,2
1087,P044,Books,713.75,9,0,0,14
1123,P043,Electronics,3858.95,5,0,0,4
1154,P023,Stationery,524.92,3,0,0,6
1178,P026,Books,474.39,1,0,1,11
1102,P035,Stationery,475.01,3,0,0,14
1123,P046,Fitness,1839.77,5,1,0,4
1134,P060,Accessories,1460.29,3,1,1,8
1001,P029,Stationery,604.58,1,0,0,7
1177,P007,Electronics,3609.79,1,0,0,11
1012,P050,Books,1014.13,15,1,1,0
1003,P041,Stationery,126.65,4,0,0,0
1012,P007,Electronics,3609.79,1,0,0,0
1034,P032,Books,485.18,2,0,0,2
1061,P014,Books,504.47,4,1,1,13
1092,P065,Stationery,582.68,8,3,0,7
1150,P029,Stationery,604.58,0,0,1,1
1169,P044,Books,713.75,6,2,0,9
1020,P057,Home,2818.36,4,1,0,4
1035,P046,Fitness,1839.77,13,1,0,9
1120,P071,Stationery,577.39,5,0,0,5
1026,P041,Stationery,126.65,7,0,0,17
1074,P051,Home,2867.98,6,0,0,9
1174,P032,Books,485.18,3,0,0,4
1146,P041,Stationery,126.65,11,2,0,15
1115,P037,Electronics,3281.37,5,0,0,13
1027,P044,Books,713.75,0,0,0,14
1035,P066,Accessories,1968.76,2,0,0,9
1022,P032,Books,485.18,2,0,0,8
1049,P015,Home,2456.51,7,0,1,2
1071,P032,Books,485.18,0,0,0,7
1096,P039,Home,1725.83,0,0,0,7
1096,P019,Electronics,1029.98,5,0,0,7
1134,P008,Books,848.01,9,0,0,8
1033,P041,Stationery,126.65,3,0,0,0
1070,P003,Home,3130.68,1,0,0,3
1046,P023,Stationery,524.92,6,1,1,14
1069,P069,Home,1429.77,9,1,0,12
1048,P017,Stationery,163.26,0,0,0,15
1018,P008,Books,848.01,13,1,0,14
1132,P061,Electronics,1198.66,1,0,0,13
1014,P063,Home,3080.28,0,0,0,13
1028,P024,Accessories,647.01,18,2,0,2
1120,P030,Accessories,429.98,5,0,0,5
1007,P063,Home,3080.28,0,0,0,17
1109,P042,Accessories,1972.06,3,0,0,17
1080,P061,Electronics,1198.66,0,0,0,1
1180,P014,Books,504.47,14,1,0,2
1110,P037,Electronics,3281.37,10,1,0,11
1159,P067,Electronics,737.99,5,0,0,17
1119,P036,Accessories,760.81,7,0,0,3
1019,P049,Electronics,1744.32,5,0,0,1
1089,P013,Electronics,3550.72,5,2,0,17
1108,P014,Books,504.47,9,1,0,14
1124,P066,Accessories,1968.76,7,0,0,9
1105,P052,Fitness,2479.62,0,0,0,2
1031,P025,Electronics,2901.54,12,1,0,7
1042,P034,Fitness,2273.57,0,0,0,18
1090,P060,Accessories,1460.29,1,0,0,18
1137,P016,Fitness,2659.54,0,0,0,2
1061,P045,Home,2987.24,3,0,1,13
1070,P010,Fitness,2770.64,1,0,0,3
1045,P062,Books,1040.4,13,1,0,1
1030,P002,Books,1043.27,16,1,0,14
1145,P027,Home,1914.45,8,1,1,17
1090,P025,Electronics,2901.54,14,1,0,18
1089,P024,Accessories,647.01,3,0,0,17
1144,P046,Fitness,1839.77,6,0,0,15
1154,P053,Stationery,637.33,1,0,0,6
1067,P044,Books,713.75,2,0,0,6
1128,P002,Books,1043.27,4,0,0,6
1171,P022,Fitness,1891.11,7,0,0,2
1075,P059,Stationery,331.95,6,0,0,8
1113,P033,Home,410.99,4,0,0,4
1031,P018,Accessories,475.09,6,1,0,7
1059,P025,Electronics,2901.54,3,0,0,1
1116,P043,Electronics,3858.95,9,0,0,4
1093,P058,Fitness,2533.51,4,0,0,0
1135,P048,Accessories,498.52,4,1,0,7
1143,P005,Stationery,309.11,1,0,0,15
1119,P052,Fitness,2479.62,10,0,0,3
1158,P058,Fitness,2533.51,0,0,1,6
1119,P029,Stationery,604.58,11,2,1,3
1136,P011,Stationery,485.47,7,0,1,9
1111,P062,Books,1040.4,1,0,0,15
1095,P021,Home,1244.28,3,0,0,18
1091,P014,Books,504.47,0,0,0,14
1105,P051,Home,2867.98,5,2,0,2
1014,P041,Stationery,126.65,7,0,0,13
1038,P022,Fitness,1891.11,0,0,0,8
1130,P066,Accessories,1968.76,3,0,1,16
1167,P010,Fitness,2770.64,0,0,0,4
1154,P062,Books,1040.4,1,0,0,6
1074,P045,Home,2987.24,3,0,0,9
1054,P071,Stationery,577.39,6,2,1,9
1171,P018,Accessories,475.09,5,2,1,2
1018,P016,Fitness,2659.54,1,0,0,14
1072,P066,Accessories,1968.76,11,1,0,4
1044,P071,Stationery,577.39,8,0,0,13
1085,P005,Stationery,309.11,15,3,1,4
1085,P022,Fitness,1891.11,0,0,0,4
1076,P002,Books,1043.27,2,1,0,12
1026,P056,Books,337.37,6,1,0,17
1087,P059,Stationery,331.95,2,0,0,14
1118,P026,Books,474.39,13,3,0,9
1122,P048,Accessories,498.52,0,0,0,1
1145,P042,Accessories,1972.06,11,0,0,17
1171,P033,Home,410.99,6,0,0,2
1170,P060,Accessories,1460.29,4,0,0,16
1095,P044,Books,713.75,2,0,0,18
1077,P050,Books,1014.13,8,0,0,8
1157,P014,Books,504.47,8,0,0,9
1127,P055,Electronics,1535.83,5,0,0,14
1002,P070,Fitness,2640.88,8,0,0,4
1023,P047,Stationery,171.82,3,0,0,14
1141,P049,Electronics,1744.32,3,0,0,14
1162,P044,Books,713.75,7,2,1,2
1142,P064,Fitness,2745.27,7,0,0,11
1178,P028,Fitness,2582.27,8,0,1,11
1016,P011,Stationery,485.47,5,0,0,6
1137,P024,Accessories,647.01,5,1,0,2
1120,P055,Electronics,1535.83,7,1,1,5
1016,P005,Stationery,309.11,5,0,0,6
1007,P070,Fitness,2640.88,9,0,0,17
1064,P027,Home,1914.45,0,0,0,7
1168,P031,Electronics,2153.69,3,0,1,16
1033,P014,Books,504.47,10,0,0,0
1106,P058,Fitness,2533.51,5,0,0,17
1058,P056,Books,337.37,3,0,0,6
1077,P008,Books,848.01,4,0,0,8
1045,P024,Accessories,647.01,2,0,1,1
1046,P035,Stationery,475.01,0,0,0,14
1103,P046,Fitness,1839.77,13,2,1,15
1168,P012,Accessories,265.26,14,2,0,16
1054,P047,Stationery,171.82,0,0,0,9
1090,P062,Books,1040.4,2,0,0,18
1104,P031,Electronics,2153.69,9,0,0,5
1160,P042,Accessories,1972.06,1,1,0,5
1177,P004,Fitness,2522.32,9,1,0,11
1179,P029,Stationery,604.58,3,0,0,13
1087,P056,Books,337.37,7,0,0,14
1083,P005,Stationery,309.11,4,1,1,1
1113,P048,Accessories,498.52,6,0,1,4
1087,P006,Accessories,557.61,6,0,0,14
1138,P034,Fitness,2273.57,0,0,0,18
1100,P069,Home,1429.77,4,1,1,14
1050,P007,Electronics,3609.79,4,1,0,12
1118,P010,Fitness,2770.64,3,0,0,9
1042,P043,Electronics,3858.95,7,0,0,18
1175,P060,Accessories,1460.29,1,0,0,18
1107,P007,Electronics,3609.79,10,1,0,3
1161,P033,Home,410.99,3,0,0,15
1074,P046,Fitness,1839.77,5,0,0,9
1109,P058,Fitness,2533.51,0,0,0,17
1015,P051,Home,2867.98,10,1,1,12
1112,P014,Books,504.47,10,2,1,11
1142,P047,Stationery,171.82,2,0,0,11
1017,P041,Stationery,126.65,5,0,0,12
1047,P044,Books,713.75,2,0,1,3
1103,P072,Accessories,1934.92,10,1,0,15
1013,P012,Accessories,265.26,2,0,0,10
1105,P072,Accessories,1934.92,5,2,1,2
1006,P040,Fitness,522.24,4,0,0,10
1039,P044,Books,713.75,7,0,0,12
1040,P010,Fitness,2770.64,2,0,0,1
1018,P047,Stationery,171.82,5,0,0,14
1096,P046,Fitness,1839.77,2,1,1,7
1068,P022,Fitness,1891.11,5,0,0,16
1112,P013,Electronics,3550.72,3,0,0,11
1057,P060,Accessories,1460.29,10,3,0,16
1121,P035,Stationery,475.01,1,0,0,4
1132,P058,Fitness,2533.51,3,1,1,13
1149,P046,Fitness,1839.77,5,0,1,9
1030,P059,Stationery,331.95,0,0,0,14
1032,P028,Fitness,2582.27,1,0,0,12
1049,P049,Electronics,1744.32,13,2,0,2
1118,P025,Electronics,2901.54,4,0,0,9
1124,P070,Fitness,2640.88,6,0,0,9
1041,P053,Stationery,637.33,15,1,0,13
1138,P011,Stationery,485.47,1,0,0,18
1164,P025,Electronics,2901.54,6,1,0,1
1030,P015,Home,2456.51,3,0,0,14
1110,P002,Books,1043.27,1,0,0,11
1028,P021,Home,1244.28,3,0,0,2
1150,P043,Electronics,3858.95,1,0,0,1
1154,P051,Home,2867.98,1,0,0,6
1087,P061,Electronics,1198.66,7,0,1,14
1153,P004,Fitness,2522.32,3,0,0,2
1116,P067,Electronics,737.99,8,0,0,4
1129,P036,Accessories,760.81,12,1,0,7
1171,P012,Accessories,265.26,3,0,0,2
1151,P015,Home,2456.51,7,0,0,16
1012,P005,Stationery,309.11,3,0,1,0
1101,P004,Fitness,2522.32,7,1,0,18
1143,P026,Books,474.39,0,0,0,15
1048,P005,Stationery,309.11,3,1,1,15
1084,P001,Electronics,1591.46,0,0,0,5
1001,P050,Books,1014.13,4,0,0,7
1003,P010,Fitness,2770.64,3,0,1,0
1172,P071,Stationery,577.39,1,0,0,3
1137,P061,Electronics,1198.66,10,1,0,2
1011,P007,Electronics,3609.79,14,0,0,1
1020,P063,Home,3080.28,1,0,0,4
1154,P040,Fitness,522.24,9,0,0,6
1025,P066,Accessories,1968.76,4,1,0,9
1169,P016,Fitness,2659.54,2,0,0,9
1013,P065,Stationery,582.68,4,0,1,10
1026,P002,Books,1043.27,7,0,0,17
1161,P055,Electronics,1535.83,8,0,0,15
1079,P025,Electronics,2901.54,11,1,0,6
1036,P064,Fitness,2745.27,8,0,0,4
1171,P042,Accessories,1972.06,6,0,0,2
1069,P027,Home,1914.45,4,0,0,12
1172,P055,Electronics,1535.83,0,0,0,3
1070,P032,Books,485.18,5,1,0,3
1158,P016,Fitness,2659.54,3,0,0,6
1028,P046,Fitness,1839.77,5,0,1,2
1046,P051,Home,2867.98,5,0,0,14
1173,P059,Stationery,331.95,4,0,0,16
1107,P049,Electronics,1744.32,4,0,1,3
1042,P025,Electronics,2901.54,6,1,0,18
1003,P017,Stationery,163.26,3,0,0,0
1008,P023,Stationery,524.92,1,0,0,12
1026,P033,Home,410.99,4,0,0,17
1089,P025,Electronics,2901.54,9,2,0,17
1040,P034,Fitness,2273.57,4,0,0,1
1047,P042,Accessories,1972.06,12,0,0,3
1041,P055,Electronics,1535.83,8,0,1,13
1094,P054,Accessories,659.65,3,0,0,15
1157,P028,Fitness,2582.27,8,0,0,9
1077,P011,Stationery,485.47,6,0,0,8
1045,P014,Books,504.47,9,0,0,1
1102,P036,Accessories,760.81,8,1,0,14
1031,P009,Home,2296.2,5,1,1,7
1128,P007,Electronics,3609.79,14,2,0,6
1075,P064,Fitness,2745.27,13,2,0,8
1105,P001,Electronics,1591.46,0,0,0,2
1120,P061,Electronics,1198.66,4,0,0,5
1103,P014,Books,504.47,0,0,0,15
1123,P010,Fitness,2770.64,14,3,0,4
1136,P013,Electronics,3550.72,9,0,0,9
1020,P062,Books,1040.4,5,2,0,4
1140,P052,Fitness,2479.62,4,1,1,13
1020,P024,Accessories,647.01,0,0,0,4
1099,P052,Fitness,2479.62,4,0,0,16
1143,P017,Stationery,163.26,3,1,1,15
1061,P053,Stationery,637.33,10,1,0,13
1045,P047,Stationery,171.82,8,2,0,1
1072,P029,Stationery,604.58,11,1,0,4
1019,P043,Electronics,3858.95,8,1,1,1
1132,P060,Accessories,1460.29,4,0,1,13
1035,P018,Accessories,475.09,1,0,0,9
1042,P042,Accessories,1972.06,9,0,0,18
1140,P019,Electronics,1029.98,5,0,0,13
1026,P039,Home,1725.83,6,0,0,17
1068,P034,Fitness,2273.57,5,0,0,16
1109,P002,Books,1043.27,7,1,1,17
1165,P039,Home,1725.83,0,0,0,13
1085,P047,Stationery,171.82,13,1,0,4
1031,P028,Fitness,2582.27,5,1,0,7
1077,P065,Stationery,582.68,2,0,0,8
1023,P072,Accessories,1934.92,6,0,0,14
1038,P051,Home,2867.98,4,0,1,8
1147,P024,Accessories,647.01,2,0,0,13
1083,P045,Home,2987.24,7,1,0,1
1007,P016,Fitness,2659.54,8,0,1,17
1136,P028,Fitness,2582.27,4,1,0,9
1124,P054,Accessories,659.65,0,0,0,9
1152,P033,Home,410.99,4,0,1,11
1136,P019,Electronics,1029.98,9,1,1,9
1125,P059,Stationery,331.95,12,0,0,13
1136,P035,Stationery,475.01,4,0,0,9
1130,P024,Accessories,647.01,0,0,0,16
1054,P021,Home,1244.28,10,0,0,9
1004,P014,Books,504.47,14,4,0,18
1097,P056,Books,337.37,0,0,0,17
1020,P066,Accessories,1968.76,0,0,0,4
1140,P062,Books,1040.4,12,1,1,13
1075,P060,Accessories,1460.29,3,0,0,8
1141,P040,Fitness,522.24,7,0,0,14
1033,P033,Home,410.99,4,2,0,0
1017,P052,Fitness,2479.62,4,0,0,12
1035,P052,Fitness,2479.62,13,0,0,9
1131,P056,Books,337.37,9,2,0,16
1104,P059,Stationery,331.95,4,0,0,5
1174,P045,Home,2987.24,8,0,0,4
1157,P040,Fitness,522.24,0,0,0,9
1124,P050,Books,1014.13,6,1,0,9
1073,P060,Accessories,1460.29,2,0,0,0
1145,P003,Home,3130.68,4,0,0,17
1047,P039,Home,1725.83,2,0,0,3
1091,P022,Fitness,1891.11,1,0,0,14
1155,P069,Home,1429.77,3,0,1,5
1159,P037,Electronics,3281.37,11,0,0,17
1130,P015,Home,2456.51,5,2,0,16
1007,P014,Books,504.47,0,0,1,17
1159,P008,Books,848.01,3,0,0,17
1042,P062,Books,1040.4,12,1,1,18
1051,P034,Fitness,2273.57,1,0,0,18
1028,P060,Accessories,1460.29,11,1,1,2
1063,P058,Fitness,2533.51,9,1,0,10
1175,P063,Home,3080.28,4,0,0,18
1024,P058,Fitness,2533.51,4,0,0,8
1127,P005,Stationery,309.11,8,0,0,14
1041,P026,Books,474.39,6,1,0,13
1176,P027,Home,1914.45,0,0,0,11
1091,P010,Fitness,2770.64,4,0,0,14
1099,P013,Electronics,3550.72,3,0,0,16
1090,P064,Fitness,2745.27,4,2,1,18
1004,P025,Electronics,2901.54,6,1,0,18
1018,P063,Home,3080.28,7,2,1,14
1125,P024,Accessories,647.01,1,0,1,13
1044,P072,Accessories,1934.92,13,2,0,13
1085,P006,Accessories,557.61,0,0,0,4
1073,P049,Electronics,1744.32,4,0,0,0
1045,P060,Accessories,1460.29,5,1,0,1
1125,P032,Books,485.18,4,0,0,13
1068,P049,Electronics,1744.32,2,0,0,16
1135,P041,Stationery,126.65,4,0,0,7
1148,P034,Fitness,2273.57,0,0,0,16
1105,P015,Home,2456.51,6,2,0,2
1012,P039,Home,1725.83,4,1,0,0
1154,P024,Accessories,647.01,1,0,0,6
1125,P017,Stationery,163.26,6,1,0,13
1001,P013,Electronics,3550.72,8,1,1,7
1033,P063,Home,3080.28,1,0,0,0
1108,P071,Stationery,577.39,7,1,0,14
1178,P022,Fitness,1891.11,2,0,0,11
1144,P042,Accessories,1972.06,3,0,0,15
1029,P044,Books,713.75,2,0,0,10
1100,P026,Books,474.39,7,1,0,14
1062,P064,Fitness,2745.27,0,0,0,10
1022,P005,Stationery,309.11,1,0,0,8
1016,P049,Electronics,1744.32,0,0,0,6
1107,P071,Stationery,577.39,0,0,1,3
1068,P058,Fitness,2533.51,11,0,1,16
1035,P013,Electronics,3550.72,4,0,0,9
1055,P053,Stationery,637.33,4,0,0,4
1154,P034,Fitness,2273.57,4,0,0,6
1038,P071,Stationery,577.39,3,0,0,8
1118,P038,Books,718.93,9,0,0,9
1081,P051,Home,2867.98,4,0,1,1
1136,P044,Books,713.75,5,0,0,9
1111,P001,Electronics,1591.46,6,1,0,15
1138,P007,Electronics,3609.79,9,1,0,18
1083,P032,Books,485.18,5,1,0,1
1134,P048,Accessories,498.52,3,0,0,8
1146,P023,Stationery,524.92,9,1,1,15
1069,P016,Fitness,2659.54,0,0,0,12
1054,P057,Home,2818.36,3,0,0,9
1061,P062,Books,1040.4,8,0,0,13
1173,P033,Home,410.99,2,1,1,16
1128,P069,Home,1429.77,4,0,0,6
1136,P047,Stationery,171.82,12,2,1,9
1158,P050,Books,1014.13,15,1,1,6
1088,P016,Fitness,2659.54,9,0,0,12
1144,P037,Electronics,3281.37,3,0,0,15
1151,P055,Electronics,1535.83,7,0,1,16
1003,P009,Home,2296.2,8,0,1,0
1125,P029,Stationery,604.58,8,0,0,13
1178,P046,Fitness,1839.77,4,1,1,11
1174,P065,Stationery,582.68,1,0,0,4
1119,P012,Accessories,265.26,9,1,0,3
1090,P031,Electronics,2153.69,12,2,0,18
1011,P041,Stationery,126.65,3,1,0,1
1154,P061,Electronics,1198.66,7,2,0,6
1173,P046,Fitness,1839.77,10,1,1,16
1174,P056,Books,337.37,2,0,0,4
1145,P072,Accessories,1934.92,5,0,0,17
1064,P063,Home,3080.28,4,0,0,7
1087,P028,Fitness,2582.27,12,1,0,14
1008,P022,Fitness,1891.11,4,0,0,12
1125,P060,Accessories,1460.29,4,0,0,13
1126,P020,Books,720.24,1,0,0,0
1163,P011,Stationery,485.47,8,0,0,12
1178,P070,Fitness,2640.88,8,2,0,11
1138,P023,Stationery,524.92,7,0,0,18
1035,P043,Electronics,3858.95,4,1,0,9
1061,P031,Electronics,2153.69,7,0,0,13
1109,P063,Home,3080.28,3,0,0,17
1120,P059,Stationery,331.95,11,1,0,5
1018,P029,Stationery,604.58,4,0,0,14
1062,P051,Home,2867.98,4,0,1,10
1149,P024,Accessories,647.01,10,1,1,9
1095,P016,Fitness,2659.54,7,0,0,18
1098,P051,Home,2867.98,0,0,0,4
1168,P035,Stationery,475.01,12,1,1,16
1075,P002,Books,1043.27,7,0,0,8
1032,P032,Books,485.18,5,1,0,12
1038,P009,Home,2296.2,5,1,0,8
1130,P060,Accessories,1460.29,3,0,1,16
1144,P060,Accessories,1460.29,8,1,0,15
1108,P053,Stationery,637.33,10,0,0,14
1027,P037,Electronics,3281.37,0,0,0,14
1009,P005,Stationery,309.11,8,0,0,15
1179,P019,Electronics,1029.98,14,0,1,13
1083,P062,Books,1040.4,10,1,0,1
1081,P067,Electronics,737.99,9,1,1,1
1017,P026,Books,474.39,2,0,0,12
1034,P009,Home,2296.2,5,1,0,2
1022,P003,Home,3130.68,3,0,0,8
1008,P035,Stationery,475.01,2,0,0,12
1053,P048,Accessories,498.52,4,0,0,1
1158,P007,Electronics,3609.79,6,0,0,6
1155,P048,Accessories,498.52,8,1,1,5
1019,P037,Electronics,3281.37,6,0,0,1
1020,P046,Fitness,1839.77,1,0,0,4
1046,P004,Fitness,2522.32,3,0,0,14
1067,P026,Books,474.39,8,1,0,6
1004,P063,Home,3080.28,6,0,0,18
1176,P047,Stationery,171.82,6,0,0,11
1175,P025,Electronics,2901.54,1,0,0,18
1163,P047,Stationery,171.82,5,1,0,12
1133,P025,Electronics,2901.54,1,0,0,0
1032,P052,Fitness,2479.62,4,0,1,12
1018,P046,Fitness,1839.77,4,1,0,14
1141,P018,Accessories,475.09,6,0,0,14
1031,P035,Stationery,475.01,1,0,0,7
1164,P009,Home,2296.2,1,0,0,1
1069,P004,Fitness,2522.32,1,0,1,12
1171,P060,Accessories,1460.29,2,0,0,2
1177,P018,Accessories,475.09,3,1,1,11
1117,P067,Electronics,737.99,3,0,0,15
1174,P042,Accessories,1972.06,6,1,0,4
1098,P066,Accessories,1968.76,1,0,0,4
1074,P015,Home,2456.51,2,0,0,9
1046,P048,Accessories,498.52,7,0,0,14
1144,P026,Books,474.39,11,2,1,15
1013,P040,Fitness,522.24,6,3,1,10
1059,P001,Electronics,1591.46,3,0,0,1
1179,P071,Stationery,577.39,4,1,0,13
1093,P070,Fitness,2640.88,6,1,0,0
1162,P053,Stationery,637.33,2,0,0,2
1129,P063,Home,3080.28,9,0,1,7
1175,P034,Fitness,2273.57,12,2,0,18
1093,P039,Home,1725.83,0,0,0,0
1052,P041,Stationery,126.65,5,0,0,7
1105,P005,Stationery,309.11,2,0,0,2
1019,P066,Accessories,1968.76,5,1,1,1
1093,P040,Fitness,522.24,7,1,0,0
1050,P017,Stationery,163.26,15,3,0,12
1017,P040,Fitness,522.24,7,0,1,12
1173,P064,Fitness,2745.27,9,2,0,16
1159,P014,Books,504.47,0,0,0,17
1087,P049,Electronics,1744.32,4,0,0,14
1113,P029,Stationery,604.58,3,1,1,4
1092,P037,Electronics,3281.37,13,1,0,7
1135,P008,Books,848.01,7,1,0,7
1126,P037,Electronics,3281.37,3,0,0,0
1088,P035,Stationery,475.01,2,0,0,12
1088,P004,Fitness,2522.32,8,0,0,12
1169,P048,Accessories,498.52,1,0,0,9
1172,P014,Books,504.47,16,2,0,3
1062,P036,Accessories,760.81,4,1,0,10
1031,P030,Accessories,429.98,1,0,0,7
1051,P011,Stationery,485.47,8,1,0,18
1074,P064,Fitness,2745.27,4,0,0,9
1130,P055,Electronics,1535.83,8,1,1,16
1138,P046,Fitness,1839.77,0,0,0,18
1072,P018,Accessories,475.09,11,3,0,4
1104,P058,Fitness,2533.51,16,0,1,5
1146,P037,Electronics,3281.37,2,0,0,15
1055,P030,Accessories,429.98,13,1,1,4
1097,P050,Books,1014.13,6,0,0,17
1044,P022,Fitness,1891.11,3,1,0,13
1105,P020,Books,720.24,10,0,1,2
1083,P004,Fitness,2522.32,10,1,0,1
1150,P062,Books,1040.4,10,1,0,1
1135,P004,Fitness,2522.32,10,2,1,7
1105,P022,Fitness,1891.11,0,0,0,2
1125,P045,Home,2987.24,1,0,0,13
1041,P038,Books,718.93,7,2,0,13
1008,P005,Stationery,309.11,2,0,1,12
1070,P011,Stationery,485.47,13,1,0,3
1056,P070,Fitness,2640.88,5,0,0,7
1170,P007,Electronics,3609.79,0,0,0,16
1160,P070,Fitness,2640.88,9,1,1,5
1030,P046,Fitness,1839.77,3,0,0,14
1031,P050,Books,1014.13,3,0,0,7
1112,P026,Books,474.39,7,2,0,11
1165,P070,Fitness,2640.88,0,0,0,13
1098,P058,Fitness,2533.51,6,0,0,4
1021,P061,Electronics,1198.66,10,3,0,15
1036,P038,Books,718.93,14,3,1,4
1141,P026,Books,474.39,0,0,0,14
1128,P064,Fitness,2745.27,0,0,0,6
1041,P004,Fitness,2522.32,4,1,0,13
1085,P019,Electronics,1029.98,9,1,0,4
1130,P062,Books,1040.4,0,0,0,16
1081,P053,Stationery,637.33,4,1,1,1
1134,P025,Electronics,2901.54,0,0,0,8
1067,P037,Electronics,3281.37,7,1,1,6
1178,P047,Stationery,171.82,13,3,0,11
1077,P032,Books,485.18,4,0,0,8
1180,P060,Accessories,1460.29,6,0,0,2
1171,P016,Fitness,2659.54,13,1,0,2
1138,P063,Home,3080.28,6,0,0,18
1129,P014,Books,504.47,1,0,0,7
1142,P024,Accessories,647.01,0,0,0,11
1061,P015,Home,2456.51,3,0,0,13
1055,P013,Electronics,3550.72,3,0,0,4
1026,P011,Stationery,485.47,0,0,0,17
1064,P005,Stationery,309.11,0,0,0,7
1175,P002,Books,1043.27,3,0,0,18
1043,P060,Accessories,1460.29,0,0,0,15
1066,P054,Accessories,659.65,0,0,0,5
1042,P067,Electronics,737.99,0,0,0,18
1086,P058,Fitness,2533.51,5,0,0,6
1131,P029,Stationery,604.58,5,0,0,16
1100,P015,Home,2456.51,8,0,0,14
1070,P025,Electronics,2901.54,7,1,0,3
1098,P032,Books,485.18,4,1,1,4
1131,P036,Accessories,760.81,1,0,1,16
1121,P038,Books,718.93,5,0,0,4
1167,P014,Books,504.47,1,0,0,4
1009,P019,Electronics,1029.98,0,0,0,15
1045,P071,Stationery,577.39,4,0,0,1
1094,P032,Books,485.18,8,2,0,15
1066,P051,Home,2867.98,1,0,0,5
1129,P037,Electronics,3281.37,5,1,0,7
1177,P017,Stationery,163.26,3,0,0,11
1078,P056,Books,337.37,5,0,0,16
1033,P022,Fitness,1891.11,4,0,0,0
1083,P035,Stationery,475.01,4,0,0,1
1116,P041,Stationery,126.65,5,0,0,4
1147,P055,Electronics,1535.83,8,0,0,13
1003,P065,Stationery,582.68,6,0,0,0
1167,P061,Electronics,1198.66,5,1,1,4
1143,P014,Books,504.47,4,0,0,15
1001,P032,Books,485.18,7,0,0,7
1125,P009,Home,2296.2,3,0,0,13
1105,P034,Fitness,2273.57,0,0,0,2
1172,P015,Home,2456.51,2,0,0,3
1036,P066,Accessories,1968.76,2,0,0,4
1106,P025,Electronics,2901.54,13,1,0,17
1011,P012,Accessories,265.26,7,1,0,1
1171,P043,Electronics,3858.95,4,0,0,2
1142,P002,Books,1043.27,6,1,0,11
1133,P056,Books,337.37,11,0,0,0
1159,P010,Fitness,2770.64,0,0,0,17
1008,P033,Home,410.99,1,0,0,12
1039,P053,Stationery,637.33,2,0,0,12
1131,P068,Books,876.08,13,1,0,16
1165,P020,Books,720.24,0,0,0,13
1097,P067,Electronics,737.99,8,1,0,17
1102,P052,Fitness,2479.62,16,0,0,14
1157,P010,Fitness,2770.64,0,0,0,9
1027,P018,Accessories,475.09,0,0,0,14
1013,P017,Stationery,163.26,3,1,1,10
1153,P066,Accessories,1968.76,13,2,0,2
1005,P048,Accessories,498.52,16,3,0,18
1083,P009,Home,2296.2,5,0,0,1
1169,P062,Books,1040.4,1,0,0,9
1171,P037,Electronics,3281.37,1,0,0,2
1161,P046,Fitness,1839.77,1,0,0,15
1117,P063,Home,3080.28,0,0,0,15
1075,P028,Fitness,2582.27,10,5,0,8
1121,P047,Stationery,171.82,4,0,0,4
1012,P001,Electronics,1591.46,4,0,0,0
1155,P040,Fitness,522.24,6,0,0,5
1057,P041,Stationery,126.65,3,0,1,16
1164,P013,Electronics,3550.72,5,1,0,1
1022,P063,Home,3080.28,10,2,1,8
1097,P051,Home,2867.98,11,1,0,17
1176,P036,Accessories,760.81,0,0,0,11
1127,P018,Accessories,475.09,11,3,1,14
1107,P042,Accessories,1972.06,2,0,0,3
1008,P011,Stationery,485.47,2,0,0,12
1081,P033,Home,410.99,1,0,0,1
1075,P045,Home,2987.24,1,0,0,8
1082,P025,Electronics,2901.54,4,0,0,14
1155,P015,Home,2456.51,3,0,0,5
1022,P018,Accessories,475.09,6,0,0,8
1123,P051,Home,2867.98,7,0,0,4
1015,P016,Fitness,2659.54,3,0,0,12
1162,P035,Stationery,475.01,0,0,0,2
1056,P003,Home,3130.68,5,2,0,7
1156,P062,Books,1040.4,7,0,0,2
1148,P009,Home,2296.2,7,0,0,16
1131,P019,Electronics,1029.98,3,0,0,16
1101,P048,Accessories,498.52,8,2,0,18
1035,P020,Books,720.24,2,1,0,9
1177,P019,Electronics,1029.98,5,0,0,11
1141,P046,Fitness,1839.77,15,3,0,14
1117,P066,Accessories,1968.76,3,0,0,15
1032,P055,Electronics,1535.83,10,0,1,12
1095,P067,Electronics,737.99,2,0,1,18
1090,P040,Fitness,522.24,4,0,1,18
1025,P018,Accessories,475.09,2,0,0,9
1166,P008,Books,848.01,4,0,0,12
1019,P016,Fitness,2659.54,0,0,0,1
1002,P042,Accessories,1972.06,5,1,0,4
1161,P011,Stationery,485.47,13,0,0,15
1063,P028,Fitness,2582.27,6,0,0,10
1092,P070,Fitness,2640.88,0,0,0,7
1156,P055,Electronics,1535.83,2,0,0,2
1040,P012,Accessories,265.26,2,0,0,1
1053,P014,Books,504.47,8,2,0,1
1017,P016,Fitness,2659.54,8,1,0,12
1037,P045,Home,2987.24,12,4,0,2
1012,P055,Electronics,1535.83,2,1,1,0
1119,P054,Accessories,659.65,5,0,0,3
1030,P047,Stationery,171.82,0,0,0,14
1005,P065,Stationery,582.68,12,3,1,18
1145,P021,Home,1244.28,4,0,0,17
1043,P021,Home,1244.28,6,0,0,15
1162,P017,Stationery,163.26,0,0,0,2
1165,P002,Books,1043.27,4,0,0,13
1024,P051,Home,2867.98,1,0,0,8
1135,P070,Fitness,2640.88,10,2,1,7
1133,P071,Stationery,577.39,4,0,0,0
1139,P032,Books,485.18,5,0,0,9
1041,P052,Fitness,2479.62,3,1,0,13
1146,P064,Fitness,2745.27,5,0,0,15
1011,P001,Electronics,1591.46,15,0,0,1
1118,P035,Stationery,475.01,3,0,0,9
1056,P061,Electronics,1198.66,4,0,0,7
1079,P065,Stationery,582.68,13,0,0,6
1164,P006,Accessories,557.61,6,0,0,1
1108,P061,Electronics,1198.66,1,0,0,14
1077,P015,Home,2456.51,6,0,0,8
1135,P047,Stationery,171.82,2,0,0,7
1137,P055,Electronics,1535.83,8,0,0,2
1138,P004,Fitness,2522.32,5,0,0,18
1180,P027,Home,1914.45,6,0,0,2
1044,P070,Fitness,2640.88,7,0,0,13
1155,P028,Fitness,2582.27,5,1,0,5
1174,P006,Accessories,557.61,10,1,0,4
1003,P058,Fitness,2533.51,4,0,0,0
1040,P024,Accessories,647.01,2,0,0,1
1043,P009,Home,2296.2,8,2,0,15
1174,P063,Home,3080.28,6,1,0,4
1090,P037,Electronics,3281.37,9,0,0,18
1167,P029,Stationery,604.58,7,1,0,4
1070,P045,Home,2987.24,7,0,0,3
1066,P041,Stationery,126.65,11,2,0,5
1173,P062,Books,1040.4,4,1,1,16
1009,P013,Electronics,3550.72,1,0,1,15
1084,P070,Fitness,2640.88,9,1,0,5
1085,P068,Books,876.08,3,0,0,4
1075,P044,Books,713.75,4,0,0,8
1099,P048,Accessories,498.52,5,0,1,16
1179,P048,Accessories,498.52,6,1,1,13
1151,P006,Accessories,557.61,5,1,1,16
1110,P009,Home,2296.2,4,0,0,11
1056,P013,Electronics,3550.72,3,0,0,7
1101,P023,Stationery,524.92,0,0,0,18
1101,P021,Home,1244.28,6,0,0,18
1153,P060,Accessories,1460.29,14,3,0,2
1013,P031,Electronics,2153.69,1,0,0,10
1001,P057,Home,2818.36,3,0,0,7
1135,P052,Fitness,2479.62,13,2,1,7
1031,P041,Stationery,126.65,4,0,0,7
1040,P049,Electronics,1744.32,0,0,0,1
1007,P056,Books,337.37,5,0,0,17
1012,P053,Stationery,637.33,0,0,0,0
1172,P032,Books,485.18,14,2,0,3
1050,P050,Books,1014.13,6,1,0,12
1144,P066,Accessories,1968.76,0,0,0,15
1149,P020,Books,720.24,2,0,0,9
1171,P059,Stationery,331.95,4,0,0,2
1151,P067,Electronics,737.99,4,0,0,16
1111,P038,Books,718.93,0,0,0,15
1155,P005,Stationery,309.11,6,0,0,5
1013,P062,Books,1040.4,5,0,0,10
1047,P038,Books,718.93,6,0,0,3
1077,P051,Home,2867.98,7,0,0,8
1060,P066,Accessories,1968.76,0,0,0,17
1025,P025,Electronics,2901.54,8,1,0,9
1013,P050,Books,1014.13,8,1,1,10
1079,P040,Fitness,522.24,4,2,1,6
1165,P009,Home,2296.2,7,0,0,13
1158,P044,Books,713.75,10,2,0,6
1080,P038,Books,718.93,4,0,0,1
1082,P004,Fitness,2522.32,6,0,0,14
1164,P043,Electronics,3858.95,6,0,0,1
1059,P065,Stationery,582.68,0,0,0,1
1170,P061,Electronics,1198.66,6,1,0,16
1171,P026,Books,474.39,10,0,0,2
1178,P020,Books,720.24,3,0,0,11
1054,P045,Home,2987.24,8,0,0,9
1002,P043,Electronics,3858.95,9,1,0,4
1024,P067,Electronics,737.99,4,0,0,8
1064,P066,Accessories,1968.76,13,3,1,7
1052,P036,Accessories,760.81,5,1,0,7
1151,P009,Home,2296.2,10,0,0,16
1086,P008,Books,848.01,2,0,0,6
1139,P060,Accessories,1460.29,2,0,0,9
1180,P056,Books,337.37,18,3,0,2
1052,P002,Books,1043.27,1,0,1,7
1145,P068,Books,876.08,6,0,0,17
1180,P064,Fitness,2745.27,5,0,0,2
1153,P044,Books,713.75,0,0,0,2
1169,P072,Accessories,1934.92,8,0,0,9
1091,P072,Accessories,1934.92,1,0,1,14
1153,P021,Home,1244.28,6,0,0,2
1014,P066,Accessories,1968.76,5,0,1,13
1029,P041,Stationery,126.65,0,0,1,10
1160,P033,Home,410.99,0,0,0,5
1042,P039,Home,1725.83,1,0,0,18
1048,P035,Stationery,475.01,1,0,0,15
1044,P036,Accessories,760.81,12,2,1,13
1106,P051,Home,2867.98,0,0,0,17
1071,P038,Books,718.93,9,2,0,7
1172,P050,Books,1014.13,7,1,1,3
1151,P047,Stationery,171.82,3,0,0,16
1143,P066,Accessories,1968.76,0,0,0,15
1020,P006,Accessories,557.61,2,1,0,4
1148,P072,Accessories,1934.92,9,2,1,16
1151,P016,Fitness,2659.54,6,0,0,16
1154,P046,Fitness,1839.77,7,1,0,6
1093,P047,Stationery,171.82,6,0,0,0
1148,P062,Books,1040.4,0,0,0,16
1108,P069,Home,1429.77,7,0,1,14
1127,P062,Books,1040.4,9,0,0,14
1047,P055,Electronics,1535.83,13,1,0,3
1132,P016,Fitness,2659.54,10,0,1,13
1007,P041,Stationery,126.65,3,1,1,17
1136,P031,Electronics,2153.69,11,0,0,9
1023,P033,Home,410.99,12,2,0,14
1005,P039,Home,1725.83,7,0,0,18
1002,P005,Stationery,309.11,4,0,0,4
1012,P045,Home,2987.24,5,0,0,0
1131,P020,Books,720.24,12,0,0,16
1116,P050,Books,1014.13,1,0,0,4
1176,P032,Books,485.18,9,0,0,11
1061,P061,Electronics,1198.66,0,0,0,13
1034,P006,Accessories,557.61,4,0,0,2
1092,P043,Electronics,3858.95,12,0,0,7
1045,P018,Accessories,475.09,6,1,0,1
1050,P028,Fitness,2582.27,4,0,1,12
1046,P037,Electronics,3281.37,12,1,0,14
1053,P003,Home,3130.68,0,0,0,1
1146,P021,Home,1244.28,7,1,0,15
1058,P015,Home,2456.51,5,1,0,6
1120,P033,Home,410.99,5,0,1,5
1059,P058,Fitness,2533.51,8,4,1,1
1046,P044,Books,713.75,0,0,0,14
1137,P020,Books,720.24,4,1,0,2
1120,P067,Electronics,737.99,0,0,0,5
